datetime,Berlin,Cologne,Dortmund,Düsseldorf,Essen,Frankfurt,Hamburg,Leipzig,Munich,Stuttgart
2022-07-15 00:05:00,0.0,0.0,0.0,0.0,0.0,0.0,0.0,0.0,0.0,0.0
2022-07-15 00:10:00,0.0,0.0,0.0,0.0,0.0,0.0,0.0,0.0,0.0,0.0
2022-07-15 00:15:00,0.0,0.0,0.0,0.0,0.0,0.0,0.0,0.0,0.0,0.0
2022-07-15 00:20:00,0.0,0.0,0.0,0.0,0.0,0.0,0.0,0.0,0.0,0.0
2022-07-15 00:25:00,0.0,0.0,0.0,0.0,0.0,0.0,0.0,0.0,0.0,0.0
2022-07-15 00:30:00,0.0,0.0,0.0,0.0,0.0,0.0,0.0,0.0,0.0,0.0
2022-07-15 00:35:00,0.0,0.0,0.0,0.0,0.0,0.0,0.0,0.0,0.0,0.0
2022-07-15 00:40:00,0.0,0.0,0.0,0.0,0.0,0.0,0.0,0.0,0.0,0.0
2022-07-15 00:45:00,0.0,0.0,0.0,0.0,0.0,0.0,0.0,0.0,0.0,0.0
2022-07-15 00:50:00,0.0,0.0,0.0,0.0,0.0,0.0,0.0,0.0,0.0,0.0
2022-07-15 00:55:00,0.0,0.0,0.0,0.0,0.0,0.0,0.0,0.0,0.0,0.0
2022-07-15 01:00:00,0.0,0.0,0.0,0.0,0.0,0.0,0.0,0.0,0.0,0.0
2022-07-15 01:05:00,0.0,0.0,0.0,0.0,0.0,0.0,0.0,0.0,0.0,0.0
2022-07-15 01:10:00,0.0,0.0,0.0,0.0,0.0,0.0,0.0,0.0,0.0,0.0
2022-07-15 01:15:00,0.0,0.0,0.0,0.0,0.0,0.0,0.0,0.0,0.0,0.0
2022-07-15 01:20:00,0.0,0.0,0.0,0.0,0.0,0.0,0.0,0.0,0.0,0.0
2022-07-15 01:25:00,0.0,0.0,0.0,0.0,0.0,0.0,0.0,0.0,0.0,0.0
2022-07-15 01:30:00,0.0,0.0,0.0,0.0,0.0,0.0,0.0,0.0,0.0,0.0
2022-07-15 01:35:00,0.0,0.0,0.0,0.0,0.0,0.0,0.0,0.0,0.0,0.0
2022-07-15 01:40:00,0.0,0.0,0.0,0.0,0.0,0.0,0.0,0.0,0.0,0.0
2022-07-15 01:45:00,0.0,0.0,0.0,0.0,0.0,0.0,0.0,0.0,0.0,0.0
2022-07-15 01:50:00,0.0,0.0,0.0,0.0,0.0,0.0,0.0,0.0,0.0,0.0
2022-07-15 01:55:00,0.0,0.0,0.0,0.0,0.0,0.0,0.0,0.0,0.0,0.0
2022-07-15 02:00:00,0.0,0.0,0.0,0.0,0.0,0.0,0.0,0.0,0.0,0.0
2022-07-15 02:05:00,0.0,0.0,0.0,0.0,0.0,0.0,0.0,0.0,0.0,0.0
2022-07-15 02:10:00,0.0,0.0,0.0,0.0,0.0,0.0,0.0,0.0,0.0,0.0
2022-07-15 02:15:00,0.0,0.0,0.0,0.0,0.0,0.0,0.0,0.0,0.0,0.0
2022-07-15 02:20:00,0.0,0.0,0.0,0.0,0.0,0.0,0.0,0.0,0.0,0.0
2022-07-15 02:25:00,0.0,0.0,0.0,0.0,0.0,0.0,0.0,0.0,0.0,0.0
2022-07-15 02:30:00,0.0,0.0,0.0,0.0,0.0,0.0,0.0,0.0,0.0,0.0
2022-07-15 02:35:00,0.0,0.0,0.0,0.0,0.0,0.0,0.0,0.0,0.0,0.0
2022-07-15 02:40:00,0.0,0.0,0.0,0.0,0.0,0.0,0.0,0.0,0.0,0.0
2022-07-15 02:45:00,0.0,0.0,0.0,0.0,0.0,0.0,0.0,0.0,0.0,0.0
2022-07-15 02:50:00,0.0,0.0,0.0,0.0,0.0,0.0,0.0,0.0,0.0,0.0
2022-07-15 02:55:00,0.0,0.0,0.0,0.0,0.0,0.0,0.0,0.0,0.0,0.0
2022-07-15 03:00:00,0.0,0.0,0.0,0.0,0.0,0.0,0.0,0.0,0.0,0.0
2022-07-15 03:05:00,0.0,0.0,0.0,0.0,0.0,0.0,0.0,0.0,0.0,0.0
2022-07-15 03:10:00,0.0,0.0,0.0,0.0,0.0,0.0,0.0,0.0,0.0,0.0
2022-07-15 03:15:00,0.00058,0.0,0.0,0.0,0.0,0.0,0.0,0.0,0.0,0.0
2022-07-15 03:20:00,0.002437,0.0,0.0,0.0,0.0,0.0,0.0,0.0,0.0,0.0
2022-07-15 03:25:00,0.005085,0.0,0.0,0.0,0.0,0.0,0.0,0.0,0.0,0.0
2022-07-15 03:30:00,0.008199,0.0,0.0,0.0,0.0,0.0,0.0,0.00307,0.0,0.0
2022-07-15 03:35:00,0.011466,0.0,0.0,0.0,0.0,0.0,0.002664,0.006652,0.0,0.0
2022-07-15 03:40:00,0.014732,0.0,0.0,0.0,0.0,0.0,0.005749,0.010217,0.000345,0.0
2022-07-15 03:45:00,0.017995,0.0,0.000647,0.0,0.0,0.0,0.009048,0.013856,0.002164,0.0
2022-07-15 03:50:00,0.020974,0.0,0.002509,0.000352,0.001915,0.001866,0.012298,0.017472,0.004566,0.0
2022-07-15 03:55:00,0.023268,0.000689,0.004885,0.002125,0.0049,0.004928,0.015661,0.020722,0.007679,0.003184
2022-07-15 04:00:00,0.025271,0.003058,0.007682,0.004043,0.008299,0.008667,0.019104,0.023721,0.011429,0.007379
2022-07-15 04:05:00,0.026504,0.00648,0.010654,0.006728,0.011768,0.012799,0.021752,0.025935,0.014705,0.011637
2022-07-15 04:10:00,0.02752,0.010686,0.013837,0.010459,0.015331,0.017053,0.023502,0.028205,0.017328,0.016188
2022-07-15 04:15:00,0.028563,0.0154,0.017056,0.014935,0.01906,0.0212,0.024981,0.030725,0.019762,0.020449
2022-07-15 04:20:00,0.02897,0.01911,0.019998,0.018086,0.02309,0.02513,0.026644,0.032411,0.02166,0.024888
2022-07-15 04:25:00,0.029495,0.021285,0.022204,0.020034,0.027534,0.028658,0.029773,0.033556,0.023493,0.029349
2022-07-15 04:30:00,0.030199,0.0224,0.024143,0.020936,0.032247,0.032426,0.033394,0.034431,0.025361,0.033579
2022-07-15 04:35:00,0.031821,0.023373,0.027489,0.022504,0.036978,0.036853,0.036624,0.035562,0.030091,0.035558
2022-07-15 04:40:00,0.034866,0.025146,0.033831,0.02536,0.041648,0.042119,0.039297,0.037968,0.038437,0.034849
2022-07-15 04:45:00,0.039381,0.027688,0.042629,0.029382,0.046129,0.04747,0.041508,0.041232,0.048221,0.032452
2022-07-15 04:50:00,0.045772,0.02893,0.050679,0.035854,0.050826,0.052873,0.043897,0.044467,0.056072,0.031103
2022-07-15 04:55:00,0.056326,0.029112,0.05591,0.044403,0.05598,0.058035,0.046908,0.047428,0.062219,0.03233
2022-07-15 05:00:00,0.070541,0.029004,0.05838,0.054184,0.061472,0.063178,0.050037,0.050341,0.067282,0.035153
2022-07-15 05:05:00,0.085336,0.034201,0.057566,0.062728,0.067194,0.068186,0.052107,0.05299,0.072478,0.037734
2022-07-15 05:10:00,0.096921,0.046804,0.053545,0.069138,0.073265,0.07335,0.05278,0.055335,0.07852,0.039006
2022-07-15 05:15:00,0.107133,0.063097,0.048282,0.074075,0.079278,0.078787,0.052641,0.057559,0.086047,0.039431
2022-07-15 05:20:00,0.117576,0.073349,0.043209,0.078244,0.084947,0.084714,0.050912,0.060438,0.092172,0.041308
2022-07-15 05:25:00,0.127523,0.072779,0.041905,0.081533,0.090114,0.091623,0.04787,0.064756,0.097581,0.047469
2022-07-15 05:30:00,0.136356,0.065784,0.045932,0.084579,0.096026,0.098894,0.044684,0.06992,0.103505,0.056153
2022-07-15 05:35:00,0.144554,0.065179,0.052644,0.090084,0.101082,0.10647,0.044793,0.074651,0.110443,0.065578
2022-07-15 05:40:00,0.152816,0.077534,0.063134,0.098436,0.105861,0.114341,0.049578,0.078648,0.116228,0.075513
2022-07-15 05:45:00,0.161447,0.098415,0.075801,0.10906,0.111577,0.122476,0.057177,0.082431,0.119211,0.086266
2022-07-15 05:50:00,0.166961,0.118031,0.088981,0.113118,0.11414,0.130034,0.068487,0.087226,0.123636,0.098701
2022-07-15 05:55:00,0.174268,0.131349,0.101823,0.111716,0.115758,0.135557,0.08194,0.094382,0.135247,0.112926
2022-07-15 06:00:00,0.188281,0.140508,0.115011,0.111628,0.118981,0.138947,0.096304,0.103168,0.153718,0.128181
2022-07-15 06:05:00,0.208801,0.148749,0.131034,0.119069,0.127174,0.144972,0.11188,0.114185,0.173183,0.143631
2022-07-15 06:10:00,0.227976,0.157178,0.149045,0.132639,0.140032,0.155055,0.126729,0.127374,0.189171,0.15909
2022-07-15 06:15:00,0.241719,0.166462,0.166829,0.148653,0.155249,0.168773,0.140767,0.141912,0.202733,0.175189
2022-07-15 06:20:00,0.249138,0.176429,0.18177,0.165698,0.172222,0.183419,0.153386,0.156764,0.215468,0.192122
2022-07-15 06:25:00,0.250429,0.187299,0.19521,0.183237,0.189279,0.196707,0.163989,0.170331,0.226175,0.209441
2022-07-15 06:30:00,0.246989,0.201267,0.210505,0.200793,0.204897,0.20909,0.172808,0.183364,0.233748,0.226638
2022-07-15 06:35:00,0.24169,0.21894,0.22862,0.218598,0.217848,0.222324,0.182649,0.200772,0.242898,0.243777
2022-07-15 06:40:00,0.238244,0.237879,0.247661,0.236444,0.227838,0.236243,0.192208,0.224982,0.260318,0.26092
2022-07-15 06:45:00,0.236476,0.256163,0.266407,0.254075,0.234744,0.25151,0.200888,0.254341,0.288128,0.278087
2022-07-15 06:50:00,0.235556,0.273892,0.285083,0.271684,0.239601,0.269131,0.208238,0.284615,0.319577,0.295302
2022-07-15 06:55:00,0.235223,0.291709,0.303655,0.289493,0.244993,0.290658,0.21179,0.310932,0.344937,0.312458
2022-07-15 07:00:00,0.235732,0.309941,0.32204,0.307499,0.251154,0.316288,0.212408,0.335445,0.36394,0.329715
2022-07-15 07:05:00,0.240136,0.328258,0.337266,0.325845,0.251059,0.339555,0.208961,0.362914,0.377972,0.347534
2022-07-15 07:10:00,0.249247,0.346042,0.347212,0.344464,0.242188,0.351519,0.201624,0.393762,0.387513,0.365783
2022-07-15 07:15:00,0.261448,0.363297,0.351519,0.363102,0.227924,0.352911,0.192362,0.426959,0.393083,0.384164
2022-07-15 07:20:00,0.274087,0.380326,0.351578,0.38187,0.220868,0.350278,0.180062,0.45166,0.396404,0.402542
2022-07-15 07:25:00,0.284391,0.397369,0.351206,0.399937,0.230355,0.351233,0.167952,0.459542,0.40052,0.420655
2022-07-15 07:30:00,0.292626,0.414068,0.350049,0.417193,0.251685,0.355857,0.156332,0.453248,0.405813,0.438583
2022-07-15 07:35:00,0.296602,0.424391,0.350293,0.431058,0.279164,0.358624,0.148545,0.442448,0.418564,0.456472
2022-07-15 07:40:00,0.294765,0.42392,0.352007,0.438818,0.309433,0.358942,0.146168,0.437,0.444977,0.474222
2022-07-15 07:45:00,0.29045,0.414566,0.35527,0.441676,0.341909,0.35772,0.147774,0.435819,0.481436,0.491669
2022-07-15 07:50:00,0.29198,0.404621,0.366241,0.442815,0.375089,0.373001,0.155541,0.433033,0.515941,0.508251
2022-07-15 07:55:00,0.307583,0.403587,0.386677,0.447129,0.405539,0.412833,0.169697,0.427529,0.53957,0.522996
2022-07-15 08:00:00,0.330939,0.411029,0.413035,0.453259,0.434685,0.469442,0.188471,0.421089,0.554871,0.536256
2022-07-15 08:05:00,0.339616,0.423737,0.426058,0.460467,0.466826,0.516377,0.219771,0.424911,0.568248,0.549871
2022-07-15 08:10:00,0.323863,0.444758,0.413604,0.467348,0.501484,0.534748,0.260634,0.447189,0.582377,0.564685
2022-07-15 08:15:00,0.291452,0.470393,0.382734,0.473614,0.53679,0.531725,0.309313,0.482779,0.597078,0.580067
2022-07-15 08:20:00,0.256891,0.490256,0.362992,0.479058,0.553492,0.520538,0.36566,0.510251,0.611582,0.594588
2022-07-15 08:25:00,0.231411,0.497963,0.371836,0.483214,0.541131,0.512128,0.428483,0.522026,0.625509,0.607046
2022-07-15 08:30:00,0.21272,0.496637,0.401292,0.486831,0.505179,0.504955,0.486802,0.52125,0.638845,0.617788
2022-07-15 08:35:00,0.200009,0.508992,0.421277,0.475367,0.453507,0.495441,0.498762,0.515278,0.651329,0.628766
2022-07-15 08:40:00,0.194054,0.543247,0.418995,0.447897,0.403141,0.481426,0.447049,0.508166,0.662369,0.640971
2022-07-15 08:45:00,0.193703,0.589763,0.401487,0.410387,0.356545,0.463708,0.360028,0.499985,0.672314,0.653741
2022-07-15 08:50:00,0.21135,0.60143,0.398198,0.398523,0.34277,0.457002,0.336261,0.492957,0.681926,0.666296
2022-07-15 08:55:00,0.249357,0.55352,0.423764,0.434455,0.376007,0.464398,0.39293,0.489353,0.691371,0.67837
2022-07-15 09:00:00,0.29923,0.461548,0.46517,0.501002,0.438172,0.481105,0.485364,0.487572,0.700758,0.690028
2022-07-15 09:05:00,0.352106,0.375797,0.481517,0.547075,0.471078,0.488621,0.529536,0.470342,0.71053,0.701284
2022-07-15 09:10:00,0.39535,0.339463,0.447154,0.547531,0.446055,0.475394,0.482965,0.434553,0.720455,0.71209
2022-07-15 09:15:00,0.428413,0.339962,0.380612,0.51489,0.384201,0.449366,0.390147,0.387838,0.73025,0.722575
2022-07-15 09:20:00,0.428572,0.339299,0.357567,0.47266,0.353515,0.413314,0.328654,0.34157,0.739794,0.73256
2022-07-15 09:25:00,0.379376,0.324473,0.411226,0.438893,0.391484,0.380791,0.335761,0.312865,0.748709,0.741312
2022-07-15 09:30:00,0.300256,0.302334,0.510594,0.414251,0.469632,0.351842,0.381117,0.298146,0.75705,0.748933
2022-07-15 09:35:00,0.246882,0.293009,0.559539,0.398814,0.516128,0.33038,0.425067,0.295423,0.7656,0.756567
2022-07-15 09:40:00,0.24821,0.312126,0.51188,0.399393,0.488182,0.323292,0.45051,0.311539,0.774656,0.76451
2022-07-15 09:45:00,0.286344,0.352712,0.400555,0.40936,0.415223,0.325488,0.466308,0.339386,0.78367,0.772121
2022-07-15 09:50:00,0.327037,0.412287,0.324402,0.425797,0.357199,0.349564,0.500231,0.364212,0.791697,0.779488
2022-07-15 09:55:00,0.354441,0.493333,0.341003,0.443967,0.360822,0.394174,0.549094,0.38134,0.797385,0.785755
2022-07-15 10:00:00,0.372439,0.57996,0.418352,0.463323,0.403965,0.451321,0.598511,0.392122,0.801124,0.791056
2022-07-15 10:05:00,0.376084,0.665356,0.501064,0.465995,0.425898,0.479692,0.611193,0.392012,0.804695,0.79755
2022-07-15 10:10:00,0.366959,0.725583,0.554466,0.448524,0.405554,0.465583,0.56861,0.379628,0.80869,0.804244
2022-07-15 10:15:00,0.349931,0.766199,0.585141,0.41756,0.357194,0.422806,0.496221,0.360787,0.81272,0.810997
2022-07-15 10:20:00,0.3407,0.766766,0.572538,0.377559,0.315661,0.372512,0.441425,0.375415,0.816775,0.809003
2022-07-15 10:25:00,0.347717,0.710254,0.508315,0.339173,0.303088,0.332452,0.424831,0.435547,0.820962,0.795434
2022-07-15 10:30:00,0.363086,0.613229,0.410942,0.304908,0.310864,0.303574,0.43064,0.521325,0.825096,0.77453
2022-07-15 10:35:00,0.358583,0.524168,0.32015,0.291927,0.314531,0.305336,0.45887,0.61057,0.817751,0.764817
2022-07-15 10:40:00,0.321415,0.48714,0.268544,0.31386,0.308553,0.351931,0.494585,0.67513,0.797473,0.776436
2022-07-15 10:45:00,0.265121,0.488543,0.244644,0.355544,0.296989,0.424573,0.53019,0.719239,0.76862,0.800249
2022-07-15 10:50:00,0.228164,0.505817,0.223536,0.394028,0.297237,0.485464,0.545309,0.738577,0.755225,0.823541
2022-07-15 10:55:00,0.233043,0.526359,0.198687,0.41237,0.319415,0.514836,0.525536,0.719311,0.769255,0.834751
2022-07-15 11:00:00,0.264826,0.549802,0.172049,0.419168,0.354609,0.520768,0.490581,0.674253,0.799173,0.838257
2022-07-15 11:05:00,0.308879,0.567768,0.15362,0.440225,0.382478,0.490939,0.465931,0.625198,0.817149,0.83118
2022-07-15 11:10:00,0.351901,0.581654,0.150684,0.48394,0.392047,0.423241,0.466826,0.583542,0.811099,0.813584
2022-07-15 11:15:00,0.391317,0.591477,0.159046,0.542463,0.39163,0.333413,0.478183,0.548411,0.788537,0.788811
2022-07-15 11:20:00,0.416974,0.628452,0.191935,0.617443,0.410389,0.27309,0.49115,0.536296,0.752352,0.763838
2022-07-15 11:25:00,0.416244,0.691792,0.250218,0.698731,0.460762,0.272567,0.491927,0.54935,0.710874,0.746175
2022-07-15 11:30:00,0.399514,0.763305,0.321726,0.777531,0.528217,0.312534,0.484297,0.578048,0.667271,0.734615
2022-07-15 11:35:00,0.388088,0.797128,0.366702,0.835218,0.592823,0.335789,0.469883,0.585893,0.628659,0.721068
2022-07-15 11:40:00,0.392508,0.767033,0.366257,0.86102,0.635561,0.328175,0.442718,0.55929,0.608432,0.708018
2022-07-15 11:45:00,0.405709,0.692882,0.337873,0.865261,0.659918,0.300516,0.409832,0.511123,0.601487,0.695205
2022-07-15 11:50:00,0.405306,0.611223,0.329988,0.849593,0.64266,0.279263,0.412548,0.491867,0.610862,0.678735
2022-07-15 11:55:00,0.381232,0.552538,0.363294,0.812296,0.569375,0.282557,0.443416,0.522214,0.637438,0.662023
2022-07-15 12:00:00,0.343376,0.515326,0.42252,0.75871,0.462127,0.30295,0.48593,0.579429,0.673858,0.645995
2022-07-15 12:05:00,0.322028,0.516764,0.471355,0.691659,0.363007,0.330206,0.48081,0.612159,0.700897,0.615898
2022-07-15 12:10:00,0.331249,0.564619,0.493895,0.619094,0.310956,0.362805,0.417019,0.593071,0.711955,0.577494
2022-07-15 12:15:00,0.360846,0.637267,0.495302,0.544711,0.292377,0.397284,0.322536,0.543799,0.712871,0.535442
2022-07-15 12:20:00,0.406257,0.691989,0.49807,0.471859,0.289069,0.425677,0.235498,0.517177,0.698633,0.503385
2022-07-15 12:25:00,0.458359,0.709972,0.498593,0.413327,0.298389,0.443779,0.180022,0.542484,0.673807,0.499006
2022-07-15 12:30:00,0.509206,0.703103,0.497482,0.366942,0.316356,0.454898,0.146029,0.594669,0.643717,0.51307
2022-07-15 12:35:00,0.527008,0.672761,0.483454,0.327261,0.337917,0.456948,0.110747,0.614621,0.607227,0.537551
2022-07-15 12:40:00,0.493716,0.621838,0.449267,0.301072,0.364054,0.452727,0.084074,0.574082,0.577786,0.569821
2022-07-15 12:45:00,0.42934,0.55848,0.403427,0.28601,0.392716,0.445168,0.065474,0.497727,0.555331,0.604262
2022-07-15 12:50:00,0.380735,0.493965,0.362851,0.279901,0.461342,0.439205,0.113905,0.455672,0.538483,0.623541
2022-07-15 12:55:00,0.37067,0.44523,0.337493,0.291261,0.564209,0.441268,0.223388,0.484506,0.539144,0.622075
2022-07-15 13:00:00,0.386405,0.408762,0.324352,0.313482,0.676267,0.448433,0.358089,0.554477,0.54994,0.606782
2022-07-15 13:05:00,0.39593,0.375815,0.317267,0.368886,0.728674,0.457822,0.437531,0.601632,0.579331,0.574763
2022-07-15 13:10:00,0.388374,0.349213,0.31966,0.454292,0.699563,0.46948,0.43729,0.599562,0.624205,0.530962
2022-07-15 13:15:00,0.368965,0.328484,0.33092,0.547255,0.614317,0.482273,0.393975,0.566843,0.670553,0.48181
2022-07-15 13:20:00,0.357641,0.333275,0.359836,0.574373,0.513567,0.500165,0.356192,0.526051,0.708633,0.443074
2022-07-15 13:25:00,0.36013,0.368921,0.414926,0.498354,0.427394,0.523381,0.3422,0.492812,0.718833,0.430131
2022-07-15 13:30:00,0.371208,0.423882,0.480227,0.359972,0.355196,0.549104,0.344423,0.46654,0.711912,0.433937
2022-07-15 13:35:00,0.383912,0.481767,0.534804,0.247209,0.297005,0.573463,0.405396,0.454972,0.673733,0.448764
2022-07-15 13:40:00,0.392177,0.530603,0.557399,0.215227,0.258096,0.593274,0.504936,0.463875,0.60098,0.470486
2022-07-15 13:45:00,0.397551,0.569617,0.558781,0.236786,0.233226,0.608779,0.613449,0.483185,0.507324,0.493714
2022-07-15 13:50:00,0.408582,0.608886,0.541116,0.290522,0.217135,0.607791,0.684995,0.481176,0.429531,0.520022
2022-07-15 13:55:00,0.426136,0.641059,0.504529,0.355455,0.210952,0.588542,0.70643,0.447944,0.394522,0.539972
2022-07-15 14:00:00,0.445229,0.663338,0.456432,0.419528,0.210455,0.559102,0.70098,0.397009,0.389996,0.554135
2022-07-15 14:05:00,0.440492,0.640888,0.403158,0.444537,0.211897,0.53782,0.689797,0.35622,0.417192,0.574909
2022-07-15 14:10:00,0.403449,0.556707,0.351003,0.403482,0.212243,0.535083,0.678169,0.344313,0.469667,0.595615
2022-07-15 14:15:00,0.347643,0.43522,0.302222,0.324606,0.212066,0.543459,0.663934,0.351296,0.528559,0.614923
2022-07-15 14:20:00,0.298246,0.343692,0.265197,0.284221,0.213949,0.558042,0.634177,0.372379,0.553182,0.625696
2022-07-15 14:25:00,0.271375,0.322535,0.250738,0.313461,0.218395,0.575611,0.588705,0.403056,0.526056,0.622798
2022-07-15 14:30:00,0.260343,0.348044,0.252797,0.381414,0.224743,0.592533,0.53579,0.435198,0.469079,0.611769
2022-07-15 14:35:00,0.252063,0.366862,0.281197,0.422505,0.238607,0.601702,0.49387,0.444879,0.417558,0.598937
2022-07-15 14:40:00,0.246024,0.361201,0.336713,0.401508,0.260471,0.599202,0.469681,0.422289,0.389403,0.58654
2022-07-15 14:45:00,0.242203,0.339798,0.403992,0.343964,0.286855,0.589388,0.4561,0.38258,0.378486,0.574334
2022-07-15 14:50:00,0.261403,0.331605,0.455493,0.285471,0.322061,0.576827,0.449586,0.35715,0.385637,0.561371
2022-07-15 14:55:00,0.30482,0.347357,0.474347,0.249757,0.36036,0.562672,0.447116,0.359597,0.409936,0.546884
2022-07-15 15:00:00,0.356537,0.376906,0.472561,0.229592,0.396114,0.547498,0.443329,0.375812,0.439306,0.531419
2022-07-15 15:05:00,0.374037,0.413571,0.472659,0.211395,0.412297,0.532435,0.433949,0.382513,0.456384,0.516144
2022-07-15 15:10:00,0.34144,0.446304,0.478652,0.194262,0.398902,0.518104,0.413508,0.369562,0.454131,0.501656
2022-07-15 15:15:00,0.281639,0.47142,0.484356,0.179584,0.370649,0.503901,0.387753,0.346066,0.440438,0.487427
2022-07-15 15:20:00,0.234811,0.470356,0.475775,0.17894,0.362129,0.488842,0.375957,0.32556,0.415262,0.472476
2022-07-15 15:25:00,0.21959,0.437077,0.44427,0.200481,0.383864,0.472312,0.37228,0.313296,0.382724,0.456386
2022-07-15 15:30:00,0.224103,0.388605,0.402297,0.236198,0.417119,0.454889,0.37243,0.305879,0.348985,0.439734
2022-07-15 15:35:00,0.234239,0.342051,0.368626,0.281553,0.440282,0.437879,0.36988,0.297549,0.328045,0.422942
2022-07-15 15:40:00,0.243911,0.311234,0.350954,0.328046,0.439593,0.421666,0.362846,0.28685,0.322981,0.406532
2022-07-15 15:45:00,0.251205,0.291011,0.341714,0.366325,0.423491,0.405574,0.353544,0.275556,0.323365,0.39031
2022-07-15 15:50:00,0.25032,0.270158,0.334385,0.381091,0.393123,0.388755,0.346302,0.265537,0.320219,0.373412
2022-07-15 15:55:00,0.24012,0.252145,0.324632,0.363146,0.347148,0.370743,0.340223,0.258877,0.308706,0.355392
2022-07-15 16:00:00,0.225231,0.236765,0.312418,0.330829,0.297565,0.351943,0.333174,0.25363,0.292762,0.336892
2022-07-15 16:05:00,0.207156,0.236722,0.301618,0.30396,0.263107,0.333074,0.32247,0.247671,0.275802,0.318735
2022-07-15 16:10:00,0.188663,0.254068,0.289246,0.289777,0.25106,0.314236,0.307683,0.24034,0.258541,0.301197
2022-07-15 16:15:00,0.170872,0.276574,0.277277,0.28204,0.251216,0.295385,0.290648,0.231303,0.241369,0.283831
2022-07-15 16:20:00,0.161634,0.287963,0.268099,0.272918,0.248565,0.276679,0.27252,0.221406,0.224834,0.266087
2022-07-15 16:25:00,0.162418,0.28183,0.261649,0.262929,0.242267,0.258209,0.253706,0.209573,0.208448,0.248001
2022-07-15 16:30:00,0.166985,0.266295,0.254394,0.251952,0.233915,0.240098,0.234891,0.195312,0.192254,0.230057
2022-07-15 16:35:00,0.166357,0.248799,0.241343,0.241039,0.226796,0.222424,0.216612,0.178791,0.176057,0.212336
2022-07-15 16:40:00,0.15658,0.231455,0.22404,0.229799,0.220372,0.205004,0.198806,0.161435,0.159952,0.194763
2022-07-15 16:45:00,0.140409,0.213973,0.206909,0.216546,0.211065,0.18758,0.181403,0.144246,0.144123,0.177283
2022-07-15 16:50:00,0.121126,0.196573,0.19246,0.198417,0.196615,0.170239,0.164806,0.127688,0.128924,0.159965
2022-07-15 16:55:00,0.105704,0.179473,0.178192,0.179114,0.179782,0.153526,0.148786,0.112314,0.115021,0.143179
2022-07-15 17:00:00,0.098487,0.163136,0.162074,0.164968,0.166108,0.137688,0.133611,0.098314,0.102657,0.127294
2022-07-15 17:05:00,0.097273,0.147293,0.144593,0.156333,0.155885,0.122416,0.120395,0.085606,0.092408,0.112372
2022-07-15 17:10:00,0.094379,0.13211,0.130438,0.145283,0.143247,0.107138,0.112596,0.074275,0.086639,0.098546
2022-07-15 17:15:00,0.086729,0.117996,0.123531,0.128546,0.126435,0.091898,0.111538,0.064483,0.086609,0.086002
2022-07-15 17:20:00,0.078376,0.104805,0.118589,0.110116,0.109883,0.077635,0.112269,0.056276,0.088709,0.074904
2022-07-15 17:25:00,0.074387,0.092669,0.106514,0.094282,0.100067,0.065394,0.109137,0.049712,0.087426,0.065212
2022-07-15 17:30:00,0.074816,0.08181,0.086828,0.081964,0.098702,0.055322,0.102723,0.045006,0.082665,0.056848
2022-07-15 17:35:00,0.075707,0.071276,0.067488,0.070562,0.097081,0.047241,0.095231,0.042627,0.076972,0.049367
2022-07-15 17:40:00,0.072579,0.061011,0.054232,0.059607,0.085098,0.041222,0.087392,0.042945,0.07148,0.042237
2022-07-15 17:45:00,0.066423,0.051611,0.046532,0.049601,0.065494,0.037378,0.079496,0.043032,0.065775,0.036362
2022-07-15 17:50:00,0.05863,0.043679,0.041782,0.044164,0.050501,0.036198,0.073331,0.041985,0.059937,0.033968
2022-07-15 17:55:00,0.051029,0.039253,0.039451,0.046312,0.047687,0.03655,0.069162,0.039106,0.05424,0.033287
2022-07-15 18:00:00,0.043742,0.039046,0.039393,0.055597,0.054924,0.036485,0.066087,0.035485,0.048903,0.033307
2022-07-15 18:05:00,0.038308,0.040817,0.039236,0.06385,0.061871,0.035609,0.062905,0.032593,0.043764,0.032769
2022-07-15 18:10:00,0.036189,0.044643,0.038915,0.065326,0.062873,0.033393,0.058831,0.031497,0.038713,0.030887
2022-07-15 18:15:00,0.036132,0.049501,0.038554,0.06174,0.059464,0.030412,0.054081,0.03115,0.033615,0.028184
2022-07-15 18:20:00,0.035477,0.052664,0.038683,0.055811,0.05487,0.027935,0.049833,0.030291,0.028842,0.025758
2022-07-15 18:25:00,0.033027,0.052121,0.039669,0.048563,0.050522,0.026624,0.045504,0.028659,0.024826,0.024109
2022-07-15 18:30:00,0.0294,0.048866,0.04091,0.041322,0.046352,0.025949,0.041045,0.026644,0.021262,0.022823
2022-07-15 18:35:00,0.024777,0.044868,0.040922,0.035543,0.041787,0.025085,0.036509,0.024101,0.017433,0.021441
2022-07-15 18:40:00,0.019417,0.040722,0.038654,0.032279,0.036918,0.023763,0.032032,0.021049,0.013131,0.019771
2022-07-15 18:45:00,0.013625,0.036507,0.034998,0.030336,0.032014,0.021961,0.027688,0.017612,0.00854,0.017699
2022-07-15 18:50:00,0.008265,0.03213,0.030981,0.028442,0.02761,0.019363,0.022126,0.01327,0.004469,0.015078
2022-07-15 18:55:00,0.004157,0.02761,0.027064,0.026192,0.024421,0.016029,0.016332,0.007981,0.001423,0.011992
2022-07-15 19:00:00,0.000954,0.023046,0.023254,0.023508,0.022056,0.012234,0.01062,0.002482,0.0,0.008587
2022-07-15 19:05:00,0.0,0.018319,0.019033,0.019985,0.019405,0.008336,0.005408,0.0,0.0,0.005076
2022-07-15 19:10:00,0.0,0.013406,0.014299,0.015727,0.01564,0.004598,0.00126,0.0,0.0,0.001735
2022-07-15 19:15:00,0.0,0.008605,0.009484,0.011159,0.011185,0.001153,0.0,0.0,0.0,0.0
2022-07-15 19:20:00,0.0,0.004457,0.005379,0.007121,0.007101,0.0,0.0,0.0,0.0,0.0
2022-07-15 19:25:00,0.0,0.001485,0.0024,0.004105,0.003862,0.0,0.0,0.0,0.0,0.0
2022-07-15 19:30:00,0.0,0.0,0.0003,0.001745,0.001188,0.0,0.0,0.0,0.0,0.0
2022-07-15 19:35:00,0.0,0.0,0.0,0.0,0.0,0.0,0.0,0.0,0.0,0.0
2022-07-15 19:40:00,0.0,0.0,0.0,0.0,0.0,0.0,0.0,0.0,0.0,0.0
2022-07-15 19:45:00,0.0,0.0,0.0,0.0,0.0,0.0,0.0,0.0,0.0,0.0
2022-07-15 19:50:00,0.0,0.0,0.0,0.0,0.0,0.0,0.0,0.0,0.0,0.0
2022-07-15 19:55:00,0.0,0.0,0.0,0.0,0.0,0.0,0.0,0.0,0.0,0.0
2022-07-15 20:00:00,0.0,0.0,0.0,0.0,0.0,0.0,0.0,0.0,0.0,0.0
2022-07-15 20:05:00,0.0,0.0,0.0,0.0,0.0,0.0,0.0,0.0,0.0,0.0
2022-07-15 20:10:00,0.0,0.0,0.0,0.0,0.0,0.0,0.0,0.0,0.0,0.0
2022-07-15 20:15:00,0.0,0.0,0.0,0.0,0.0,0.0,0.0,0.0,0.0,0.0
2022-07-15 20:20:00,0.0,0.0,0.0,0.0,0.0,0.0,0.0,0.0,0.0,0.0
2022-07-15 20:25:00,0.0,0.0,0.0,0.0,0.0,0.0,0.0,0.0,0.0,0.0
2022-07-15 20:30:00,0.0,0.0,0.0,0.0,0.0,0.0,0.0,0.0,0.0,0.0
2022-07-15 20:35:00,0.0,0.0,0.0,0.0,0.0,0.0,0.0,0.0,0.0,0.0
2022-07-15 20:40:00,0.0,0.0,0.0,0.0,0.0,0.0,0.0,0.0,0.0,0.0
2022-07-15 20:45:00,0.0,0.0,0.0,0.0,0.0,0.0,0.0,0.0,0.0,0.0
2022-07-15 20:50:00,0.0,0.0,0.0,0.0,0.0,0.0,0.0,0.0,0.0,0.0
2022-07-15 20:55:00,0.0,0.0,0.0,0.0,0.0,0.0,0.0,0.0,0.0,0.0
2022-07-15 21:00:00,0.0,0.0,0.0,0.0,0.0,0.0,0.0,0.0,0.0,0.0
2022-07-15 21:05:00,0.0,0.0,0.0,0.0,0.0,0.0,0.0,0.0,0.0,0.0
2022-07-15 21:10:00,0.0,0.0,0.0,0.0,0.0,0.0,0.0,0.0,0.0,0.0
2022-07-15 21:15:00,0.0,0.0,0.0,0.0,0.0,0.0,0.0,0.0,0.0,0.0
2022-07-15 21:20:00,0.0,0.0,0.0,0.0,0.0,0.0,0.0,0.0,0.0,0.0
2022-07-15 21:25:00,0.0,0.0,0.0,0.0,0.0,0.0,0.0,0.0,0.0,0.0
2022-07-15 21:30:00,0.0,0.0,0.0,0.0,0.0,0.0,0.0,0.0,0.0,0.0
2022-07-15 21:35:00,0.0,0.0,0.0,0.0,0.0,0.0,0.0,0.0,0.0,0.0
2022-07-15 21:40:00,0.0,0.0,0.0,0.0,0.0,0.0,0.0,0.0,0.0,0.0
2022-07-15 21:45:00,0.0,0.0,0.0,0.0,0.0,0.0,0.0,0.0,0.0,0.0
2022-07-15 21:50:00,0.0,0.0,0.0,0.0,0.0,0.0,0.0,0.0,0.0,0.0
2022-07-15 21:55:00,0.0,0.0,0.0,0.0,0.0,0.0,0.0,0.0,0.0,0.0
2022-07-15 22:00:00,0.0,0.0,0.0,0.0,0.0,0.0,0.0,0.0,0.0,0.0
2022-07-15 22:05:00,0.0,0.0,0.0,0.0,0.0,0.0,0.0,0.0,0.0,0.0
2022-07-15 22:10:00,0.0,0.0,0.0,0.0,0.0,0.0,0.0,0.0,0.0,0.0
2022-07-15 22:15:00,0.0,0.0,0.0,0.0,0.0,0.0,0.0,0.0,0.0,0.0
2022-07-15 22:20:00,0.0,0.0,0.0,0.0,0.0,0.0,0.0,0.0,0.0,0.0
2022-07-15 22:25:00,0.0,0.0,0.0,0.0,0.0,0.0,0.0,0.0,0.0,0.0
2022-07-15 22:30:00,0.0,0.0,0.0,0.0,0.0,0.0,0.0,0.0,0.0,0.0
2022-07-15 22:35:00,0.0,0.0,0.0,0.0,0.0,0.0,0.0,0.0,0.0,0.0
2022-07-15 22:40:00,0.0,0.0,0.0,0.0,0.0,0.0,0.0,0.0,0.0,0.0
2022-07-15 22:45:00,0.0,0.0,0.0,0.0,0.0,0.0,0.0,0.0,0.0,0.0
2022-07-15 22:50:00,0.0,0.0,0.0,0.0,0.0,0.0,0.0,0.0,0.0,0.0
2022-07-15 22:55:00,0.0,0.0,0.0,0.0,0.0,0.0,0.0,0.0,0.0,0.0
2022-07-15 23:00:00,0.0,0.0,0.0,0.0,0.0,0.0,0.0,0.0,0.0,0.0
2022-07-15 23:05:00,0.0,0.0,0.0,0.0,0.0,0.0,0.0,0.0,0.0,0.0
2022-07-15 23:10:00,0.0,0.0,0.0,0.0,0.0,0.0,0.0,0.0,0.0,0.0
2022-07-15 23:15:00,0.0,0.0,0.0,0.0,0.0,0.0,0.0,0.0,0.0,0.0
2022-07-15 23:20:00,0.0,0.0,0.0,0.0,0.0,0.0,0.0,0.0,0.0,0.0
2022-07-15 23:25:00,0.0,0.0,0.0,0.0,0.0,0.0,0.0,0.0,0.0,0.0
2022-07-15 23:30:00,0.0,0.0,0.0,0.0,0.0,0.0,0.0,0.0,0.0,0.0
2022-07-15 23:35:00,0.0,0.0,0.0,0.0,0.0,0.0,0.0,0.0,0.0,0.0
2022-07-15 23:40:00,0.0,0.0,0.0,0.0,0.0,0.0,0.0,0.0,0.0,0.0
2022-07-15 23:45:00,0.0,0.0,0.0,0.0,0.0,0.0,0.0,0.0,0.0,0.0
2022-07-15 23:50:00,0.0,0.0,0.0,0.0,0.0,0.0,0.0,0.0,0.0,0.0
2022-07-15 23:55:00,0.0,0.0,0.0,0.0,0.0,0.0,0.0,0.0,0.0,0.0
2022-07-16 00:00:00,0.0,0.0,0.0,0.0,0.0,0.0,0.0,0.0,0.0,0.0
2022-07-16 00:05:00,0.0,0.0,0.0,0.0,0.0,0.0,0.0,0.0,0.0,0.0
2022-07-16 00:10:00,0.0,0.0,0.0,0.0,0.0,0.0,0.0,0.0,0.0,0.0
2022-07-16 00:15:00,0.0,0.0,0.0,0.0,0.0,0.0,0.0,0.0,0.0,0.0
2022-07-16 00:20:00,0.0,0.0,0.0,0.0,0.0,0.0,0.0,0.0,0.0,0.0
2022-07-16 00:25:00,0.0,0.0,0.0,0.0,0.0,0.0,0.0,0.0,0.0,0.0
2022-07-16 00:30:00,0.0,0.0,0.0,0.0,0.0,0.0,0.0,0.0,0.0,0.0
2022-07-16 00:35:00,0.0,0.0,0.0,0.0,0.0,0.0,0.0,0.0,0.0,0.0
2022-07-16 00:40:00,0.0,0.0,0.0,0.0,0.0,0.0,0.0,0.0,0.0,0.0
2022-07-16 00:45:00,0.0,0.0,0.0,0.0,0.0,0.0,0.0,0.0,0.0,0.0
2022-07-16 00:50:00,0.0,0.0,0.0,0.0,0.0,0.0,0.0,0.0,0.0,0.0
2022-07-16 00:55:00,0.0,0.0,0.0,0.0,0.0,0.0,0.0,0.0,0.0,0.0
2022-07-16 01:00:00,0.0,0.0,0.0,0.0,0.0,0.0,0.0,0.0,0.0,0.0
2022-07-16 01:05:00,0.0,0.0,0.0,0.0,0.0,0.0,0.0,0.0,0.0,0.0
2022-07-16 01:10:00,0.0,0.0,0.0,0.0,0.0,0.0,0.0,0.0,0.0,0.0
2022-07-16 01:15:00,0.0,0.0,0.0,0.0,0.0,0.0,0.0,0.0,0.0,0.0
2022-07-16 01:20:00,0.0,0.0,0.0,0.0,0.0,0.0,0.0,0.0,0.0,0.0
2022-07-16 01:25:00,0.0,0.0,0.0,0.0,0.0,0.0,0.0,0.0,0.0,0.0
2022-07-16 01:30:00,0.0,0.0,0.0,0.0,0.0,0.0,0.0,0.0,0.0,0.0
2022-07-16 01:35:00,0.0,0.0,0.0,0.0,0.0,0.0,0.0,0.0,0.0,0.0
2022-07-16 01:40:00,0.0,0.0,0.0,0.0,0.0,0.0,0.0,0.0,0.0,0.0
2022-07-16 01:45:00,0.0,0.0,0.0,0.0,0.0,0.0,0.0,0.0,0.0,0.0
2022-07-16 01:50:00,0.0,0.0,0.0,0.0,0.0,0.0,0.0,0.0,0.0,0.0
2022-07-16 01:55:00,0.0,0.0,0.0,0.0,0.0,0.0,0.0,0.0,0.0,0.0
2022-07-16 02:00:00,0.0,0.0,0.0,0.0,0.0,0.0,0.0,0.0,0.0,0.0
2022-07-16 02:05:00,0.0,0.0,0.0,0.0,0.0,0.0,0.0,0.0,0.0,0.0
2022-07-16 02:10:00,0.0,0.0,0.0,0.0,0.0,0.0,0.0,0.0,0.0,0.0
2022-07-16 02:15:00,0.0,0.0,0.0,0.0,0.0,0.0,0.0,0.0,0.0,0.0
2022-07-16 02:20:00,0.0,0.0,0.0,0.0,0.0,0.0,0.0,0.0,0.0,0.0
2022-07-16 02:25:00,0.0,0.0,0.0,0.0,0.0,0.0,0.0,0.0,0.0,0.0
2022-07-16 02:30:00,0.0,0.0,0.0,0.0,0.0,0.0,0.0,0.0,0.0,0.0
2022-07-16 02:35:00,0.0,0.0,0.0,0.0,0.0,0.0,0.0,0.0,0.0,0.0
2022-07-16 02:40:00,0.0,0.0,0.0,0.0,0.0,0.0,0.0,0.0,0.0,0.0
2022-07-16 02:45:00,0.0,0.0,0.0,0.0,0.0,0.0,0.0,0.0,0.0,0.0
2022-07-16 02:50:00,0.0,0.0,0.0,0.0,0.0,0.0,0.0,0.0,0.0,0.0
2022-07-16 02:55:00,0.0,0.0,0.0,0.0,0.0,0.0,0.0,0.0,0.0,0.0
2022-07-16 03:00:00,0.0,0.0,0.0,0.0,0.0,0.0,0.0,0.0,0.0,0.0
2022-07-16 03:05:00,0.0,0.0,0.0,0.0,0.0,0.0,0.0,0.0,0.0,0.0
2022-07-16 03:10:00,0.0,0.0,0.0,0.0,0.0,0.0,0.0,0.0,0.0,0.0
2022-07-16 03:15:00,0.0,0.0,0.0,0.0,0.0,0.0,0.0,0.0,0.0,0.0
2022-07-16 03:20:00,0.0,0.0,0.0,0.0,0.0,0.0,0.0,0.0,0.0,0.0
2022-07-16 03:25:00,0.00064,0.0,0.0,0.0,0.0,0.0,0.0,0.0,0.0,0.0
2022-07-16 03:30:00,0.003778,0.0,0.0,0.0,0.0,0.0,0.002729,0.000345,0.0,0.0
2022-07-16 03:35:00,0.00678,0.0,0.0,0.0,0.0,0.0,0.005335,0.003166,0.0,0.0
2022-07-16 03:40:00,0.009108,0.0,0.0,0.0,0.0,0.0,0.0074,0.006207,0.000394,0.0
2022-07-16 03:45:00,0.011193,0.0,0.0,0.0,0.0,0.0,0.009457,0.009551,0.002326,0.0
2022-07-16 03:50:00,0.012844,0.0,0.0,0.0,0.0,0.001886,0.0124,0.012927,0.004942,0.0
2022-07-16 03:55:00,0.014906,0.000427,0.0013,0.0,0.0,0.00485,0.016682,0.016182,0.008554,0.003223
2022-07-16 04:00:00,0.017377,0.003288,0.004144,0.002019,0.002119,0.008184,0.021683,0.019544,0.012719,0.007415
2022-07-16 04:05:00,0.019968,0.00643,0.00727,0.004849,0.005098,0.011503,0.025944,0.022174,0.01666,0.011272
2022-07-16 04:10:00,0.022703,0.009644,0.01046,0.007843,0.008438,0.014763,0.029083,0.024093,0.020256,0.015322
2022-07-16 04:15:00,0.02551,0.013049,0.013823,0.011181,0.011951,0.018003,0.031831,0.025785,0.023447,0.019076
2022-07-16 04:20:00,0.027753,0.016293,0.016721,0.014457,0.015016,0.020949,0.03526,0.02856,0.027189,0.022273
2022-07-16 04:25:00,0.028997,0.019233,0.019037,0.017673,0.017606,0.023129,0.040008,0.033458,0.03214,0.024484
2022-07-16 04:30:00,0.029611,0.02192,0.021005,0.020961,0.020143,0.02464,0.04555,0.039288,0.037968,0.025916
2022-07-16 04:35:00,0.029432,0.024573,0.023331,0.02353,0.022715,0.025711,0.050961,0.042864,0.04399,0.026837
2022-07-16 04:40:00,0.028658,0.027252,0.026386,0.025006,0.025399,0.026478,0.055861,0.04262,0.049762,0.027298
2022-07-16 04:45:00,0.027724,0.030038,0.029826,0.025883,0.028184,0.027342,0.059763,0.040058,0.055458,0.027707
2022-07-16 04:50:00,0.028327,0.033607,0.032564,0.027365,0.031138,0.028926,0.058374,0.036753,0.059707,0.028833
2022-07-16 04:55:00,0.031359,0.038391,0.034524,0.030351,0.0347,0.03169,0.051695,0.03462,0.062241,0.031189
2022-07-16 05:00:00,0.035977,0.043812,0.036294,0.034421,0.038762,0.035037,0.042126,0.033483,0.063036,0.034264
2022-07-16 05:05:00,0.040527,0.047745,0.040653,0.038778,0.042309,0.037788,0.037851,0.034863,0.059906,0.036822
2022-07-16 05:10:00,0.044816,0.048809,0.048666,0.04324,0.045158,0.039168,0.043171,0.039582,0.053729,0.037932
2022-07-16 05:15:00,0.048752,0.048036,0.059015,0.047759,0.047821,0.039726,0.054211,0.046335,0.049543,0.038145
2022-07-16 05:20:00,0.054261,0.047489,0.068611,0.052108,0.049799,0.04097,0.057168,0.055753,0.050703,0.03978
2022-07-16 05:25:00,0.061698,0.048277,0.075967,0.056265,0.05148,0.046844,0.05247,0.06733,0.058305,0.04596
2022-07-16 05:30:00,0.070049,0.050192,0.082002,0.060118,0.05357,0.055392,0.043822,0.079879,0.069721,0.054735
2022-07-16 05:35:00,0.076491,0.052497,0.086792,0.061681,0.057257,0.064864,0.047252,0.090047,0.081886,0.064553
2022-07-16 05:40:00,0.078553,0.05517,0.091001,0.060545,0.064803,0.074401,0.064127,0.095599,0.094273,0.074597
2022-07-16 05:45:00,0.078039,0.058345,0.094556,0.058069,0.074887,0.084509,0.087162,0.098041,0.107285,0.085467
2022-07-16 05:50:00,0.076175,0.062897,0.094008,0.053803,0.080737,0.09567,0.108874,0.098667,0.121984,0.098094
2022-07-16 05:55:00,0.074797,0.07026,0.089593,0.050692,0.080663,0.107989,0.121252,0.099248,0.138291,0.112591
2022-07-16 06:00:00,0.073587,0.079298,0.083102,0.048997,0.076682,0.12161,0.129881,0.099832,0.155271,0.12812
2022-07-16 06:05:00,0.074701,0.085509,0.076791,0.055801,0.072692,0.136312,0.141118,0.101921,0.172289,0.143829
2022-07-16 06:10:00,0.078541,0.087605,0.074562,0.074512,0.072655,0.152182,0.158991,0.106159,0.189346,0.159474
2022-07-16 06:15:00,0.084281,0.086694,0.075268,0.100575,0.076225,0.168969,0.180724,0.111965,0.206972,0.175634
2022-07-16 06:20:00,0.087677,0.086705,0.079222,0.125952,0.09092,0.186423,0.201095,0.11545,0.225271,0.192582
2022-07-16 06:25:00,0.087764,0.089393,0.08781,0.145693,0.120381,0.20408,0.216973,0.115575,0.243784,0.210061
2022-07-16 06:30:00,0.085554,0.09466,0.099625,0.161701,0.159955,0.22163,0.229039,0.11361,0.262071,0.227906
2022-07-16 06:35:00,0.084088,0.105614,0.113408,0.177603,0.191989,0.239131,0.240986,0.110945,0.280181,0.246364
2022-07-16 06:40:00,0.08553,0.123574,0.128259,0.194074,0.204735,0.256969,0.251574,0.110253,0.298601,0.265411
2022-07-16 06:45:00,0.088929,0.144668,0.144114,0.211341,0.202082,0.275232,0.261111,0.110642,0.317592,0.28479
2022-07-16 06:50:00,0.090008,0.161572,0.151138,0.22822,0.198369,0.293605,0.275415,0.117268,0.336571,0.304048
2022-07-16 06:55:00,0.088004,0.167637,0.149041,0.242244,0.203291,0.311166,0.294848,0.130235,0.354561,0.322478
2022-07-16 07:00:00,0.085336,0.166429,0.140596,0.253972,0.21572,0.327807,0.318733,0.147535,0.371613,0.340053
2022-07-16 07:05:00,0.09839,0.162582,0.133743,0.265276,0.228823,0.34474,0.33566,0.162233,0.388869,0.357691
2022-07-16 07:10:00,0.133491,0.159056,0.133339,0.276802,0.241489,0.36242,0.340244,0.171709,0.406907,0.37609
2022-07-16 07:15:00,0.181507,0.156384,0.13808,0.288262,0.253988,0.380571,0.330536,0.177527,0.425438,0.3951
2022-07-16 07:20:00,0.223304,0.170703,0.148429,0.295444,0.272413,0.398888,0.296371,0.183032,0.443502,0.413747
2022-07-16 07:25:00,0.246593,0.206522,0.165825,0.296012,0.301416,0.41594,0.236319,0.189386,0.459893,0.430723
2022-07-16 07:30:00,0.257392,0.257931,0.18832,0.291623,0.33916,0.431492,0.170311,0.196459,0.474951,0.446143
2022-07-16 07:35:00,0.2738,0.305217,0.222574,0.286101,0.372613,0.44362,0.157622,0.201501,0.490164,0.461673
2022-07-16 07:40:00,0.300101,0.340038,0.271322,0.284471,0.393433,0.450514,0.221113,0.204332,0.506367,0.478364
2022-07-16 07:45:00,0.333223,0.365884,0.330016,0.285064,0.403701,0.452821,0.327108,0.205757,0.523165,0.495698
2022-07-16 07:50:00,0.37231,0.384384,0.376812,0.28668,0.408162,0.461917,0.423431,0.208285,0.539176,0.51236
2022-07-16 07:55:00,0.412484,0.395405,0.397269,0.288198,0.409601,0.481293,0.489684,0.213685,0.553353,0.527121
2022-07-16 08:00:00,0.452588,0.40058,0.398843,0.289885,0.409291,0.50882,0.535922,0.220387,0.56618,0.540461
2022-07-16 08:05:00,0.471549,0.401874,0.399423,0.302317,0.407137,0.536101,0.546307,0.221379,0.579238,0.554088
2022-07-16 08:10:00,0.459441,0.401616,0.410998,0.327839,0.40647,0.556057,0.520181,0.213538,0.593434,0.568871
2022-07-16 08:15:00,0.425842,0.400773,0.429774,0.36271,0.406819,0.570397,0.47058,0.200576,0.608293,0.584292
2022-07-16 08:20:00,0.395357,0.391166,0.447709,0.395352,0.4131,0.58318,0.441282,0.188412,0.622807,0.599082
2022-07-16 08:25:00,0.389684,0.374647,0.458186,0.418102,0.428471,0.595881,0.459899,0.181886,0.636501,0.612325
2022-07-16 08:30:00,0.398811,0.354842,0.462521,0.433829,0.449443,0.608395,0.507639,0.178673,0.64939,0.624279
2022-07-16 08:35:00,0.393317,0.333485,0.453612,0.44737,0.456608,0.621209,0.562955,0.178051,0.661662,0.636093
2022-07-16 08:40:00,0.358991,0.32147,0.429121,0.460852,0.441494,0.634449,0.612939,0.177825,0.672938,0.648609
2022-07-16 08:45:00,0.306658,0.315685,0.395837,0.47419,0.41016,0.647685,0.658273,0.178983,0.683133,0.661426
2022-07-16 08:50:00,0.297376,0.315288,0.377871,0.485487,0.377515,0.660328,0.682506,0.179633,0.693057,0.674017
2022-07-16 08:55:00,0.351422,0.322091,0.393137,0.493519,0.357349,0.672274,0.683241,0.182237,0.703508,0.685315
2022-07-16 09:00:00,0.449207,0.331809,0.429715,0.499309,0.347335,0.68388,0.66591,0.186652,0.714295,0.695802
2022-07-16 09:05:00,0.539957,0.328488,0.459026,0.505344,0.35959,0.686805,0.628793,0.198884,0.724802,0.706424
2022-07-16 09:10:00,0.602381,0.304464,0.466048,0.513984,0.397497,0.679474,0.575947,0.221373,0.734831,0.717178
2022-07-16 09:15:00,0.642944,0.267307,0.458672,0.524158,0.451379,0.663529,0.5129,0.249623,0.744536,0.727767
2022-07-16 09:20:00,0.665426,0.238626,0.448921,0.530941,0.508056,0.649222,0.465322,0.283404,0.754027,0.737852
2022-07-16 09:25:00,0.668386,0.22923,0.448143,0.534275,0.553111,0.641983,0.444653,0.316522,0.762986,0.746696
2022-07-16 09:30:00,0.658207,0.233999,0.453231,0.537238,0.58884,0.640379,0.44797,0.350485,0.771484,0.754401
2022-07-16 09:35:00,0.644923,0.263764,0.466843,0.547886,0.618048,0.638917,0.498236,0.391764,0.780089,0.762083
2022-07-16 09:40:00,0.636712,0.317357,0.488349,0.576931,0.635467,0.635321,0.592583,0.440713,0.7892,0.769944
2022-07-16 09:45:00,0.634176,0.385214,0.514653,0.616628,0.643708,0.629773,0.694839,0.492852,0.798392,0.777595
2022-07-16 09:50:00,0.653804,0.441018,0.519402,0.641028,0.631623,0.598584,0.703131,0.544385,0.806585,0.78463
2022-07-16 09:55:00,0.702278,0.468696,0.495307,0.642803,0.594819,0.540757,0.600385,0.586847,0.812576,0.790932
2022-07-16 10:00:00,0.762627,0.478055,0.452596,0.628214,0.54292,0.466965,0.433728,0.619066,0.816698,0.796808
2022-07-16 10:05:00,0.801912,0.496594,0.420751,0.613577,0.518653,0.434612,0.355738,0.602584,0.820952,0.80282
2022-07-16 10:10:00,0.797495,0.533,0.420002,0.609573,0.547459,0.478196,0.415255,0.520245,0.826349,0.809396
2022-07-16 10:15:00,0.762267,0.579138,0.441242,0.612068,0.609326,0.568166,0.545531,0.394957,0.832334,0.816283
2022-07-16 10:20:00,0.707169,0.613716,0.483639,0.618783,0.655097,0.627142,0.617592,0.274952,0.837966,0.822917
2022-07-16 10:25:00,0.640072,0.622233,0.541485,0.624324,0.663721,0.624125,0.595229,0.199884,0.842755,0.828778
2022-07-16 10:30:00,0.566999,0.612824,0.605736,0.62933,0.647995,0.577248,0.519641,0.160002,0.846898,0.83402
2022-07-16 10:35:00,0.496099,0.603838,0.653193,0.627658,0.638226,0.524091,0.469824,0.150092,0.850636,0.838954
2022-07-16 10:40:00,0.445218,0.602635,0.669881,0.618402,0.652475,0.487031,0.474477,0.175881,0.853941,0.843333
2022-07-16 10:45:00,0.411393,0.607166,0.66623,0.603743,0.681552,0.464553,0.509106,0.223446,0.856745,0.847068
2022-07-16 10:50:00,0.42498,0.638314,0.656354,0.587446,0.69858,0.462307,0.492239,0.276391,0.858802,0.84991
2022-07-16 10:55:00,0.494198,0.692572,0.648977,0.573669,0.692639,0.486422,0.422817,0.323683,0.85935,0.85129
2022-07-16 11:00:00,0.590002,0.754843,0.643718,0.562965,0.670849,0.526156,0.329529,0.368589,0.858583,0.851501
2022-07-16 11:05:00,0.647204,0.781456,0.647878,0.559016,0.675716,0.591785,0.262733,0.432881,0.858139,0.851825
2022-07-16 11:10:00,0.627364,0.749503,0.664704,0.567455,0.717083,0.670336,0.261453,0.520347,0.858784,0.852226
2022-07-16 11:15:00,0.559999,0.676228,0.688826,0.584279,0.778012,0.749374,0.299089,0.616387,0.859844,0.852404
2022-07-16 11:20:00,0.525561,0.605693,0.704442,0.609501,0.804876,0.797896,0.342912,0.686796,0.860307,0.85253
2022-07-16 11:25:00,0.564331,0.569906,0.704065,0.640459,0.77977,0.795723,0.391954,0.712371,0.860026,0.852639
2022-07-16 11:30:00,0.644699,0.560364,0.693684,0.671593,0.7185,0.761327,0.436987,0.710354,0.859263,0.852504
2022-07-16 11:35:00,0.714115,0.562812,0.68261,0.690511,0.67016,0.742277,0.442501,0.721131,0.857905,0.852139
2022-07-16 11:40:00,0.74405,0.56938,0.677552,0.686194,0.665927,0.757013,0.403149,0.758776,0.855956,0.851614
2022-07-16 11:45:00,0.749583,0.576805,0.676637,0.666985,0.691202,0.791381,0.343777,0.808958,0.853693,0.850934
2022-07-16 11:50:00,0.727316,0.598285,0.685998,0.659657,0.732211,0.813893,0.297584,0.834292,0.851098,0.849653
2022-07-16 11:55:00,0.683761,0.628183,0.705879,0.671966,0.773449,0.809353,0.289589,0.820876,0.847802,0.847374
2022-07-16 12:00:00,0.628098,0.662685,0.731196,0.696428,0.811477,0.7879,0.304518,0.779027,0.843789,0.844314
2022-07-16 12:05:00,0.585832,0.688272,0.750622,0.730991,0.840224,0.774342,0.376544,0.729525,0.84011,0.841614
2022-07-16 12:10:00,0.583481,0.69688,0.758001,0.76575,0.85131,0.780401,0.487071,0.677596,0.836824,0.839463
2022-07-16 12:15:00,0.605003,0.694297,0.758952,0.798458,0.851345,0.797537,0.606722,0.623322,0.833497,0.837254
2022-07-16 12:20:00,0.619966,0.691067,0.765678,0.809432,0.848153,0.798143,0.666708,0.546869,0.830049,0.83427
2022-07-16 12:25:00,0.616173,0.689358,0.78375,0.789779,0.844857,0.770368,0.647368,0.444195,0.826694,0.830223
2022-07-16 12:30:00,0.600629,0.687441,0.806865,0.750475,0.841545,0.723788,0.587803,0.33025,0.823151,0.825316
2022-07-16 12:35:00,0.57088,0.673297,0.824321,0.7288,0.838036,0.685174,0.545034,0.252694,0.818483,0.819797
2022-07-16 12:40:00,0.534274,0.64108,0.830068,0.740354,0.834228,0.669565,0.548125,0.247883,0.812373,0.81397
2022-07-16 12:45:00,0.497245,0.598449,0.827889,0.771536,0.830068,0.669337,0.577073,0.295086,0.80549,0.808023
2022-07-16 12:50:00,0.4864,0.563728,0.823558,0.79741,0.825273,0.663709,0.580042,0.341036,0.798586,0.802044
2022-07-16 12:55:00,0.521948,0.551278,0.819151,0.807139,0.819714,0.645965,0.562135,0.381734,0.79196,0.796302
2022-07-16 13:00:00,0.579464,0.554478,0.81464,0.806171,0.813482,0.621596,0.531372,0.414647,0.785289,0.790541
2022-07-16 13:05:00,0.627991,0.584758,0.809418,0.801506,0.806614,0.598397,0.520668,0.430382,0.777627,0.783933
2022-07-16 13:10:00,0.646039,0.639165,0.802849,0.795353,0.799179,0.58637,0.533514,0.429115,0.768617,0.776029
2022-07-16 13:15:00,0.642645,0.701484,0.795243,0.788126,0.791399,0.581882,0.553927,0.422647,0.758682,0.767303
2022-07-16 13:20:00,0.616262,0.747479,0.787671,0.780745,0.783768,0.598061,0.549088,0.435501,0.748657,0.758468
2022-07-16 13:25:00,0.561292,0.76341,0.780609,0.773689,0.776462,0.633323,0.50647,0.490013,0.73881,0.749717
2022-07-16 13:30:00,0.492253,0.761249,0.7734,0.766481,0.769215,0.676037,0.447364,0.561295,0.729104,0.741087
2022-07-16 13:35:00,0.468661,0.75342,0.765069,0.758304,0.761638,0.706675,0.402018,0.601515,0.719743,0.732935
2022-07-16 13:40:00,0.51372,0.743896,0.755241,0.74875,0.753814,0.715069,0.3869,0.591885,0.711107,0.725443
2022-07-16 13:45:00,0.589008,0.733483,0.744505,0.738365,0.745659,0.708894,0.387759,0.551821,0.702656,0.718038
2022-07-16 13:50:00,0.632475,0.723013,0.733695,0.727993,0.737094,0.700433,0.417817,0.507945,0.693465,0.709752
2022-07-16 13:55:00,0.613116,0.712959,0.723272,0.717927,0.727984,0.690293,0.460182,0.476853,0.683045,0.699978
2022-07-16 14:00:00,0.556601,0.703417,0.713187,0.708164,0.718567,0.678891,0.500367,0.458737,0.671741,0.688926
2022-07-16 14:05:00,0.509296,0.694166,0.70275,0.699106,0.70852,0.659262,0.521557,0.467909,0.660309,0.677383
2022-07-16 14:10:00,0.493214,0.685709,0.692004,0.690997,0.697982,0.629389,0.501739,0.511326,0.649402,0.66576
2022-07-16 14:15:00,0.496808,0.677704,0.681003,0.683097,0.687097,0.594012,0.464134,0.567695,0.638489,0.653989
2022-07-16 14:20:00,0.493584,0.668707,0.669516,0.674211,0.675801,0.5727,0.427404,0.606236,0.626621,0.641699
2022-07-16 14:25:00,0.475623,0.658083,0.657507,0.663543,0.66407,0.571376,0.402097,0.614642,0.613275,0.628712
2022-07-16 14:30:00,0.449779,0.646357,0.645269,0.651601,0.65189,0.581243,0.383133,0.604938,0.598977,0.615299
2022-07-16 14:35:00,0.433181,0.63408,0.633342,0.638994,0.639211,0.587408,0.393651,0.590452,0.584176,0.60219
2022-07-16 14:40:00,0.433373,0.621362,0.622245,0.625932,0.626068,0.583933,0.422459,0.575482,0.568906,0.589871
2022-07-16 14:45:00,0.440253,0.608289,0.61122,0.612494,0.612549,0.574083,0.458681,0.560189,0.553236,0.577727
2022-07-16 14:50:00,0.436909,0.594613,0.599089,0.598748,0.598723,0.561759,0.479443,0.544303,0.53741,0.564648
2022-07-16 14:55:00,0.414047,0.58038,0.585453,0.584453,0.584347,0.547742,0.4809,0.527843,0.521583,0.549806
2022-07-16 15:00:00,0.383855,0.565658,0.570746,0.569628,0.569383,0.532927,0.471722,0.511304,0.505709,0.533844
2022-07-16 15:05:00,0.357341,0.550461,0.555499,0.554667,0.554101,0.518267,0.459823,0.495324,0.489283,0.518267
2022-07-16 15:10:00,0.346523,0.534945,0.539903,0.539574,0.538554,0.504198,0.447325,0.48033,0.4723,0.503606
2022-07-16 15:15:00,0.342752,0.519479,0.524,0.524365,0.523025,0.490174,0.43616,0.465523,0.455216,0.489091
2022-07-16 15:20:00,0.334447,0.504282,0.507524,0.509535,0.507855,0.475332,0.432369,0.449641,0.438526,0.473767
2022-07-16 15:25:00,0.317817,0.489537,0.490529,0.495596,0.493282,0.459142,0.435799,0.432401,0.422367,0.457112
2022-07-16 15:30:00,0.297991,0.474854,0.473324,0.481891,0.478736,0.442166,0.439156,0.414504,0.406155,0.439741
2022-07-16 15:35:00,0.28188,0.45943,0.455933,0.466929,0.463322,0.425451,0.429184,0.396693,0.389237,0.422758
2022-07-16 15:40:00,0.273331,0.442859,0.438368,0.45033,0.446673,0.409489,0.405497,0.379513,0.3716,0.406514
2022-07-16 15:45:00,0.269033,0.425526,0.420829,0.432725,0.429307,0.393796,0.378059,0.362591,0.353788,0.390252
2022-07-16 15:50:00,0.269087,0.407875,0.403839,0.41481,0.412285,0.377478,0.358185,0.345091,0.336177,0.373253
2022-07-16 15:55:00,0.271643,0.390365,0.387466,0.396782,0.395932,0.360454,0.347954,0.32668,0.318829,0.355508
2022-07-16 16:00:00,0.271344,0.373222,0.371011,0.378835,0.379523,0.343103,0.339655,0.307699,0.301358,0.33757
2022-07-16 16:05:00,0.262337,0.356193,0.353861,0.361333,0.362438,0.325225,0.329111,0.288466,0.283541,0.319781
2022-07-16 16:10:00,0.243628,0.339429,0.335898,0.344475,0.344488,0.306987,0.313729,0.269218,0.265586,0.302371
2022-07-16 16:15:00,0.222782,0.322555,0.31739,0.327639,0.325802,0.288926,0.295728,0.250177,0.24787,0.285005
2022-07-16 16:20:00,0.206561,0.305095,0.298779,0.310041,0.307292,0.270978,0.26775,0.231557,0.230473,0.267141
2022-07-16 16:25:00,0.193129,0.286804,0.280314,0.291627,0.28885,0.253216,0.236623,0.213303,0.213409,0.248732
2022-07-16 16:30:00,0.181649,0.268351,0.262177,0.272969,0.270691,0.23567,0.210565,0.195434,0.19645,0.230339
2022-07-16 16:35:00,0.170516,0.250361,0.244397,0.254763,0.252701,0.218688,0.196501,0.17807,0.179403,0.212312
2022-07-16 16:40:00,0.155886,0.232803,0.226897,0.237023,0.234912,0.202053,0.19001,0.160815,0.162429,0.19456
2022-07-16 16:45:00,0.136864,0.215183,0.209342,0.219206,0.21706,0.185403,0.183673,0.14346,0.145716,0.176968
2022-07-16 16:50:00,0.115647,0.197271,0.191636,0.201137,0.198895,0.168779,0.174384,0.126439,0.129637,0.159635
2022-07-16 16:55:00,0.099606,0.179534,0.17432,0.183361,0.181042,0.152802,0.16325,0.110757,0.114757,0.142866
2022-07-16 17:00:00,0.094093,0.162434,0.157753,0.166195,0.163791,0.137773,0.151522,0.096481,0.101162,0.12694
2022-07-16 17:05:00,0.096769,0.145806,0.141523,0.14939,0.147045,0.123341,0.140268,0.084542,0.088352,0.112051
2022-07-16 17:10:00,0.097686,0.129261,0.125216,0.133179,0.131046,0.108926,0.130189,0.076037,0.075669,0.09831
2022-07-16 17:15:00,0.093149,0.112739,0.108923,0.117936,0.116013,0.094619,0.121987,0.071381,0.063424,0.085775
2022-07-16 17:20:00,0.086481,0.096896,0.09339,0.103631,0.101936,0.081366,0.115146,0.066214,0.052795,0.073979
2022-07-16 17:25:00,0.080889,0.082637,0.079518,0.090278,0.088909,0.070155,0.108335,0.055592,0.044929,0.062345
2022-07-16 17:30:00,0.077136,0.070126,0.067475,0.077971,0.077115,0.061006,0.101735,0.041823,0.039613,0.05127
2022-07-16 17:35:00,0.071068,0.059174,0.0571,0.066448,0.06576,0.053666,0.089505,0.034095,0.03581,0.042116
2022-07-16 17:40:00,0.060753,0.049913,0.048394,0.055185,0.054733,0.048147,0.070634,0.035832,0.033698,0.036081
2022-07-16 17:45:00,0.048586,0.042573,0.041545,0.044784,0.044584,0.044546,0.051446,0.042139,0.03111,0.033042
2022-07-16 17:50:00,0.039326,0.037275,0.0368,0.03641,0.036518,0.043209,0.043007,0.046339,0.028919,0.03333
2022-07-16 17:55:00,0.03491,0.034189,0.034592,0.031628,0.032113,0.04319,0.045826,0.043715,0.028222,0.033633
2022-07-16 18:00:00,0.033349,0.034343,0.034785,0.030938,0.031886,0.042796,0.054653,0.037001,0.028314,0.033592
2022-07-16 18:05:00,0.033277,0.034689,0.034985,0.031183,0.032172,0.04158,0.061249,0.031269,0.028583,0.032851
2022-07-16 18:10:00,0.034414,0.034831,0.03525,0.031353,0.032383,0.039025,0.06112,0.028704,0.028741,0.030908
2022-07-16 18:15:00,0.036145,0.034815,0.035523,0.031481,0.032555,0.035606,0.056993,0.028094,0.028514,0.028209
2022-07-16 18:20:00,0.036394,0.034712,0.035625,0.031503,0.03403,0.032454,0.050243,0.027717,0.027477,0.025839
2022-07-16 18:25:00,0.033864,0.034372,0.035354,0.031324,0.036958,0.030336,0.043252,0.026858,0.025555,0.024406
2022-07-16 18:30:00,0.029685,0.033667,0.034652,0.030913,0.040748,0.028919,0.036595,0.025557,0.023076,0.023482
2022-07-16 18:35:00,0.02549,0.032714,0.03368,0.030329,0.042258,0.027393,0.03191,0.02378,0.020244,0.022289
2022-07-16 18:40:00,0.021807,0.031675,0.032567,0.029708,0.03964,0.025302,0.029707,0.021425,0.016974,0.020498
2022-07-16 18:45:00,0.018374,0.030486,0.031159,0.028834,0.034589,0.022766,0.028491,0.018641,0.013275,0.018109
2022-07-16 18:50:00,0.014822,0.028734,0.029033,0.027526,0.029746,0.019714,0.026345,0.015297,0.009628,0.015208
2022-07-16 18:55:00,0.011073,0.026172,0.02619,0.025651,0.026046,0.016164,0.02301,0.011457,0.006469,0.011817
2022-07-16 19:00:00,0.007132,0.022882,0.022866,0.023321,0.023075,0.012248,0.01925,0.007356,0.003568,0.008019
2022-07-16 19:05:00,0.003381,0.018876,0.019256,0.020243,0.020198,0.008298,0.015507,0.003772,0.000812,0.004311
2022-07-16 19:10:00,0.000178,0.014181,0.01475,0.016324,0.017107,0.004558,0.011789,0.000308,0.0,0.001119
2022-07-16 19:15:00,0.0,0.009382,0.01017,0.011912,0.0137,0.001124,0.008242,0.0,0.0,0.0
2022-07-16 19:20:00,0.0,0.005297,0.006162,0.007625,0.010036,0.0,0.005047,0.0,0.0,0.0
2022-07-16 19:25:00,0.0,0.002336,0.003163,0.004058,0.006402,0.0,0.002416,0.0,0.0,0.0
2022-07-16 19:30:00,0.0,0.000252,0.000866,0.001186,0.002957,0.0,0.000327,0.0,0.0,0.0
2022-07-16 19:35:00,0.0,0.0,0.0,0.0,0.0,0.0,0.0,0.0,0.0,0.0
2022-07-16 19:40:00,0.0,0.0,0.0,0.0,0.0,0.0,0.0,0.0,0.0,0.0
2022-07-16 19:45:00,0.0,0.0,0.0,0.0,0.0,0.0,0.0,0.0,0.0,0.0
2022-07-16 19:50:00,0.0,0.0,0.0,0.0,0.0,0.0,0.0,0.0,0.0,0.0
2022-07-16 19:55:00,0.0,0.0,0.0,0.0,0.0,0.0,0.0,0.0,0.0,0.0
2022-07-16 20:00:00,0.0,0.0,0.0,0.0,0.0,0.0,0.0,0.0,0.0,0.0
2022-07-16 20:05:00,0.0,0.0,0.0,0.0,0.0,0.0,0.0,0.0,0.0,0.0
2022-07-16 20:10:00,0.0,0.0,0.0,0.0,0.0,0.0,0.0,0.0,0.0,0.0
2022-07-16 20:15:00,0.0,0.0,0.0,0.0,0.0,0.0,0.0,0.0,0.0,0.0
2022-07-16 20:20:00,0.0,0.0,0.0,0.0,0.0,0.0,0.0,0.0,0.0,0.0
2022-07-16 20:25:00,0.0,0.0,0.0,0.0,0.0,0.0,0.0,0.0,0.0,0.0
2022-07-16 20:30:00,0.0,0.0,0.0,0.0,0.0,0.0,0.0,0.0,0.0,0.0
2022-07-16 20:35:00,0.0,0.0,0.0,0.0,0.0,0.0,0.0,0.0,0.0,0.0
2022-07-16 20:40:00,0.0,0.0,0.0,0.0,0.0,0.0,0.0,0.0,0.0,0.0
2022-07-16 20:45:00,0.0,0.0,0.0,0.0,0.0,0.0,0.0,0.0,0.0,0.0
2022-07-16 20:50:00,0.0,0.0,0.0,0.0,0.0,0.0,0.0,0.0,0.0,0.0
2022-07-16 20:55:00,0.0,0.0,0.0,0.0,0.0,0.0,0.0,0.0,0.0,0.0
2022-07-16 21:00:00,0.0,0.0,0.0,0.0,0.0,0.0,0.0,0.0,0.0,0.0
2022-07-16 21:05:00,0.0,0.0,0.0,0.0,0.0,0.0,0.0,0.0,0.0,0.0
2022-07-16 21:10:00,0.0,0.0,0.0,0.0,0.0,0.0,0.0,0.0,0.0,0.0
2022-07-16 21:15:00,0.0,0.0,0.0,0.0,0.0,0.0,0.0,0.0,0.0,0.0
2022-07-16 21:20:00,0.0,0.0,0.0,0.0,0.0,0.0,0.0,0.0,0.0,0.0
2022-07-16 21:25:00,0.0,0.0,0.0,0.0,0.0,0.0,0.0,0.0,0.0,0.0
2022-07-16 21:30:00,0.0,0.0,0.0,0.0,0.0,0.0,0.0,0.0,0.0,0.0
2022-07-16 21:35:00,0.0,0.0,0.0,0.0,0.0,0.0,0.0,0.0,0.0,0.0
2022-07-16 21:40:00,0.0,0.0,0.0,0.0,0.0,0.0,0.0,0.0,0.0,0.0
2022-07-16 21:45:00,0.0,0.0,0.0,0.0,0.0,0.0,0.0,0.0,0.0,0.0
2022-07-16 21:50:00,0.0,0.0,0.0,0.0,0.0,0.0,0.0,0.0,0.0,0.0
2022-07-16 21:55:00,0.0,0.0,0.0,0.0,0.0,0.0,0.0,0.0,0.0,0.0
2022-07-16 22:00:00,0.0,0.0,0.0,0.0,0.0,0.0,0.0,0.0,0.0,0.0
2022-07-16 22:05:00,0.0,0.0,0.0,0.0,0.0,0.0,0.0,0.0,0.0,0.0
2022-07-16 22:10:00,0.0,0.0,0.0,0.0,0.0,0.0,0.0,0.0,0.0,0.0
2022-07-16 22:15:00,0.0,0.0,0.0,0.0,0.0,0.0,0.0,0.0,0.0,0.0
2022-07-16 22:20:00,0.0,0.0,0.0,0.0,0.0,0.0,0.0,0.0,0.0,0.0
2022-07-16 22:25:00,0.0,0.0,0.0,0.0,0.0,0.0,0.0,0.0,0.0,0.0
2022-07-16 22:30:00,0.0,0.0,0.0,0.0,0.0,0.0,0.0,0.0,0.0,0.0
2022-07-16 22:35:00,0.0,0.0,0.0,0.0,0.0,0.0,0.0,0.0,0.0,0.0
2022-07-16 22:40:00,0.0,0.0,0.0,0.0,0.0,0.0,0.0,0.0,0.0,0.0
2022-07-16 22:45:00,0.0,0.0,0.0,0.0,0.0,0.0,0.0,0.0,0.0,0.0
2022-07-16 22:50:00,0.0,0.0,0.0,0.0,0.0,0.0,0.0,0.0,0.0,0.0
2022-07-16 22:55:00,0.0,0.0,0.0,0.0,0.0,0.0,0.0,0.0,0.0,0.0
2022-07-16 23:00:00,0.0,0.0,0.0,0.0,0.0,0.0,0.0,0.0,0.0,0.0
2022-07-16 23:05:00,0.0,0.0,0.0,0.0,0.0,0.0,0.0,0.0,0.0,0.0
2022-07-16 23:10:00,0.0,0.0,0.0,0.0,0.0,0.0,0.0,0.0,0.0,0.0
2022-07-16 23:15:00,0.0,0.0,0.0,0.0,0.0,0.0,0.0,0.0,0.0,0.0
2022-07-16 23:20:00,0.0,0.0,0.0,0.0,0.0,0.0,0.0,0.0,0.0,0.0
2022-07-16 23:25:00,0.0,0.0,0.0,0.0,0.0,0.0,0.0,0.0,0.0,0.0
2022-07-16 23:30:00,0.0,0.0,0.0,0.0,0.0,0.0,0.0,0.0,0.0,0.0
2022-07-16 23:35:00,0.0,0.0,0.0,0.0,0.0,0.0,0.0,0.0,0.0,0.0
2022-07-16 23:40:00,0.0,0.0,0.0,0.0,0.0,0.0,0.0,0.0,0.0,0.0
2022-07-16 23:45:00,0.0,0.0,0.0,0.0,0.0,0.0,0.0,0.0,0.0,0.0
2022-07-16 23:50:00,0.0,0.0,0.0,0.0,0.0,0.0,0.0,0.0,0.0,0.0
2022-07-16 23:55:00,0.0,0.0,0.0,0.0,0.0,0.0,0.0,0.0,0.0,0.0
2022-07-17 00:00:00,0.0,0.0,0.0,0.0,0.0,0.0,0.0,0.0,0.0,0.0
2022-07-17 00:05:00,0.0,0.0,0.0,0.0,0.0,0.0,0.0,0.0,0.0,0.0
2022-07-17 00:10:00,0.0,0.0,0.0,0.0,0.0,0.0,0.0,0.0,0.0,0.0
2022-07-17 00:15:00,0.0,0.0,0.0,0.0,0.0,0.0,0.0,0.0,0.0,0.0
2022-07-17 00:20:00,0.0,0.0,0.0,0.0,0.0,0.0,0.0,0.0,0.0,0.0
2022-07-17 00:25:00,0.0,0.0,0.0,0.0,0.0,0.0,0.0,0.0,0.0,0.0
2022-07-17 00:30:00,0.0,0.0,0.0,0.0,0.0,0.0,0.0,0.0,0.0,0.0
2022-07-17 00:35:00,0.0,0.0,0.0,0.0,0.0,0.0,0.0,0.0,0.0,0.0
2022-07-17 00:40:00,0.0,0.0,0.0,0.0,0.0,0.0,0.0,0.0,0.0,0.0
2022-07-17 00:45:00,0.0,0.0,0.0,0.0,0.0,0.0,0.0,0.0,0.0,0.0
2022-07-17 00:50:00,0.0,0.0,0.0,0.0,0.0,0.0,0.0,0.0,0.0,0.0
2022-07-17 00:55:00,0.0,0.0,0.0,0.0,0.0,0.0,0.0,0.0,0.0,0.0
2022-07-17 01:00:00,0.0,0.0,0.0,0.0,0.0,0.0,0.0,0.0,0.0,0.0
2022-07-17 01:05:00,0.0,0.0,0.0,0.0,0.0,0.0,0.0,0.0,0.0,0.0
2022-07-17 01:10:00,0.0,0.0,0.0,0.0,0.0,0.0,0.0,0.0,0.0,0.0
2022-07-17 01:15:00,0.0,0.0,0.0,0.0,0.0,0.0,0.0,0.0,0.0,0.0
2022-07-17 01:20:00,0.0,0.0,0.0,0.0,0.0,0.0,0.0,0.0,0.0,0.0
2022-07-17 01:25:00,0.0,0.0,0.0,0.0,0.0,0.0,0.0,0.0,0.0,0.0
2022-07-17 01:30:00,0.0,0.0,0.0,0.0,0.0,0.0,0.0,0.0,0.0,0.0
2022-07-17 01:35:00,0.0,0.0,0.0,0.0,0.0,0.0,0.0,0.0,0.0,0.0
2022-07-17 01:40:00,0.0,0.0,0.0,0.0,0.0,0.0,0.0,0.0,0.0,0.0
2022-07-17 01:45:00,0.0,0.0,0.0,0.0,0.0,0.0,0.0,0.0,0.0,0.0
2022-07-17 01:50:00,0.0,0.0,0.0,0.0,0.0,0.0,0.0,0.0,0.0,0.0
2022-07-17 01:55:00,0.0,0.0,0.0,0.0,0.0,0.0,0.0,0.0,0.0,0.0
2022-07-17 02:00:00,0.0,0.0,0.0,0.0,0.0,0.0,0.0,0.0,0.0,0.0
2022-07-17 02:05:00,0.0,0.0,0.0,0.0,0.0,0.0,0.0,0.0,0.0,0.0
2022-07-17 02:10:00,0.0,0.0,0.0,0.0,0.0,0.0,0.0,0.0,0.0,0.0
2022-07-17 02:15:00,0.0,0.0,0.0,0.0,0.0,0.0,0.0,0.0,0.0,0.0
2022-07-17 02:20:00,0.0,0.0,0.0,0.0,0.0,0.0,0.0,0.0,0.0,0.0
2022-07-17 02:25:00,0.0,0.0,0.0,0.0,0.0,0.0,0.0,0.0,0.0,0.0
2022-07-17 02:30:00,0.0,0.0,0.0,0.0,0.0,0.0,0.0,0.0,0.0,0.0
2022-07-17 02:35:00,0.0,0.0,0.0,0.0,0.0,0.0,0.0,0.0,0.0,0.0
2022-07-17 02:40:00,0.0,0.0,0.0,0.0,0.0,0.0,0.0,0.0,0.0,0.0
2022-07-17 02:45:00,0.0,0.0,0.0,0.0,0.0,0.0,0.0,0.0,0.0,0.0
2022-07-17 02:50:00,0.0,0.0,0.0,0.0,0.0,0.0,0.0,0.0,0.0,0.0
2022-07-17 02:55:00,0.0,0.0,0.0,0.0,0.0,0.0,0.0,0.0,0.0,0.0
2022-07-17 03:00:00,0.0,0.0,0.0,0.0,0.0,0.0,0.0,0.0,0.0,0.0
2022-07-17 03:05:00,0.0,0.0,0.0,0.0,0.0,0.0,0.0,0.0,0.0,0.0
2022-07-17 03:10:00,0.0,0.0,0.0,0.0,0.0,0.0,0.0,0.0,0.0,0.0
2022-07-17 03:15:00,0.0,0.0,0.0,0.0,0.0,0.0,0.0,0.0,0.0,0.0
2022-07-17 03:20:00,0.000937,0.0,0.0,0.0,0.0,0.0,0.0,0.0,0.0,0.0
2022-07-17 03:25:00,0.004041,0.0,0.0,0.0,0.0,0.0,0.0,0.0,0.0,0.0
2022-07-17 03:30:00,0.007692,0.0,0.0,0.0,0.0,0.0,0.00134,0.002204,0.0,0.0
2022-07-17 03:35:00,0.011529,0.0,0.0,0.0,0.0,0.0,0.00344,0.005252,0.0,0.0
2022-07-17 03:40:00,0.015356,0.0,0.0,0.0,0.0,0.0,0.005124,0.007527,0.0,0.0
2022-07-17 03:45:00,0.019201,0.0,0.0,0.0,0.0,0.0,0.00666,0.009358,0.001728,0.0
2022-07-17 03:50:00,0.022823,0.0,0.000431,0.0,0.000134,0.001022,0.008895,0.011158,0.004709,0.0
2022-07-17 03:55:00,0.025898,0.001435,0.003505,0.000699,0.003428,0.004082,0.012141,0.013434,0.008552,0.003224
2022-07-17 04:00:00,0.028466,0.005125,0.007453,0.003955,0.007451,0.00771,0.015883,0.016081,0.012734,0.007415
2022-07-17 04:05:00,0.030569,0.008715,0.011476,0.007203,0.01153,0.011459,0.021022,0.018508,0.016803,0.011272
2022-07-17 04:10:00,0.032179,0.011703,0.015325,0.010276,0.015434,0.014996,0.026575,0.020574,0.020517,0.015322
2022-07-17 04:15:00,0.033506,0.014277,0.019151,0.013403,0.019311,0.018342,0.032265,0.022552,0.02374,0.019079
2022-07-17 04:20:00,0.034653,0.017321,0.022756,0.017013,0.023458,0.021355,0.035983,0.02507,0.026189,0.022296
2022-07-17 04:25:00,0.03554,0.021518,0.025815,0.02148,0.027656,0.023631,0.037746,0.028442,0.027437,0.024604
2022-07-17 04:30:00,0.036334,0.026451,0.028359,0.026508,0.031891,0.025349,0.038771,0.032212,0.027938,0.026302
2022-07-17 04:35:00,0.037084,0.031055,0.030411,0.031188,0.035046,0.026736,0.04135,0.0354,0.028226,0.027593
2022-07-17 04:40:00,0.037757,0.03452,0.031886,0.034781,0.036801,0.0277,0.046439,0.037337,0.028264,0.028259
2022-07-17 04:45:00,0.038335,0.036931,0.033125,0.037457,0.037424,0.028618,0.052257,0.038388,0.02823,0.028704
2022-07-17 04:50:00,0.038701,0.038689,0.034992,0.039564,0.037683,0.030219,0.056834,0.039031,0.028945,0.029823
2022-07-17 04:55:00,0.038733,0.039972,0.038216,0.041032,0.038051,0.033005,0.058559,0.0393,0.031159,0.032182
2022-07-17 05:00:00,0.039252,0.041128,0.042199,0.042227,0.038855,0.036364,0.058804,0.039336,0.034216,0.035267
2022-07-17 05:05:00,0.043192,0.043039,0.045551,0.044117,0.040688,0.039122,0.06342,0.039705,0.036606,0.037817
2022-07-17 05:10:00,0.049486,0.046478,0.047455,0.047552,0.044181,0.040495,0.071883,0.043424,0.037737,0.038899
2022-07-17 05:15:00,0.058023,0.050793,0.04834,0.051825,0.048684,0.040837,0.081273,0.049539,0.041357,0.039081
2022-07-17 05:20:00,0.069012,0.054397,0.048742,0.055383,0.052599,0.040862,0.089087,0.058413,0.047828,0.040561
2022-07-17 05:25:00,0.082443,0.056294,0.049361,0.056997,0.054455,0.043971,0.090673,0.070027,0.057562,0.046631
2022-07-17 05:30:00,0.097279,0.059135,0.052926,0.059024,0.057404,0.049335,0.089821,0.083255,0.069414,0.055305
2022-07-17 05:35:00,0.114737,0.063587,0.059316,0.06301,0.061897,0.057597,0.085238,0.096958,0.081648,0.065021
2022-07-17 05:40:00,0.133306,0.069509,0.068927,0.068835,0.068148,0.068843,0.081125,0.110748,0.094248,0.074955
2022-07-17 05:45:00,0.151639,0.076944,0.080662,0.076296,0.075942,0.081876,0.077478,0.125473,0.107644,0.085552
2022-07-17 05:50:00,0.166381,0.085824,0.09286,0.085076,0.085176,0.095358,0.077495,0.140718,0.122549,0.097304
2022-07-17 05:55:00,0.175836,0.096026,0.10473,0.095026,0.095705,0.108707,0.083249,0.157344,0.138807,0.110192
2022-07-17 06:00:00,0.180049,0.107546,0.116853,0.106221,0.107483,0.122412,0.092296,0.174464,0.155663,0.12424
2022-07-17 06:05:00,0.184134,0.120286,0.129854,0.118659,0.120453,0.137212,0.101938,0.191566,0.172686,0.139595
2022-07-17 06:10:00,0.19246,0.134036,0.143937,0.132303,0.134594,0.153129,0.111279,0.208765,0.189829,0.15607
2022-07-17 06:15:00,0.204868,0.148757,0.15902,0.147096,0.149854,0.16994,0.120239,0.226373,0.207543,0.173416
2022-07-17 06:20:00,0.214447,0.164595,0.174769,0.162821,0.165993,0.187461,0.129002,0.244503,0.225881,0.191531
2022-07-17 06:25:00,0.214886,0.181163,0.190903,0.17918,0.182669,0.205206,0.137157,0.26274,0.244245,0.209856
2022-07-17 06:30:00,0.207571,0.197909,0.207435,0.19576,0.199487,0.222775,0.145413,0.280944,0.262186,0.227912
2022-07-17 06:35:00,0.198221,0.215017,0.224681,0.212433,0.216555,0.24044,0.164235,0.299556,0.280065,0.245937
2022-07-17 06:40:00,0.189562,0.232211,0.242379,0.229275,0.233676,0.25844,0.192866,0.318647,0.298443,0.264125
2022-07-17 06:45:00,0.182627,0.249145,0.260016,0.246568,0.250585,0.276886,0.22801,0.338044,0.317451,0.282645
2022-07-17 06:50:00,0.177786,0.265915,0.277392,0.264368,0.267359,0.295327,0.261027,0.356895,0.336448,0.301453
2022-07-17 06:55:00,0.177086,0.282747,0.294684,0.282226,0.284208,0.313038,0.28714,0.374315,0.35446,0.319746
2022-07-17 07:00:00,0.179498,0.29979,0.312228,0.299968,0.301267,0.329937,0.309308,0.390586,0.371517,0.337118
2022-07-17 07:05:00,0.189308,0.317336,0.32999,0.318035,0.318735,0.346893,0.335401,0.407221,0.388724,0.354401
2022-07-17 07:10:00,0.206905,0.335382,0.34732,0.336332,0.336465,0.364612,0.363676,0.424648,0.406684,0.372435
2022-07-17 07:15:00,0.228453,0.353667,0.363824,0.354552,0.354255,0.383018,0.393496,0.44289,0.425157,0.391065
2022-07-17 07:20:00,0.248348,0.372024,0.380241,0.372281,0.372145,0.401176,0.414365,0.461067,0.443097,0.409316
2022-07-17 07:25:00,0.258132,0.389659,0.396604,0.388726,0.389712,0.417931,0.420821,0.478463,0.459381,0.426043
2022-07-17 07:30:00,0.261718,0.406729,0.413314,0.404111,0.406967,0.433386,0.414387,0.49506,0.474394,0.441351
2022-07-17 07:35:00,0.257472,0.424092,0.430341,0.419642,0.424346,0.448874,0.396829,0.511192,0.489584,0.456668
2022-07-17 07:40:00,0.24729,0.441724,0.447613,0.436028,0.441776,0.465261,0.370314,0.52638,0.505764,0.473018
2022-07-17 07:45:00,0.234095,0.459145,0.464986,0.452986,0.45892,0.482341,0.338667,0.540653,0.522539,0.490026
2022-07-17 07:50:00,0.241602,0.475725,0.482077,0.46938,0.475299,0.49928,0.318517,0.5551,0.538528,0.506411
2022-07-17 07:55:00,0.279328,0.490464,0.498407,0.483942,0.489938,0.515384,0.315478,0.569835,0.552686,0.521028
2022-07-17 08:00:00,0.337214,0.503697,0.514011,0.497084,0.503163,0.530582,0.325333,0.585048,0.565494,0.534283
2022-07-17 08:05:00,0.391954,0.516957,0.529536,0.510605,0.516553,0.545302,0.35613,0.600338,0.578535,0.547867
2022-07-17 08:10:00,0.431382,0.530843,0.545084,0.525164,0.530878,0.559158,0.404416,0.615278,0.592712,0.562599
2022-07-17 08:15:00,0.458163,0.54509,0.560344,0.540333,0.545794,0.572105,0.461445,0.629697,0.607552,0.577842
2022-07-17 08:20:00,0.473149,0.559654,0.575263,0.5555,0.560512,0.584873,0.493608,0.643605,0.622188,0.592317
2022-07-17 08:25:00,0.470569,0.573817,0.589505,0.56992,0.574467,0.597755,0.491579,0.656746,0.636515,0.604653
2022-07-17 08:30:00,0.454628,0.587278,0.603028,0.583444,0.587717,0.61058,0.469639,0.669043,0.650581,0.615227
2022-07-17 08:35:00,0.436874,0.600727,0.615992,0.596885,0.601025,0.62355,0.479297,0.68115,0.664139,0.626017
2022-07-17 08:40:00,0.418858,0.61426,0.62856,0.610492,0.614518,0.636244,0.528881,0.693399,0.677262,0.638075
2022-07-17 08:45:00,0.404123,0.62756,0.640289,0.623969,0.627793,0.648161,0.596196,0.705671,0.690024,0.650888
2022-07-17 08:50:00,0.387773,0.64018,0.652169,0.636682,0.640522,0.659989,0.636774,0.717204,0.702014,0.663361
2022-07-17 08:55:00,0.377494,0.651585,0.664107,0.648076,0.652019,0.670934,0.631383,0.72716,0.712705,0.674724
2022-07-17 09:00:00,0.36976,0.662069,0.675803,0.658524,0.662526,0.681129,0.59715,0.73584,0.722507,0.685195
2022-07-17 09:05:00,0.359855,0.672848,0.6873,0.669267,0.673209,0.691543,0.578289,0.744784,0.732483,0.69581
2022-07-17 09:10:00,0.345796,0.683819,0.698465,0.680201,0.684127,0.702175,0.586389,0.753987,0.742531,0.706638
2022-07-17 09:15:00,0.330076,0.694512,0.709181,0.690859,0.694918,0.712656,0.611323,0.762947,0.752261,0.71721
2022-07-17 09:20:00,0.321988,0.704563,0.719126,0.700753,0.705309,0.722637,0.649557,0.771292,0.761472,0.727124
2022-07-17 09:25:00,0.328162,0.71399,0.727674,0.709578,0.714821,0.7314,0.688282,0.778498,0.770165,0.735639
2022-07-17 09:30:00,0.343974,0.722879,0.735084,0.717481,0.723499,0.739041,0.723403,0.784692,0.778289,0.742912
2022-07-17 09:35:00,0.360004,0.731093,0.742555,0.7253,0.731836,0.746812,0.755372,0.79155,0.786025,0.750273
2022-07-17 09:40:00,0.373658,0.73883,0.750193,0.733296,0.739745,0.754604,0.77148,0.799828,0.793294,0.757947
2022-07-17 09:45:00,0.386048,0.746364,0.757541,0.74118,0.747107,0.761985,0.779796,0.808464,0.800134,0.765453
2022-07-17 09:50:00,0.425523,0.753348,0.764295,0.748449,0.753883,0.768781,0.786646,0.815814,0.806352,0.772523
2022-07-17 09:55:00,0.496375,0.759314,0.769822,0.754859,0.759584,0.774345,0.794033,0.820677,0.811118,0.778848
2022-07-17 10:00:00,0.5824,0.764475,0.774372,0.760784,0.764433,0.778895,0.80122,0.823516,0.814817,0.784667
2022-07-17 10:05:00,0.648928,0.770189,0.77971,0.767097,0.769918,0.784083,0.799089,0.809452,0.819229,0.79068
2022-07-17 10:10:00,0.674073,0.776857,0.786458,0.774202,0.776565,0.790594,0.788506,0.775796,0.824922,0.797321
2022-07-17 10:15:00,0.669915,0.783914,0.793722,0.781553,0.78367,0.797684,0.774077,0.725208,0.83083,0.804143
2022-07-17 10:20:00,0.644622,0.78984,0.800502,0.78858,0.79044,0.804127,0.770992,0.671289,0.836326,0.810491
2022-07-17 10:25:00,0.598186,0.793447,0.806442,0.794212,0.795729,0.808985,0.785891,0.626067,0.841076,0.815398
2022-07-17 10:30:00,0.540431,0.795565,0.811732,0.798445,0.799728,0.812733,0.808681,0.590459,0.845173,0.819127
2022-07-17 10:35:00,0.520084,0.798115,0.816652,0.802681,0.803871,0.816626,0.82845,0.572762,0.848799,0.823094
2022-07-17 10:40:00,0.558995,0.801463,0.821144,0.807244,0.808383,0.820665,0.838439,0.582025,0.852118,0.827192
2022-07-17 10:45:00,0.634379,0.80503,0.825135,0.811666,0.812712,0.824403,0.842679,0.609029,0.855155,0.830849
2022-07-17 10:50:00,0.710599,0.808332,0.828289,0.815278,0.816278,0.827602,0.844872,0.632022,0.857191,0.833625
2022-07-17 10:55:00,0.767564,0.811049,0.830005,0.817485,0.818955,0.830071,0.846038,0.643592,0.85745,0.834957
2022-07-17 11:00:00,0.807145,0.813254,0.830567,0.818583,0.821053,0.832022,0.846791,0.648693,0.856375,0.835174
2022-07-17 11:05:00,0.820242,0.81547,0.831007,0.819914,0.82285,0.834073,0.848026,0.63435,0.855932,0.835469
2022-07-17 11:10:00,0.795272,0.818027,0.831435,0.821262,0.824147,0.836457,0.85003,0.607726,0.856888,0.83603
2022-07-17 11:15:00,0.747522,0.820755,0.831765,0.822122,0.82491,0.838893,0.852116,0.573868,0.858329,0.836574
2022-07-17 11:20:00,0.719979,0.823095,0.832088,0.822849,0.825432,0.84076,0.853492,0.558145,0.85892,0.837384
2022-07-17 11:25:00,0.740897,0.824027,0.832053,0.823829,0.825678,0.840916,0.853921,0.578463,0.858484,0.838858
2022-07-17 11:30:00,0.78925,0.823734,0.831469,0.82483,0.825547,0.839579,0.85366,0.619886,0.857439,0.840497
2022-07-17 11:35:00,0.829478,0.810995,0.83098,0.825369,0.825492,0.838433,0.853013,0.644406,0.855966,0.841442
2022-07-17 11:40:00,0.846229,0.78463,0.830737,0.82547,0.825555,0.837836,0.851927,0.639287,0.854097,0.841344
2022-07-17 11:45:00,0.846351,0.748813,0.830547,0.825433,0.825494,0.837286,0.850491,0.615438,0.851978,0.840401
2022-07-17 11:50:00,0.844568,0.720231,0.830302,0.825152,0.825329,0.836381,0.848883,0.599658,0.849427,0.838972
2022-07-17 11:55:00,0.841485,0.712845,0.830234,0.824335,0.825169,0.835356,0.846794,0.608472,0.846145,0.836949
2022-07-17 12:00:00,0.83832,0.720241,0.830005,0.822661,0.824736,0.834304,0.843752,0.632501,0.842147,0.834167
2022-07-17 12:05:00,0.834368,0.736006,0.829052,0.820706,0.823556,0.832399,0.840072,0.673571,0.838411,0.830953
2022-07-17 12:10:00,0.828998,0.756318,0.826552,0.818047,0.820983,0.829142,0.835718,0.722734,0.834792,0.827212
2022-07-17 12:15:00,0.822739,0.778034,0.822878,0.814653,0.817378,0.82495,0.830774,0.773088,0.830864,0.822879
2022-07-17 12:20:00,0.816696,0.793763,0.818668,0.811019,0.803565,0.820511,0.825847,0.808659,0.826912,0.818493
2022-07-17 12:25:00,0.811123,0.798392,0.813988,0.807599,0.779026,0.814981,0.821337,0.820619,0.823223,0.813556
2022-07-17 12:30:00,0.805545,0.795449,0.808667,0.804045,0.748019,0.808928,0.816945,0.817571,0.819545,0.80852
2022-07-17 12:35:00,0.799806,0.781711,0.803608,0.799602,0.730416,0.803252,0.811928,0.810822,0.815093,0.803369
2022-07-17 12:40:00,0.793261,0.758469,0.798984,0.793886,0.736852,0.797989,0.806206,0.804025,0.809256,0.797924
2022-07-17 12:45:00,0.785939,0.729454,0.794341,0.787364,0.757041,0.79268,0.80024,0.796998,0.802428,0.792039
2022-07-17 12:50:00,0.778849,0.712635,0.789605,0.781059,0.773655,0.787283,0.794487,0.790125,0.795198,0.786076
2022-07-17 12:55:00,0.77217,0.718568,0.784978,0.775734,0.77894,0.781979,0.789232,0.783695,0.788325,0.78045
2022-07-17 13:00:00,0.765258,0.737557,0.780173,0.77097,0.776722,0.776531,0.783848,0.777294,0.781549,0.774946
2022-07-17 13:05:00,0.757292,0.752279,0.774481,0.76571,0.771836,0.770208,0.77748,0.770592,0.773879,0.769092
2022-07-17 13:10:00,0.748006,0.754752,0.767486,0.759247,0.765585,0.762596,0.769748,0.763336,0.764735,0.762803
2022-07-17 13:15:00,0.737839,0.74939,0.75981,0.75185,0.757566,0.754171,0.761208,0.755559,0.754769,0.756145
2022-07-17 13:20:00,0.727539,0.74172,0.751872,0.744105,0.742832,0.745495,0.752607,0.747304,0.744605,0.748833
2022-07-17 13:25:00,0.717717,0.734445,0.744469,0.736088,0.718993,0.737067,0.744337,0.738637,0.734532,0.74087
2022-07-17 13:30:00,0.708268,0.727334,0.736989,0.727724,0.689505,0.728877,0.736197,0.729391,0.724733,0.732419
2022-07-17 13:35:00,0.698628,0.719816,0.728605,0.719588,0.672268,0.720515,0.72788,0.719136,0.715421,0.723557
2022-07-17 13:40:00,0.688638,0.711948,0.718914,0.711779,0.671944,0.711932,0.719415,0.707522,0.706879,0.714444
2022-07-17 13:45:00,0.678296,0.703757,0.708384,0.703896,0.68177,0.703098,0.710709,0.695163,0.698535,0.705119
2022-07-17 13:50:00,0.667539,0.695144,0.697789,0.695482,0.688496,0.693717,0.701545,0.683271,0.6894,0.695259
2022-07-17 13:55:00,0.656147,0.685767,0.687316,0.686398,0.686061,0.683434,0.691959,0.672715,0.678802,0.684719
2022-07-17 14:00:00,0.644249,0.675776,0.67689,0.676727,0.677054,0.672261,0.681813,0.662827,0.667073,0.67364
2022-07-17 14:05:00,0.632013,0.665398,0.666322,0.666525,0.667216,0.661074,0.670113,0.652446,0.65534,0.662172
2022-07-17 14:10:00,0.619326,0.654866,0.655637,0.655923,0.656506,0.649844,0.656565,0.641021,0.644372,0.650457
2022-07-17 14:15:00,0.606099,0.644108,0.644222,0.644966,0.645535,0.638455,0.642105,0.628662,0.633661,0.638395
2022-07-17 14:20:00,0.592453,0.632874,0.633158,0.633637,0.634226,0.626245,0.627851,0.615478,0.622035,0.625877
2022-07-17 14:25:00,0.578601,0.621221,0.621109,0.62201,0.622565,0.612869,0.614362,0.601686,0.608827,0.61289
2022-07-17 14:30:00,0.564557,0.609197,0.60817,0.610047,0.610568,0.598878,0.601627,0.58758,0.5947,0.599618
2022-07-17 14:35:00,0.550359,0.596864,0.585361,0.597775,0.598134,0.585661,0.5895,0.573792,0.580725,0.586546
2022-07-17 14:40:00,0.535525,0.584237,0.551573,0.585209,0.585392,0.573679,0.577881,0.560849,0.567542,0.574245
2022-07-17 14:45:00,0.520609,0.571191,0.511885,0.572011,0.572092,0.562181,0.566079,0.548175,0.554542,0.562305
2022-07-17 14:50:00,0.506048,0.557592,0.477866,0.558839,0.549721,0.550175,0.553208,0.534532,0.540612,0.549576
2022-07-17 14:55:00,0.492111,0.543384,0.456389,0.544887,0.517996,0.537215,0.53894,0.519338,0.525035,0.535325
2022-07-17 15:00:00,0.478184,0.528776,0.443116,0.530503,0.481688,0.523285,0.523801,0.503094,0.508481,0.520194
2022-07-17 15:05:00,0.463562,0.513974,0.433347,0.515922,0.449224,0.509654,0.5083,0.486389,0.49224,0.50511
2022-07-17 15:10:00,0.447968,0.499148,0.424656,0.501231,0.42677,0.495805,0.492437,0.469278,0.476896,0.490726
2022-07-17 15:15:00,0.431584,0.484424,0.415858,0.486554,0.410672,0.482073,0.476241,0.451866,0.461729,0.47659
2022-07-17 15:20:00,0.41463,0.469797,0.403003,0.472056,0.405891,0.467573,0.459833,0.434392,0.445684,0.461755
2022-07-17 15:25:00,0.39715,0.455513,0.385489,0.458272,0.410474,0.451609,0.443449,0.416772,0.428288,0.44587
2022-07-17 15:30:00,0.379538,0.441381,0.366177,0.444907,0.417903,0.434473,0.427114,0.399115,0.410184,0.429438
2022-07-17 15:35:00,0.362518,0.426649,0.350986,0.430602,0.415028,0.418346,0.410217,0.382011,0.39239,0.413063
2022-07-17 15:40:00,0.346209,0.410878,0.34222,0.414874,0.396852,0.402609,0.392608,0.365647,0.375367,0.397071
2022-07-17 15:45:00,0.329912,0.394485,0.336737,0.398288,0.371659,0.386923,0.372736,0.349341,0.358445,0.381029
2022-07-17 15:50:00,0.313086,0.378448,0.329838,0.381479,0.352961,0.370592,0.338121,0.332278,0.340888,0.364235
2022-07-17 15:55:00,0.295828,0.363348,0.321329,0.364711,0.344042,0.353407,0.29018,0.31442,0.322618,0.346544
2022-07-17 16:00:00,0.278484,0.348547,0.311746,0.348192,0.338803,0.335894,0.24102,0.296347,0.304188,0.328503
2022-07-17 16:05:00,0.26101,0.332822,0.303163,0.332079,0.330503,0.318593,0.205047,0.278474,0.2859,0.3108
2022-07-17 16:10:00,0.243462,0.316131,0.295951,0.316431,0.316678,0.301751,0.185504,0.260971,0.267862,0.293657
2022-07-17 16:15:00,0.226084,0.29916,0.288196,0.300792,0.300082,0.285016,0.174083,0.243402,0.249793,0.276652
2022-07-17 16:20:00,0.209101,0.282207,0.277467,0.284568,0.280692,0.26785,0.167967,0.225662,0.231454,0.259317
2022-07-17 16:25:00,0.192434,0.265538,0.263418,0.267844,0.259936,0.250099,0.16513,0.207829,0.21304,0.241826
2022-07-17 16:30:00,0.176181,0.249218,0.247504,0.250857,0.240359,0.232207,0.165081,0.190355,0.194995,0.224611
2022-07-17 16:35:00,0.160494,0.233269,0.231212,0.235328,0.225453,0.214699,0.16674,0.173273,0.177416,0.207697
2022-07-17 16:40:00,0.144983,0.217561,0.214802,0.22004,0.213594,0.197697,0.169132,0.156734,0.160493,0.190901
2022-07-17 16:45:00,0.129441,0.201902,0.198721,0.204788,0.201308,0.181265,0.168224,0.140992,0.14445,0.174045
2022-07-17 16:50:00,0.114422,0.186328,0.181794,0.189317,0.187224,0.165444,0.158696,0.126201,0.129371,0.157387
2022-07-17 16:55:00,0.100786,0.17122,0.166202,0.174034,0.172322,0.1504,0.14498,0.115717,0.115302,0.141544
2022-07-17 17:00:00,0.088687,0.156794,0.1545,0.1594,0.157902,0.136245,0.133176,0.112185,0.102304,0.126795
2022-07-17 17:05:00,0.077774,0.142427,0.146472,0.145511,0.144133,0.122308,0.125871,0.10929,0.090043,0.112895
2022-07-17 17:10:00,0.06821,0.130006,0.138558,0.133717,0.132687,0.108258,0.120931,0.097208,0.077915,0.100065
2022-07-17 17:15:00,0.060283,0.12166,0.129032,0.125091,0.124881,0.094473,0.115797,0.076813,0.066178,0.088511
2022-07-17 17:20:00,0.053944,0.115863,0.117725,0.117003,0.119556,0.081711,0.109118,0.060121,0.055961,0.077687
2022-07-17 17:25:00,0.049201,0.107213,0.104709,0.10782,0.113575,0.070896,0.101593,0.053871,0.048473,0.066938
2022-07-17 17:30:00,0.046201,0.094317,0.090456,0.098383,0.106851,0.062066,0.094314,0.056744,0.043527,0.056627
2022-07-17 17:35:00,0.045958,0.081795,0.076484,0.091297,0.100326,0.054213,0.087923,0.059771,0.03985,0.048091
2022-07-17 17:40:00,0.045747,0.07491,0.066011,0.086883,0.093252,0.046478,0.082486,0.056643,0.037697,0.042588
2022-07-17 17:45:00,0.045343,0.073756,0.059027,0.083255,0.085353,0.039575,0.07757,0.04856,0.035066,0.03995
2022-07-17 17:50:00,0.044667,0.072813,0.055421,0.078282,0.078289,0.03558,0.072738,0.041556,0.032722,0.040169
2022-07-17 17:55:00,0.043614,0.068254,0.056076,0.071316,0.072648,0.034426,0.067352,0.038093,0.031741,0.040182
2022-07-17 18:00:00,0.042181,0.061145,0.059559,0.064245,0.068831,0.034092,0.061157,0.036769,0.031514,0.039846
2022-07-17 18:05:00,0.040399,0.054577,0.06083,0.058091,0.064329,0.034035,0.053478,0.036507,0.031399,0.038805
2022-07-17 18:10:00,0.038451,0.051303,0.057998,0.052985,0.058699,0.033935,0.043458,0.036833,0.031101,0.036617
2022-07-17 18:15:00,0.036393,0.05005,0.052794,0.048164,0.052769,0.033584,0.032818,0.037183,0.030371,0.033691
2022-07-17 18:20:00,0.033932,0.048603,0.047824,0.043664,0.047895,0.032824,0.026952,0.03617,0.028991,0.030873
2022-07-17 18:25:00,0.030969,0.046101,0.044227,0.040267,0.04436,0.031617,0.027163,0.033271,0.026835,0.028493
2022-07-17 18:30:00,0.027575,0.042635,0.041379,0.037634,0.041328,0.029934,0.030264,0.029449,0.024028,0.026268
2022-07-17 18:35:00,0.023276,0.03847,0.038201,0.035219,0.037356,0.027676,0.031295,0.023452,0.020474,0.023881
2022-07-17 18:40:00,0.018133,0.033943,0.034273,0.032978,0.032419,0.024955,0.028329,0.015958,0.016337,0.02123
2022-07-17 18:45:00,0.01267,0.029617,0.029821,0.030684,0.027159,0.021923,0.023042,0.007305,0.011752,0.018221
2022-07-17 18:50:00,0.007443,0.025345,0.025166,0.027517,0.022683,0.017311,0.017621,0.0,0.0074,0.014798
2022-07-17 18:55:00,0.002758,0.021192,0.020683,0.023487,0.019582,0.011274,0.01274,0.0,0.003943,0.011089
2022-07-17 19:00:00,0.0,0.017176,0.016464,0.018929,0.017387,0.004755,0.008377,0.0,0.001151,0.007166
2022-07-17 19:05:00,0.0,0.013103,0.012754,0.014233,0.014807,0.0,0.004408,0.0,0.0,0.003414
2022-07-17 19:10:00,0.0,0.009046,0.008819,0.009928,0.011265,0.0,0.001182,0.0,0.0,0.000202
2022-07-17 19:15:00,0.0,0.005251,0.005188,0.006091,0.007207,0.0,0.0,0.0,0.0,0.0
2022-07-17 19:20:00,0.0,0.002084,0.002071,0.002715,0.00341,0.0,0.0,0.0,0.0,0.0
2022-07-17 19:25:00,0.0,0.0,0.0,0.000439,0.000728,0.0,0.0,0.0,0.0,0.0
2022-07-17 19:30:00,0.0,0.0,0.0,0.0,0.0,0.0,0.0,0.0,0.0,0.0
2022-07-17 19:35:00,0.0,0.0,0.0,0.0,0.0,0.0,0.0,0.0,0.0,0.0
2022-07-17 19:40:00,0.0,0.0,0.0,0.0,0.0,0.0,0.0,0.0,0.0,0.0
2022-07-17 19:45:00,0.0,0.0,0.0,0.0,0.0,0.0,0.0,0.0,0.0,0.0
2022-07-17 19:50:00,0.0,0.0,0.0,0.0,0.0,0.0,0.0,0.0,0.0,0.0
2022-07-17 19:55:00,0.0,0.0,0.0,0.0,0.0,0.0,0.0,0.0,0.0,0.0
2022-07-17 20:00:00,0.0,0.0,0.0,0.0,0.0,0.0,0.0,0.0,0.0,0.0
2022-07-17 20:05:00,0.0,0.0,0.0,0.0,0.0,0.0,0.0,0.0,0.0,0.0
2022-07-17 20:10:00,0.0,0.0,0.0,0.0,0.0,0.0,0.0,0.0,0.0,0.0
2022-07-17 20:15:00,0.0,0.0,0.0,0.0,0.0,0.0,0.0,0.0,0.0,0.0
2022-07-17 20:20:00,0.0,0.0,0.0,0.0,0.0,0.0,0.0,0.0,0.0,0.0
2022-07-17 20:25:00,0.0,0.0,0.0,0.0,0.0,0.0,0.0,0.0,0.0,0.0
2022-07-17 20:30:00,0.0,0.0,0.0,0.0,0.0,0.0,0.0,0.0,0.0,0.0
2022-07-17 20:35:00,0.0,0.0,0.0,0.0,0.0,0.0,0.0,0.0,0.0,0.0
2022-07-17 20:40:00,0.0,0.0,0.0,0.0,0.0,0.0,0.0,0.0,0.0,0.0
2022-07-17 20:45:00,0.0,0.0,0.0,0.0,0.0,0.0,0.0,0.0,0.0,0.0
2022-07-17 20:50:00,0.0,0.0,0.0,0.0,0.0,0.0,0.0,0.0,0.0,0.0
2022-07-17 20:55:00,0.0,0.0,0.0,0.0,0.0,0.0,0.0,0.0,0.0,0.0
2022-07-17 21:00:00,0.0,0.0,0.0,0.0,0.0,0.0,0.0,0.0,0.0,0.0
2022-07-17 21:05:00,0.0,0.0,0.0,0.0,0.0,0.0,0.0,0.0,0.0,0.0
2022-07-17 21:10:00,0.0,0.0,0.0,0.0,0.0,0.0,0.0,0.0,0.0,0.0
2022-07-17 21:15:00,0.0,0.0,0.0,0.0,0.0,0.0,0.0,0.0,0.0,0.0
2022-07-17 21:20:00,0.0,0.0,0.0,0.0,0.0,0.0,0.0,0.0,0.0,0.0
2022-07-17 21:25:00,0.0,0.0,0.0,0.0,0.0,0.0,0.0,0.0,0.0,0.0
2022-07-17 21:30:00,0.0,0.0,0.0,0.0,0.0,0.0,0.0,0.0,0.0,0.0
2022-07-17 21:35:00,0.0,0.0,0.0,0.0,0.0,0.0,0.0,0.0,0.0,0.0
2022-07-17 21:40:00,0.0,0.0,0.0,0.0,0.0,0.0,0.0,0.0,0.0,0.0
2022-07-17 21:45:00,0.0,0.0,0.0,0.0,0.0,0.0,0.0,0.0,0.0,0.0
2022-07-17 21:50:00,0.0,0.0,0.0,0.0,0.0,0.0,0.0,0.0,0.0,0.0
2022-07-17 21:55:00,0.0,0.0,0.0,0.0,0.0,0.0,0.0,0.0,0.0,0.0
2022-07-17 22:00:00,0.0,0.0,0.0,0.0,0.0,0.0,0.0,0.0,0.0,0.0
2022-07-17 22:05:00,0.0,0.0,0.0,0.0,0.0,0.0,0.0,0.0,0.0,0.0
2022-07-17 22:10:00,0.0,0.0,0.0,0.0,0.0,0.0,0.0,0.0,0.0,0.0
2022-07-17 22:15:00,0.0,0.0,0.0,0.0,0.0,0.0,0.0,0.0,0.0,0.0
2022-07-17 22:20:00,0.0,0.0,0.0,0.0,0.0,0.0,0.0,0.0,0.0,0.0
2022-07-17 22:25:00,0.0,0.0,0.0,0.0,0.0,0.0,0.0,0.0,0.0,0.0
2022-07-17 22:30:00,0.0,0.0,0.0,0.0,0.0,0.0,0.0,0.0,0.0,0.0
2022-07-17 22:35:00,0.0,0.0,0.0,0.0,0.0,0.0,0.0,0.0,0.0,0.0
2022-07-17 22:40:00,0.0,0.0,0.0,0.0,0.0,0.0,0.0,0.0,0.0,0.0
2022-07-17 22:45:00,0.0,0.0,0.0,0.0,0.0,0.0,0.0,0.0,0.0,0.0
2022-07-17 22:50:00,0.0,0.0,0.0,0.0,0.0,0.0,0.0,0.0,0.0,0.0
2022-07-17 22:55:00,0.0,0.0,0.0,0.0,0.0,0.0,0.0,0.0,0.0,0.0
2022-07-17 23:00:00,0.0,0.0,0.0,0.0,0.0,0.0,0.0,0.0,0.0,0.0
2022-07-17 23:05:00,0.0,0.0,0.0,0.0,0.0,0.0,0.0,0.0,0.0,0.0
2022-07-17 23:10:00,0.0,0.0,0.0,0.0,0.0,0.0,0.0,0.0,0.0,0.0
2022-07-17 23:15:00,0.0,0.0,0.0,0.0,0.0,0.0,0.0,0.0,0.0,0.0
2022-07-17 23:20:00,0.0,0.0,0.0,0.0,0.0,0.0,0.0,0.0,0.0,0.0
2022-07-17 23:25:00,0.0,0.0,0.0,0.0,0.0,0.0,0.0,0.0,0.0,0.0
2022-07-17 23:30:00,0.0,0.0,0.0,0.0,0.0,0.0,0.0,0.0,0.0,0.0
2022-07-17 23:35:00,0.0,0.0,0.0,0.0,0.0,0.0,0.0,0.0,0.0,0.0
2022-07-17 23:40:00,0.0,0.0,0.0,0.0,0.0,0.0,0.0,0.0,0.0,0.0
2022-07-17 23:45:00,0.0,0.0,0.0,0.0,0.0,0.0,0.0,0.0,0.0,0.0
2022-07-17 23:50:00,0.0,0.0,0.0,0.0,0.0,0.0,0.0,0.0,0.0,0.0
2022-07-17 23:55:00,0.0,0.0,0.0,0.0,0.0,0.0,0.0,0.0,0.0,0.0
2022-07-18 00:00:00,0.0,0.0,0.0,0.0,0.0,0.0,0.0,0.0,0.0,0.0
2022-07-18 00:05:00,0.0,0.0,0.0,0.0,0.0,0.0,0.0,0.0,0.0,0.0
2022-07-18 00:10:00,0.0,0.0,0.0,0.0,0.0,0.0,0.0,0.0,0.0,0.0
2022-07-18 00:15:00,0.0,0.0,0.0,0.0,0.0,0.0,0.0,0.0,0.0,0.0
2022-07-18 00:20:00,0.0,0.0,0.0,0.0,0.0,0.0,0.0,0.0,0.0,0.0
2022-07-18 00:25:00,0.0,0.0,0.0,0.0,0.0,0.0,0.0,0.0,0.0,0.0
2022-07-18 00:30:00,0.0,0.0,0.0,0.0,0.0,0.0,0.0,0.0,0.0,0.0
2022-07-18 00:35:00,0.0,0.0,0.0,0.0,0.0,0.0,0.0,0.0,0.0,0.0
2022-07-18 00:40:00,0.0,0.0,0.0,0.0,0.0,0.0,0.0,0.0,0.0,0.0
2022-07-18 00:45:00,0.0,0.0,0.0,0.0,0.0,0.0,0.0,0.0,0.0,0.0
2022-07-18 00:50:00,0.0,0.0,0.0,0.0,0.0,0.0,0.0,0.0,0.0,0.0
2022-07-18 00:55:00,0.0,0.0,0.0,0.0,0.0,0.0,0.0,0.0,0.0,0.0
2022-07-18 01:00:00,0.0,0.0,0.0,0.0,0.0,0.0,0.0,0.0,0.0,0.0
2022-07-18 01:05:00,0.0,0.0,0.0,0.0,0.0,0.0,0.0,0.0,0.0,0.0
2022-07-18 01:10:00,0.0,0.0,0.0,0.0,0.0,0.0,0.0,0.0,0.0,0.0
2022-07-18 01:15:00,0.0,0.0,0.0,0.0,0.0,0.0,0.0,0.0,0.0,0.0
2022-07-18 01:20:00,0.0,0.0,0.0,0.0,0.0,0.0,0.0,0.0,0.0,0.0
2022-07-18 01:25:00,0.0,0.0,0.0,0.0,0.0,0.0,0.0,0.0,0.0,0.0
2022-07-18 01:30:00,0.0,0.0,0.0,0.0,0.0,0.0,0.0,0.0,0.0,0.0
2022-07-18 01:35:00,0.0,0.0,0.0,0.0,0.0,0.0,0.0,0.0,0.0,0.0
2022-07-18 01:40:00,0.0,0.0,0.0,0.0,0.0,0.0,0.0,0.0,0.0,0.0
2022-07-18 01:45:00,0.0,0.0,0.0,0.0,0.0,0.0,0.0,0.0,0.0,0.0
2022-07-18 01:50:00,0.0,0.0,0.0,0.0,0.0,0.0,0.0,0.0,0.0,0.0
2022-07-18 01:55:00,0.0,0.0,0.0,0.0,0.0,0.0,0.0,0.0,0.0,0.0
2022-07-18 02:00:00,0.0,0.0,0.0,0.0,0.0,0.0,0.0,0.0,0.0,0.0
2022-07-18 02:05:00,0.0,0.0,0.0,0.0,0.0,0.0,0.0,0.0,0.0,0.0
2022-07-18 02:10:00,0.0,0.0,0.0,0.0,0.0,0.0,0.0,0.0,0.0,0.0
2022-07-18 02:15:00,0.0,0.0,0.0,0.0,0.0,0.0,0.0,0.0,0.0,0.0
2022-07-18 02:20:00,0.0,0.0,0.0,0.0,0.0,0.0,0.0,0.0,0.0,0.0
2022-07-18 02:25:00,0.0,0.0,0.0,0.0,0.0,0.0,0.0,0.0,0.0,0.0
2022-07-18 02:30:00,0.0,0.0,0.0,0.0,0.0,0.0,0.0,0.0,0.0,0.0
2022-07-18 02:35:00,0.0,0.0,0.0,0.0,0.0,0.0,0.0,0.0,0.0,0.0
2022-07-18 02:40:00,0.0,0.0,0.0,0.0,0.0,0.0,0.0,0.0,0.0,0.0
2022-07-18 02:45:00,0.0,0.0,0.0,0.0,0.0,0.0,0.0,0.0,0.0,0.0
2022-07-18 02:50:00,0.0,0.0,0.0,0.0,0.0,0.0,0.0,0.0,0.0,0.0
2022-07-18 02:55:00,0.0,0.0,0.0,0.0,0.0,0.0,0.0,0.0,0.0,0.0
2022-07-18 03:00:00,0.0,0.0,0.0,0.0,0.0,0.0,0.0,0.0,0.0,0.0
2022-07-18 03:05:00,0.0,0.0,0.0,0.0,0.0,0.0,0.0,0.0,0.0,0.0
2022-07-18 03:10:00,0.0,0.0,0.0,0.0,0.0,0.0,0.0,0.0,0.0,0.0
2022-07-18 03:15:00,0.0,0.0,0.0,0.0,0.0,0.0,0.0,0.0,0.0,0.0
2022-07-18 03:20:00,0.0,0.0,0.0,0.0,0.0,0.0,0.0,0.0,0.0,0.0
2022-07-18 03:25:00,0.000382,0.0,0.0,0.0,0.0,0.0,0.0,0.0,0.0,0.0
2022-07-18 03:30:00,0.003999,0.0,0.0,0.0,0.0,0.0,0.0,0.00141,0.0,0.0
2022-07-18 03:35:00,0.00797,0.0,0.0,0.0,0.0,0.0,0.0,0.004244,0.0,0.0
2022-07-18 03:40:00,0.011702,0.0,0.0,0.0,0.0,0.0,0.00287,0.006745,0.0,0.0
2022-07-18 03:45:00,0.015253,0.0,0.0,0.0,0.0,0.0,0.006362,0.009202,0.000755,0.0
2022-07-18 03:50:00,0.019182,0.0,0.0,0.0,0.0,0.0,0.011074,0.0119,0.003225,0.0
2022-07-18 03:55:00,0.023623,0.0,0.001517,0.0,0.0,0.001264,0.015321,0.014933,0.007126,0.001335
2022-07-18 04:00:00,0.028262,0.000207,0.004627,0.000306,0.00107,0.004676,0.01928,0.018184,0.011927,0.004742
2022-07-18 04:05:00,0.032608,0.003594,0.008533,0.003512,0.004698,0.008626,0.023298,0.021475,0.01673,0.008067
2022-07-18 04:10:00,0.03644,0.007711,0.012671,0.007586,0.009232,0.012739,0.027028,0.024537,0.021073,0.011134
2022-07-18 04:15:00,0.039858,0.012384,0.01702,0.012111,0.014362,0.016866,0.03074,0.027529,0.024914,0.014272
2022-07-18 04:20:00,0.042873,0.017271,0.021395,0.016435,0.019486,0.021232,0.033695,0.030876,0.028017,0.017899
2022-07-18 04:25:00,0.045435,0.022366,0.025559,0.020459,0.024277,0.025052,0.036628,0.034707,0.030115,0.022284
2022-07-18 04:30:00,0.047754,0.027315,0.02917,0.024371,0.028533,0.028511,0.038888,0.038625,0.031568,0.026995
2022-07-18 04:35:00,0.049979,0.032041,0.03245,0.028453,0.03225,0.03169,0.042727,0.041965,0.032587,0.03118
2022-07-18 04:40:00,0.052026,0.03627,0.035856,0.033052,0.035637,0.034558,0.048276,0.044399,0.032984,0.034331
2022-07-18 04:45:00,0.053966,0.039923,0.039465,0.038032,0.038876,0.037226,0.05495,0.046181,0.033207,0.036726
2022-07-18 04:50:00,0.055575,0.042741,0.041985,0.042867,0.041754,0.040212,0.058142,0.047519,0.034239,0.039228
2022-07-18 04:55:00,0.056641,0.045413,0.043593,0.047656,0.044519,0.043797,0.057938,0.048232,0.036722,0.042467
2022-07-18 05:00:00,0.057875,0.047685,0.04454,0.0525,0.047495,0.047711,0.055703,0.048459,0.040062,0.046037
2022-07-18 05:05:00,0.061502,0.051491,0.047202,0.057485,0.051845,0.050892,0.057737,0.048814,0.042841,0.048983
2022-07-18 05:10:00,0.066629,0.056988,0.053509,0.062347,0.058347,0.05313,0.064387,0.052075,0.044254,0.050624
2022-07-18 05:15:00,0.073402,0.063746,0.062295,0.06706,0.066475,0.054387,0.075099,0.057443,0.047787,0.051318
2022-07-18 05:20:00,0.082199,0.070056,0.068477,0.071723,0.073816,0.055017,0.081412,0.065278,0.053695,0.052148
2022-07-18 05:25:00,0.092938,0.074728,0.068839,0.076257,0.078809,0.057751,0.083322,0.075739,0.062531,0.055274
2022-07-18 05:30:00,0.104834,0.079061,0.067456,0.081085,0.082469,0.062128,0.084539,0.087831,0.073442,0.060117
2022-07-18 05:35:00,0.117009,0.084544,0.06834,0.086543,0.084241,0.068894,0.089206,0.100294,0.085036,0.067488
2022-07-18 05:40:00,0.129064,0.091681,0.073134,0.092804,0.084726,0.078447,0.09767,0.112667,0.096535,0.077634
2022-07-18 05:45:00,0.141369,0.099695,0.080627,0.099714,0.086001,0.089825,0.108897,0.125343,0.108675,0.08946
2022-07-18 05:50:00,0.154261,0.107979,0.089646,0.106629,0.092985,0.101502,0.120018,0.138748,0.122522,0.101658
2022-07-18 05:55:00,0.167717,0.116782,0.099712,0.11395,0.104975,0.112738,0.132724,0.152858,0.137993,0.113649
2022-07-18 06:00:00,0.181805,0.126037,0.111054,0.121802,0.118659,0.124185,0.146458,0.167656,0.154168,0.125948
2022-07-18 06:05:00,0.196669,0.135292,0.123146,0.129937,0.129689,0.136643,0.161036,0.183274,0.170427,0.139313
2022-07-18 06:10:00,0.212204,0.144759,0.136555,0.138113,0.138263,0.150282,0.174984,0.199611,0.186773,0.153863
2022-07-18 06:15:00,0.228236,0.154871,0.151111,0.147919,0.148345,0.164991,0.185875,0.216551,0.203744,0.169539
2022-07-18 06:20:00,0.244529,0.164755,0.166571,0.159934,0.161531,0.180485,0.195671,0.233892,0.221321,0.186077
2022-07-18 06:25:00,0.260573,0.175577,0.182588,0.173636,0.176937,0.196384,0.206019,0.250944,0.238912,0.202942
2022-07-18 06:30:00,0.275766,0.188736,0.198443,0.188154,0.192447,0.212384,0.218203,0.267199,0.256092,0.219706
2022-07-18 06:35:00,0.291159,0.204118,0.214668,0.20311,0.208148,0.228499,0.232835,0.28356,0.273263,0.236527
2022-07-18 06:40:00,0.306918,0.218967,0.230601,0.218436,0.223856,0.244617,0.251231,0.300027,0.290888,0.253505
2022-07-18 06:45:00,0.323349,0.231498,0.246204,0.234073,0.240043,0.260924,0.273227,0.316846,0.309025,0.270831
2022-07-18 06:50:00,0.339946,0.243117,0.261876,0.250365,0.256703,0.277725,0.294342,0.333652,0.32714,0.288367
2022-07-18 06:55:00,0.356221,0.257594,0.277835,0.266687,0.273434,0.294458,0.305988,0.349596,0.344433,0.305502
2022-07-18 07:00:00,0.372267,0.276414,0.294098,0.282863,0.29017,0.310643,0.309262,0.364722,0.360936,0.322122
2022-07-18 07:05:00,0.38854,0.297109,0.310809,0.299728,0.307241,0.326821,0.304164,0.380052,0.377555,0.338927
2022-07-18 07:10:00,0.405071,0.316134,0.327832,0.316949,0.324569,0.34352,0.293272,0.396199,0.394879,0.356425
2022-07-18 07:15:00,0.421533,0.33297,0.344984,0.334281,0.341901,0.36072,0.279186,0.412947,0.412737,0.374403
2022-07-18 07:20:00,0.437251,0.349372,0.362084,0.351262,0.358811,0.378162,0.270034,0.429724,0.430195,0.392161
2022-07-18 07:25:00,0.451302,0.365625,0.378819,0.367004,0.374489,0.394944,0.271848,0.44586,0.446136,0.408416
2022-07-18 07:30:00,0.464032,0.381584,0.395257,0.38166,0.389183,0.41112,0.28188,0.461288,0.460888,0.423556
2022-07-18 07:35:00,0.476925,0.397868,0.411758,0.396427,0.404041,0.427109,0.295973,0.476384,0.475831,0.438897
2022-07-18 07:40:00,0.490924,0.414486,0.428372,0.412067,0.419459,0.442437,0.314787,0.490619,0.491706,0.455087
2022-07-18 07:45:00,0.505607,0.431041,0.444856,0.428274,0.435045,0.456971,0.33598,0.503951,0.508201,0.471802
2022-07-18 07:50:00,0.520043,0.446871,0.460419,0.444004,0.450335,0.471343,0.355847,0.516996,0.524414,0.488015
2022-07-18 07:55:00,0.534063,0.46101,0.474235,0.458107,0.464222,0.485867,0.372209,0.530374,0.539743,0.502616
2022-07-18 08:00:00,0.547931,0.47377,0.486882,0.470961,0.476806,0.500407,0.386078,0.54374,0.554337,0.515751
2022-07-18 08:05:00,0.561637,0.486869,0.499777,0.484141,0.489646,0.514629,0.403219,0.557482,0.568545,0.528854
2022-07-18 08:10:00,0.575085,0.501004,0.513858,0.498191,0.503563,0.527575,0.421595,0.571548,0.58203,0.542411
2022-07-18 08:15:00,0.587723,0.51571,0.528439,0.512668,0.518106,0.539271,0.441167,0.585462,0.594631,0.55602
2022-07-18 08:20:00,0.592339,0.530281,0.54286,0.527135,0.532688,0.551063,0.473393,0.598723,0.606761,0.569818
2022-07-18 08:25:00,0.585642,0.544044,0.556535,0.540927,0.546548,0.563427,0.513538,0.610853,0.618755,0.583413
2022-07-18 08:30:00,0.570252,0.556935,0.569421,0.554029,0.559595,0.575957,0.555374,0.622056,0.630697,0.596476
2022-07-18 08:35:00,0.555031,0.569935,0.582119,0.567162,0.572672,0.588631,0.574727,0.633376,0.643184,0.609598
2022-07-18 08:40:00,0.548235,0.58325,0.594958,0.580114,0.586013,0.601449,0.561601,0.644875,0.655979,0.622887
2022-07-18 08:45:00,0.548321,0.596429,0.607769,0.592466,0.599195,0.614188,0.527544,0.656114,0.668398,0.635739
2022-07-18 08:50:00,0.555333,0.608915,0.620024,0.604516,0.611816,0.62648,0.499027,0.666653,0.680568,0.647393
2022-07-18 08:55:00,0.570684,0.620447,0.631317,0.616005,0.623384,0.637808,0.489727,0.675991,0.692069,0.656903
2022-07-18 09:00:00,0.591979,0.631302,0.641853,0.626853,0.634038,0.648203,0.494079,0.684376,0.703149,0.664874
2022-07-18 09:05:00,0.608634,0.642172,0.652332,0.637831,0.644776,0.658479,0.526089,0.684116,0.713786,0.673241
2022-07-18 09:10:00,0.617926,0.652699,0.662913,0.649007,0.655592,0.668826,0.578473,0.673974,0.723838,0.682898
2022-07-18 09:15:00,0.621744,0.662498,0.673434,0.659928,0.66615,0.679021,0.639133,0.656763,0.733452,0.69328
2022-07-18 09:20:00,0.633853,0.672024,0.683408,0.670163,0.6762,0.688738,0.686739,0.65072,0.742656,0.70336
2022-07-18 09:25:00,0.658364,0.680761,0.692205,0.679075,0.684973,0.697152,0.709988,0.666609,0.750739,0.712589
2022-07-18 09:30:00,0.689502,0.688574,0.700001,0.68691,0.692565,0.704533,0.719477,0.696215,0.757677,0.721074
2022-07-18 09:35:00,0.718486,0.696402,0.707849,0.69491,0.70031,0.712576,0.725494,0.716417,0.764665,0.72938
2022-07-18 09:40:00,0.736042,0.70456,0.715709,0.703086,0.708316,0.721938,0.731862,0.716034,0.771667,0.73726
2022-07-18 09:45:00,0.744817,0.712676,0.723276,0.710971,0.716181,0.731681,0.735947,0.701166,0.778336,0.744592
2022-07-18 09:50:00,0.74021,0.720085,0.730139,0.71843,0.723411,0.740365,0.706427,0.669814,0.784504,0.751422
2022-07-18 09:55:00,0.717832,0.726213,0.735852,0.724669,0.729982,0.746748,0.643207,0.629728,0.790068,0.757005
2022-07-18 10:00:00,0.683192,0.731451,0.740665,0.729941,0.736179,0.751269,0.557503,0.584326,0.795209,0.761575
2022-07-18 10:05:00,0.651656,0.737323,0.746041,0.735853,0.742586,0.755651,0.483421,0.552931,0.80041,0.766705
2022-07-18 10:10:00,0.636678,0.74432,0.752509,0.743257,0.749622,0.760339,0.450274,0.553403,0.806191,0.772972
2022-07-18 10:15:00,0.63405,0.751586,0.75959,0.751272,0.757168,0.764955,0.44648,0.575674,0.812363,0.779535
2022-07-18 10:20:00,0.636832,0.757857,0.766406,0.758727,0.7644,0.769316,0.467876,0.59908,0.817852,0.785577
2022-07-18 10:25:00,0.642192,0.762005,0.772588,0.764867,0.770318,0.773291,0.512856,0.617039,0.821693,0.790328
2022-07-18 10:30:00,0.649295,0.764634,0.778293,0.769714,0.77492,0.777001,0.564556,0.630172,0.824292,0.794138
2022-07-18 10:35:00,0.656982,0.767796,0.783481,0.774676,0.779462,0.780995,0.585159,0.639341,0.827043,0.798059
2022-07-18 10:40:00,0.664177,0.772011,0.788006,0.779463,0.784048,0.785019,0.562575,0.645489,0.83005,0.802272
2022-07-18 10:45:00,0.670508,0.776481,0.791925,0.783582,0.78833,0.788625,0.51625,0.649914,0.832761,0.806392
2022-07-18 10:50:00,0.673961,0.780324,0.79522,0.787759,0.791839,0.791614,0.499678,0.652823,0.834978,0.809559
2022-07-18 10:55:00,0.67333,0.782666,0.797104,0.791043,0.793893,0.793204,0.522106,0.656397,0.836543,0.811045
2022-07-18 11:00:00,0.671288,0.783861,0.797871,0.793571,0.794761,0.793644,0.564044,0.659912,0.837506,0.811384
2022-07-18 11:05:00,0.682236,0.785653,0.799259,0.795891,0.796245,0.794756,0.576901,0.663838,0.838295,0.81238
2022-07-18 11:10:00,0.712379,0.788627,0.801988,0.797704,0.799066,0.797025,0.551046,0.667595,0.839323,0.814358
2022-07-18 11:15:00,0.750001,0.792001,0.805133,0.798921,0.802301,0.799667,0.504386,0.672056,0.840446,0.816452
2022-07-18 11:20:00,0.783879,0.785421,0.807339,0.799802,0.804407,0.801685,0.464762,0.666223,0.840878,0.817912
2022-07-18 11:25:00,0.799,0.767199,0.807707,0.800308,0.803991,0.802042,0.448243,0.651199,0.83986,0.817947
2022-07-18 11:30:00,0.800603,0.742118,0.806871,0.800473,0.80056,0.801027,0.44739,0.630551,0.837699,0.816777
2022-07-18 11:35:00,0.776145,0.728884,0.806032,0.801043,0.775427,0.800089,0.45739,0.619503,0.835486,0.815724
2022-07-18 11:40:00,0.718179,0.739526,0.805644,0.801634,0.721612,0.799554,0.479529,0.627704,0.833388,0.815074
2022-07-18 11:45:00,0.637212,0.764192,0.805456,0.801819,0.647439,0.799037,0.50636,0.648036,0.831183,0.814436
2022-07-18 11:50:00,0.569701,0.785685,0.805194,0.801903,0.610072,0.79819,0.531279,0.654796,0.828855,0.813417
2022-07-18 11:55:00,0.546158,0.795956,0.804405,0.801584,0.640927,0.797243,0.548904,0.642305,0.826537,0.812115
2022-07-18 12:00:00,0.552545,0.798517,0.802845,0.800551,0.710936,0.796244,0.563153,0.617287,0.824078,0.810539
2022-07-18 12:05:00,0.568104,0.798098,0.801059,0.799278,0.768458,0.794712,0.580162,0.59909,0.821311,0.808123
2022-07-18 12:10:00,0.581188,0.796206,0.798641,0.797386,0.792604,0.791887,0.600572,0.599999,0.817971,0.804631
2022-07-18 12:15:00,0.591083,0.793415,0.79544,0.79465,0.794286,0.787919,0.621291,0.613051,0.814169,0.800401
2022-07-18 12:20:00,0.588638,0.790235,0.792005,0.791523,0.783282,0.783841,0.634429,0.624929,0.810498,0.796129
2022-07-18 12:25:00,0.570495,0.787036,0.788827,0.788352,0.760924,0.779962,0.63802,0.631174,0.80722,0.791324
2022-07-18 12:30:00,0.541315,0.78362,0.785697,0.785069,0.733527,0.776162,0.634921,0.633602,0.803883,0.786433
2022-07-18 12:35:00,0.531343,0.77957,0.782319,0.781514,0.717125,0.771907,0.631198,0.629157,0.79972,0.781436
2022-07-18 12:40:00,0.545081,0.774299,0.77839,0.777564,0.723739,0.767097,0.624806,0.619274,0.794151,0.776155
2022-07-18 12:45:00,0.571406,0.768229,0.773973,0.773197,0.743469,0.761905,0.612956,0.606167,0.78695,0.770447
2022-07-18 12:50:00,0.583318,0.762378,0.769508,0.768464,0.759771,0.756621,0.560347,0.612957,0.780567,0.764634
2022-07-18 12:55:00,0.564197,0.756945,0.765169,0.763151,0.764586,0.751557,0.467015,0.642387,0.773985,0.759038
2022-07-18 13:00:00,0.52488,0.751377,0.760742,0.757168,0.761487,0.746387,0.357759,0.681956,0.767552,0.753467
2022-07-18 13:05:00,0.471137,0.745585,0.755655,0.75071,0.756042,0.74052,0.273507,0.699154,0.760771,0.747672
2022-07-18 13:10:00,0.410542,0.739111,0.74929,0.743815,0.749645,0.733473,0.247305,0.681971,0.753367,0.741587
2022-07-18 13:15:00,0.348629,0.731926,0.742042,0.736568,0.74255,0.725564,0.252744,0.643096,0.745553,0.735147
2022-07-18 13:20:00,0.300846,0.724732,0.73502,0.729327,0.735597,0.71725,0.26037,0.601361,0.73751,0.72793
2022-07-18 13:25:00,0.281115,0.718069,0.728394,0.722017,0.729104,0.709193,0.262606,0.569255,0.729031,0.719313
2022-07-18 13:30:00,0.28018,0.711543,0.721545,0.714264,0.722505,0.701403,0.266725,0.545006,0.720022,0.709648
2022-07-18 13:35:00,0.285736,0.704405,0.71373,0.706543,0.715048,0.693575,0.304422,0.526673,0.710658,0.70021
2022-07-18 13:40:00,0.293182,0.696896,0.704556,0.699174,0.706132,0.685521,0.377914,0.516114,0.700889,0.691227
2022-07-18 13:45:00,0.301491,0.689134,0.694429,0.69174,0.696131,0.677103,0.463991,0.510477,0.690575,0.682088
2022-07-18 13:50:00,0.315857,0.680901,0.683939,0.683636,0.685915,0.668014,0.541204,0.508098,0.679568,0.672377
2022-07-18 13:55:00,0.335419,0.67205,0.673167,0.674548,0.676091,0.65806,0.589383,0.508103,0.667937,0.662562
2022-07-18 14:00:00,0.357413,0.662903,0.662199,0.664921,0.666615,0.647718,0.618147,0.508651,0.656026,0.652872
2022-07-18 14:05:00,0.376944,0.653381,0.651697,0.655141,0.657,0.637732,0.630897,0.503725,0.64437,0.642477
2022-07-18 14:10:00,0.3894,0.643507,0.641535,0.645254,0.647065,0.628608,0.627562,0.491718,0.633432,0.631339
2022-07-18 14:15:00,0.398845,0.633256,0.631143,0.635045,0.636788,0.619696,0.615781,0.475533,0.622749,0.619794
2022-07-18 14:20:00,0.401583,0.622509,0.620265,0.624333,0.626087,0.609951,0.602633,0.463393,0.608814,0.607878
2022-07-18 14:25:00,0.404357,0.611321,0.608974,0.61318,0.614921,0.598757,0.589905,0.45797,0.590648,0.595327
2022-07-18 14:30:00,0.405606,0.599735,0.597449,0.601629,0.603277,0.586419,0.577233,0.456474,0.570249,0.582395
2022-07-18 14:35:00,0.409363,0.587706,0.586161,0.589633,0.591388,0.573524,0.565917,0.451725,0.553051,0.569853
2022-07-18 14:40:00,0.414229,0.5753,0.575549,0.577259,0.57919,0.560267,0.555258,0.441389,0.540868,0.558016
2022-07-18 14:45:00,0.4194,0.562653,0.56505,0.564643,0.566506,0.546796,0.544409,0.428289,0.531375,0.546179
2022-07-18 14:50:00,0.410232,0.549517,0.553757,0.551535,0.553471,0.533021,0.532967,0.415272,0.51301,0.533411
2022-07-18 14:55:00,0.38738,0.536032,0.54109,0.538079,0.540033,0.518849,0.519639,0.40511,0.485185,0.519314
2022-07-18 15:00:00,0.356214,0.522058,0.527267,0.52413,0.526122,0.504631,0.505072,0.395697,0.453434,0.504512
2022-07-18 15:05:00,0.3209,0.50792,0.512953,0.510017,0.511811,0.490864,0.490803,0.387533,0.424664,0.489874
2022-07-18 15:10:00,0.28573,0.493648,0.498397,0.495768,0.497194,0.477775,0.475679,0.377585,0.405898,0.475873
2022-07-18 15:15:00,0.25266,0.479306,0.48357,0.481449,0.482565,0.464748,0.458934,0.366596,0.39333,0.461956
2022-07-18 15:20:00,0.234883,0.465155,0.468422,0.467215,0.468344,0.450753,0.444886,0.354469,0.38062,0.447312
2022-07-18 15:25:00,0.2377,0.451665,0.453155,0.453285,0.454641,0.4354,0.429034,0.340872,0.368074,0.431518
2022-07-18 15:30:00,0.251995,0.438467,0.437924,0.439425,0.440964,0.419417,0.410636,0.326566,0.355803,0.415073
2022-07-18 15:35:00,0.259209,0.424311,0.422179,0.425018,0.426557,0.403599,0.387062,0.311163,0.347767,0.399025
2022-07-18 15:40:00,0.253204,0.40891,0.405881,0.409664,0.41106,0.388448,0.355422,0.294954,0.344426,0.383646
2022-07-18 15:45:00,0.239726,0.393035,0.389494,0.393779,0.394981,0.373546,0.323814,0.279138,0.341492,0.368219
2022-07-18 15:50:00,0.225839,0.377332,0.373703,0.378215,0.379213,0.35806,0.307442,0.26481,0.333328,0.352062
2022-07-18 15:55:00,0.214898,0.362177,0.358577,0.3632,0.36398,0.341561,0.304194,0.252942,0.318416,0.335266
2022-07-18 16:00:00,0.205824,0.347132,0.343411,0.348159,0.348733,0.324538,0.302624,0.242475,0.300217,0.318401
2022-07-18 16:05:00,0.199553,0.331437,0.327515,0.332471,0.33293,0.307871,0.270609,0.233013,0.282096,0.301581
2022-07-18 16:10:00,0.195377,0.314841,0.310942,0.315934,0.316429,0.291817,0.213005,0.223835,0.264275,0.284944
2022-07-18 16:15:00,0.191514,0.297783,0.294276,0.298944,0.299563,0.275807,0.150669,0.213993,0.246667,0.268417
2022-07-18 16:20:00,0.183636,0.280805,0.277892,0.282069,0.282759,0.259327,0.120586,0.203305,0.226928,0.251726
2022-07-18 16:25:00,0.17121,0.264109,0.261842,0.265566,0.266181,0.242608,0.130931,0.191973,0.207113,0.234798
2022-07-18 16:30:00,0.157251,0.247755,0.245717,0.249456,0.24991,0.226051,0.15792,0.180458,0.190351,0.21801
2022-07-18 16:35:00,0.146393,0.231721,0.229262,0.233647,0.233834,0.209496,0.175096,0.169234,0.177286,0.201687
2022-07-18 16:40:00,0.13919,0.215909,0.212742,0.217988,0.21789,0.193126,0.174744,0.158154,0.163536,0.185686
2022-07-18 16:45:00,0.133535,0.200046,0.196568,0.202261,0.201885,0.177324,0.165733,0.147365,0.146502,0.169741
2022-07-18 16:50:00,0.127177,0.18415,0.180775,0.186413,0.185773,0.162097,0.15707,0.137364,0.128057,0.153978
2022-07-18 16:55:00,0.118473,0.168756,0.165448,0.17087,0.170009,0.147539,0.146757,0.12823,0.1111,0.139057
2022-07-18 17:00:00,0.109357,0.154129,0.150724,0.155962,0.154882,0.133775,0.133737,0.120298,0.096721,0.12526
2022-07-18 17:05:00,0.101522,0.139886,0.136435,0.141559,0.140221,0.120455,0.119591,0.112966,0.084812,0.112526
2022-07-18 17:10:00,0.095606,0.125564,0.122117,0.127252,0.125592,0.10707,0.109344,0.104418,0.076084,0.100879
2022-07-18 17:15:00,0.090707,0.111205,0.107768,0.112997,0.110979,0.093734,0.105293,0.094757,0.071022,0.09032
2022-07-18 17:20:00,0.084237,0.097561,0.094147,0.09948,0.097105,0.08136,0.103917,0.085405,0.06624,0.080288
2022-07-18 17:25:00,0.075357,0.085553,0.082162,0.087558,0.084834,0.070954,0.100329,0.078666,0.05938,0.070148
2022-07-18 17:30:00,0.065228,0.075268,0.071933,0.077298,0.074237,0.062428,0.094304,0.07445,0.050843,0.060376
2022-07-18 17:35:00,0.058611,0.066316,0.063174,0.068448,0.06511,0.054741,0.084531,0.071205,0.043264,0.052206
2022-07-18 17:40:00,0.056211,0.058832,0.056003,0.060918,0.057469,0.047186,0.071195,0.066906,0.039183,0.046789
2022-07-18 17:45:00,0.055967,0.053011,0.050602,0.054815,0.051468,0.0405,0.057235,0.061715,0.036206,0.044172
2022-07-18 17:50:00,0.054582,0.048684,0.046741,0.050213,0.046937,0.036515,0.048116,0.055955,0.033695,0.044173
2022-07-18 17:55:00,0.051194,0.045829,0.044902,0.04711,0.044072,0.035261,0.044219,0.050569,0.032692,0.043949
2022-07-18 18:00:00,0.046758,0.045277,0.04485,0.04634,0.043838,0.034874,0.04305,0.045632,0.03247,0.043265
2022-07-18 18:05:00,0.042675,0.044121,0.043829,0.046063,0.043685,0.034696,0.04214,0.041458,0.032197,0.04221
2022-07-18 18:10:00,0.039436,0.041633,0.041289,0.045578,0.043235,0.034503,0.04109,0.038429,0.031695,0.040839
2022-07-18 18:15:00,0.036496,0.038398,0.037857,0.044729,0.042462,0.034156,0.039903,0.035956,0.030727,0.03888
2022-07-18 18:20:00,0.033533,0.035546,0.034738,0.043455,0.041417,0.03342,0.03662,0.033407,0.028851,0.036073
2022-07-18 18:25:00,0.030511,0.03362,0.032712,0.041735,0.040136,0.032226,0.031644,0.030783,0.025881,0.032438
2022-07-18 18:30:00,0.027196,0.032181,0.03144,0.039605,0.038525,0.030549,0.025375,0.027968,0.022096,0.028503
2022-07-18 18:35:00,0.023105,0.030539,0.030108,0.036916,0.036531,0.028404,0.020762,0.023247,0.017462,0.024453
2022-07-18 18:40:00,0.018178,0.028536,0.028276,0.033961,0.034132,0.025764,0.020446,0.016562,0.012223,0.020465
2022-07-18 18:45:00,0.012826,0.026279,0.026033,0.030927,0.031293,0.02262,0.02235,0.008745,0.006593,0.0164
2022-07-18 18:50:00,0.008053,0.023497,0.023547,0.027438,0.027943,0.018923,0.022098,0.001905,0.002105,0.012202
2022-07-18 18:55:00,0.004751,0.02004,0.020687,0.023437,0.024215,0.014853,0.019071,0.0,0.0,0.008153
2022-07-18 19:00:00,0.002599,0.016071,0.017355,0.019071,0.02016,0.010526,0.014315,0.0,0.0,0.004328
2022-07-18 19:05:00,0.000793,0.0119,0.013473,0.014304,0.015765,0.006424,0.009792,0.0,0.0,0.000967
2022-07-18 19:10:00,0.0,0.007904,0.00939,0.009616,0.011256,0.002893,0.006363,0.0,0.0,0.0
2022-07-18 19:15:00,0.0,0.004184,0.005492,0.005474,0.006968,0.0,0.003683,0.0,0.0,0.0
2022-07-18 19:20:00,0.0,0.001082,0.00198,0.00193,0.003218,0.0,0.00152,0.0,0.0,0.0
2022-07-18 19:25:00,0.0,0.0,0.0,0.0,0.000601,0.0,0.0,0.0,0.0,0.0
2022-07-18 19:30:00,0.0,0.0,0.0,0.0,0.0,0.0,0.0,0.0,0.0,0.0
2022-07-18 19:35:00,0.0,0.0,0.0,0.0,0.0,0.0,0.0,0.0,0.0,0.0
2022-07-18 19:40:00,0.0,0.0,0.0,0.0,0.0,0.0,0.0,0.0,0.0,0.0
2022-07-18 19:45:00,0.0,0.0,0.0,0.0,0.0,0.0,0.0,0.0,0.0,0.0
2022-07-18 19:50:00,0.0,0.0,0.0,0.0,0.0,0.0,0.0,0.0,0.0,0.0
2022-07-18 19:55:00,0.0,0.0,0.0,0.0,0.0,0.0,0.0,0.0,0.0,0.0
2022-07-18 20:00:00,0.0,0.0,0.0,0.0,0.0,0.0,0.0,0.0,0.0,0.0
2022-07-18 20:05:00,0.0,0.0,0.0,0.0,0.0,0.0,0.0,0.0,0.0,0.0
2022-07-18 20:10:00,0.0,0.0,0.0,0.0,0.0,0.0,0.0,0.0,0.0,0.0
2022-07-18 20:15:00,0.0,0.0,0.0,0.0,0.0,0.0,0.0,0.0,0.0,0.0
2022-07-18 20:20:00,0.0,0.0,0.0,0.0,0.0,0.0,0.0,0.0,0.0,0.0
2022-07-18 20:25:00,0.0,0.0,0.0,0.0,0.0,0.0,0.0,0.0,0.0,0.0
2022-07-18 20:30:00,0.0,0.0,0.0,0.0,0.0,0.0,0.0,0.0,0.0,0.0
2022-07-18 20:35:00,0.0,0.0,0.0,0.0,0.0,0.0,0.0,0.0,0.0,0.0
2022-07-18 20:40:00,0.0,0.0,0.0,0.0,0.0,0.0,0.0,0.0,0.0,0.0
2022-07-18 20:45:00,0.0,0.0,0.0,0.0,0.0,0.0,0.0,0.0,0.0,0.0
2022-07-18 20:50:00,0.0,0.0,0.0,0.0,0.0,0.0,0.0,0.0,0.0,0.0
2022-07-18 20:55:00,0.0,0.0,0.0,0.0,0.0,0.0,0.0,0.0,0.0,0.0
2022-07-18 21:00:00,0.0,0.0,0.0,0.0,0.0,0.0,0.0,0.0,0.0,0.0
2022-07-18 21:05:00,0.0,0.0,0.0,0.0,0.0,0.0,0.0,0.0,0.0,0.0
2022-07-18 21:10:00,0.0,0.0,0.0,0.0,0.0,0.0,0.0,0.0,0.0,0.0
2022-07-18 21:15:00,0.0,0.0,0.0,0.0,0.0,0.0,0.0,0.0,0.0,0.0
2022-07-18 21:20:00,0.0,0.0,0.0,0.0,0.0,0.0,0.0,0.0,0.0,0.0
2022-07-18 21:25:00,0.0,0.0,0.0,0.0,0.0,0.0,0.0,0.0,0.0,0.0
2022-07-18 21:30:00,0.0,0.0,0.0,0.0,0.0,0.0,0.0,0.0,0.0,0.0
2022-07-18 21:35:00,0.0,0.0,0.0,0.0,0.0,0.0,0.0,0.0,0.0,0.0
2022-07-18 21:40:00,0.0,0.0,0.0,0.0,0.0,0.0,0.0,0.0,0.0,0.0
2022-07-18 21:45:00,0.0,0.0,0.0,0.0,0.0,0.0,0.0,0.0,0.0,0.0
2022-07-18 21:50:00,0.0,0.0,0.0,0.0,0.0,0.0,0.0,0.0,0.0,0.0
2022-07-18 21:55:00,0.0,0.0,0.0,0.0,0.0,0.0,0.0,0.0,0.0,0.0
2022-07-18 22:00:00,0.0,0.0,0.0,0.0,0.0,0.0,0.0,0.0,0.0,0.0
2022-07-18 22:05:00,0.0,0.0,0.0,0.0,0.0,0.0,0.0,0.0,0.0,0.0
2022-07-18 22:10:00,0.0,0.0,0.0,0.0,0.0,0.0,0.0,0.0,0.0,0.0
2022-07-18 22:15:00,0.0,0.0,0.0,0.0,0.0,0.0,0.0,0.0,0.0,0.0
2022-07-18 22:20:00,0.0,0.0,0.0,0.0,0.0,0.0,0.0,0.0,0.0,0.0
2022-07-18 22:25:00,0.0,0.0,0.0,0.0,0.0,0.0,0.0,0.0,0.0,0.0
2022-07-18 22:30:00,0.0,0.0,0.0,0.0,0.0,0.0,0.0,0.0,0.0,0.0
2022-07-18 22:35:00,0.0,0.0,0.0,0.0,0.0,0.0,0.0,0.0,0.0,0.0
2022-07-18 22:40:00,0.0,0.0,0.0,0.0,0.0,0.0,0.0,0.0,0.0,0.0
2022-07-18 22:45:00,0.0,0.0,0.0,0.0,0.0,0.0,0.0,0.0,0.0,0.0
2022-07-18 22:50:00,0.0,0.0,0.0,0.0,0.0,0.0,0.0,0.0,0.0,0.0
2022-07-18 22:55:00,0.0,0.0,0.0,0.0,0.0,0.0,0.0,0.0,0.0,0.0
2022-07-18 23:00:00,0.0,0.0,0.0,0.0,0.0,0.0,0.0,0.0,0.0,0.0
2022-07-18 23:05:00,0.0,0.0,0.0,0.0,0.0,0.0,0.0,0.0,0.0,0.0
2022-07-18 23:10:00,0.0,0.0,0.0,0.0,0.0,0.0,0.0,0.0,0.0,0.0
2022-07-18 23:15:00,0.0,0.0,0.0,0.0,0.0,0.0,0.0,0.0,0.0,0.0
2022-07-18 23:20:00,0.0,0.0,0.0,0.0,0.0,0.0,0.0,0.0,0.0,0.0
2022-07-18 23:25:00,0.0,0.0,0.0,0.0,0.0,0.0,0.0,0.0,0.0,0.0
2022-07-18 23:30:00,0.0,0.0,0.0,0.0,0.0,0.0,0.0,0.0,0.0,0.0
2022-07-18 23:35:00,0.0,0.0,0.0,0.0,0.0,0.0,0.0,0.0,0.0,0.0
2022-07-18 23:40:00,0.0,0.0,0.0,0.0,0.0,0.0,0.0,0.0,0.0,0.0
2022-07-18 23:45:00,0.0,0.0,0.0,0.0,0.0,0.0,0.0,0.0,0.0,0.0
2022-07-18 23:50:00,0.0,0.0,0.0,0.0,0.0,0.0,0.0,0.0,0.0,0.0
2022-07-18 23:55:00,0.0,0.0,0.0,0.0,0.0,0.0,0.0,0.0,0.0,0.0
2022-07-19 00:00:00,0.0,0.0,0.0,0.0,0.0,0.0,0.0,0.0,0.0,0.0
2022-07-19 00:05:00,0.0,0.0,0.0,0.0,0.0,0.0,0.0,0.0,0.0,0.0
2022-07-19 00:10:00,0.0,0.0,0.0,0.0,0.0,0.0,0.0,0.0,0.0,0.0
2022-07-19 00:15:00,0.0,0.0,0.0,0.0,0.0,0.0,0.0,0.0,0.0,0.0
2022-07-19 00:20:00,0.0,0.0,0.0,0.0,0.0,0.0,0.0,0.0,0.0,0.0
2022-07-19 00:25:00,0.0,0.0,0.0,0.0,0.0,0.0,0.0,0.0,0.0,0.0
2022-07-19 00:30:00,0.0,0.0,0.0,0.0,0.0,0.0,0.0,0.0,0.0,0.0
2022-07-19 00:35:00,0.0,0.0,0.0,0.0,0.0,0.0,0.0,0.0,0.0,0.0
2022-07-19 00:40:00,0.0,0.0,0.0,0.0,0.0,0.0,0.0,0.0,0.0,0.0
2022-07-19 00:45:00,0.0,0.0,0.0,0.0,0.0,0.0,0.0,0.0,0.0,0.0
2022-07-19 00:50:00,0.0,0.0,0.0,0.0,0.0,0.0,0.0,0.0,0.0,0.0
2022-07-19 00:55:00,0.0,0.0,0.0,0.0,0.0,0.0,0.0,0.0,0.0,0.0
2022-07-19 01:00:00,0.0,0.0,0.0,0.0,0.0,0.0,0.0,0.0,0.0,0.0
2022-07-19 01:05:00,0.0,0.0,0.0,0.0,0.0,0.0,0.0,0.0,0.0,0.0
2022-07-19 01:10:00,0.0,0.0,0.0,0.0,0.0,0.0,0.0,0.0,0.0,0.0
2022-07-19 01:15:00,0.0,0.0,0.0,0.0,0.0,0.0,0.0,0.0,0.0,0.0
2022-07-19 01:20:00,0.0,0.0,0.0,0.0,0.0,0.0,0.0,0.0,0.0,0.0
2022-07-19 01:25:00,0.0,0.0,0.0,0.0,0.0,0.0,0.0,0.0,0.0,0.0
2022-07-19 01:30:00,0.0,0.0,0.0,0.0,0.0,0.0,0.0,0.0,0.0,0.0
2022-07-19 01:35:00,0.0,0.0,0.0,0.0,0.0,0.0,0.0,0.0,0.0,0.0
2022-07-19 01:40:00,0.0,0.0,0.0,0.0,0.0,0.0,0.0,0.0,0.0,0.0
2022-07-19 01:45:00,0.0,0.0,0.0,0.0,0.0,0.0,0.0,0.0,0.0,0.0
2022-07-19 01:50:00,0.0,0.0,0.0,0.0,0.0,0.0,0.0,0.0,0.0,0.0
2022-07-19 01:55:00,0.0,0.0,0.0,0.0,0.0,0.0,0.0,0.0,0.0,0.0
2022-07-19 02:00:00,0.0,0.0,0.0,0.0,0.0,0.0,0.0,0.0,0.0,0.0
2022-07-19 02:05:00,0.0,0.0,0.0,0.0,0.0,0.0,0.0,0.0,0.0,0.0
2022-07-19 02:10:00,0.0,0.0,0.0,0.0,0.0,0.0,0.0,0.0,0.0,0.0
2022-07-19 02:15:00,0.0,0.0,0.0,0.0,0.0,0.0,0.0,0.0,0.0,0.0
2022-07-19 02:20:00,0.0,0.0,0.0,0.0,0.0,0.0,0.0,0.0,0.0,0.0
2022-07-19 02:25:00,0.0,0.0,0.0,0.0,0.0,0.0,0.0,0.0,0.0,0.0
2022-07-19 02:30:00,0.0,0.0,0.0,0.0,0.0,0.0,0.0,0.0,0.0,0.0
2022-07-19 02:35:00,0.0,0.0,0.0,0.0,0.0,0.0,0.0,0.0,0.0,0.0
2022-07-19 02:40:00,0.0,0.0,0.0,0.0,0.0,0.0,0.0,0.0,0.0,0.0
2022-07-19 02:45:00,0.0,0.0,0.0,0.0,0.0,0.0,0.0,0.0,0.0,0.0
2022-07-19 02:50:00,0.0,0.0,0.0,0.0,0.0,0.0,0.0,0.0,0.0,0.0
2022-07-19 02:55:00,0.0,0.0,0.0,0.0,0.0,0.0,0.0,0.0,0.0,0.0
2022-07-19 03:00:00,0.0,0.0,0.0,0.0,0.0,0.0,0.0,0.0,0.0,0.0
2022-07-19 03:05:00,0.0,0.0,0.0,0.0,0.0,0.0,0.0,0.0,0.0,0.0
2022-07-19 03:10:00,0.0,0.0,0.0,0.0,0.0,0.0,0.0,0.0,0.0,0.0
2022-07-19 03:15:00,0.0,0.0,0.0,0.0,0.0,0.0,0.0,0.0,0.0,0.0
2022-07-19 03:20:00,0.0,0.0,0.0,0.0,0.0,0.0,0.0,0.0,0.0,0.0
2022-07-19 03:25:00,0.001384,0.0,0.0,0.0,0.0,0.0,0.0,0.0,0.0,0.0
2022-07-19 03:30:00,0.00449,0.0,0.0,0.0,0.0,0.0,0.0,0.000456,0.0,0.0
2022-07-19 03:35:00,0.007702,0.0,0.0,0.0,0.0,0.0,0.002555,0.003463,0.0,0.0
2022-07-19 03:40:00,0.0107,0.0,0.0,0.0,0.0,0.0,0.005552,0.006285,0.0,0.0
2022-07-19 03:45:00,0.013668,0.0,0.0,0.0,0.0,0.0,0.008792,0.008929,0.000372,0.0
2022-07-19 03:50:00,0.01637,0.0,0.0,0.0,0.0,0.0,0.012159,0.01166,0.002451,0.0
2022-07-19 03:55:00,0.018894,0.0,0.001097,0.0,0.0,0.00299,0.01586,0.01464,0.005098,0.000684
2022-07-19 04:00:00,0.021524,0.001268,0.004401,0.0,0.001059,0.007119,0.019641,0.017801,0.008208,0.004583
2022-07-19 04:05:00,0.024778,0.004249,0.00794,0.002175,0.003602,0.010962,0.023232,0.020962,0.011457,0.008314
2022-07-19 04:10:00,0.02897,0.007137,0.011458,0.005361,0.006284,0.015031,0.026648,0.023816,0.014618,0.011273
2022-07-19 04:15:00,0.03353,0.010074,0.015058,0.008801,0.00922,0.018898,0.029834,0.026427,0.017721,0.013826
2022-07-19 04:20:00,0.037409,0.013301,0.018575,0.012284,0.01245,0.022498,0.032843,0.029269,0.021112,0.016841
2022-07-19 04:25:00,0.039905,0.016699,0.021596,0.015786,0.016119,0.025591,0.035925,0.032721,0.025107,0.020947
2022-07-19 04:30:00,0.041391,0.020097,0.024288,0.019417,0.020088,0.028313,0.039082,0.036356,0.029227,0.025671
2022-07-19 04:35:00,0.042474,0.023786,0.027141,0.023208,0.024053,0.03069,0.042743,0.039296,0.032404,0.029763
2022-07-19 04:40:00,0.043276,0.027779,0.030501,0.027054,0.02776,0.032429,0.047279,0.041146,0.034059,0.032278
2022-07-19 04:45:00,0.043923,0.031974,0.034346,0.031047,0.031432,0.033914,0.052421,0.042265,0.034895,0.033499
2022-07-19 04:50:00,0.044411,0.035967,0.038414,0.035178,0.035393,0.035991,0.057476,0.042825,0.036131,0.033992
2022-07-19 04:55:00,0.044564,0.040452,0.042578,0.039283,0.039705,0.039063,0.062323,0.042734,0.038563,0.033913
2022-07-19 05:00:00,0.044902,0.044836,0.046858,0.043227,0.044257,0.042547,0.067101,0.04226,0.04165,0.033665
2022-07-19 05:05:00,0.04819,0.049231,0.051416,0.047757,0.049061,0.045438,0.06757,0.042026,0.044121,0.034303
2022-07-19 05:10:00,0.053476,0.053794,0.056564,0.052313,0.053825,0.047016,0.064899,0.045098,0.045405,0.036586
2022-07-19 05:15:00,0.0608,0.058374,0.061996,0.057036,0.058419,0.047557,0.062043,0.050485,0.048981,0.039835
2022-07-19 05:20:00,0.070479,0.062973,0.067268,0.061896,0.062775,0.047575,0.063524,0.058576,0.054998,0.042989
2022-07-19 05:25:00,0.082532,0.067648,0.072352,0.066803,0.067063,0.050243,0.07013,0.069463,0.063844,0.047414
2022-07-19 05:30:00,0.095991,0.072611,0.077677,0.071812,0.071804,0.054853,0.080055,0.082011,0.074591,0.052802
2022-07-19 05:35:00,0.109745,0.077339,0.083261,0.077158,0.077099,0.062073,0.089307,0.094872,0.085673,0.060596
2022-07-19 05:40:00,0.123408,0.082009,0.089262,0.082827,0.082942,0.072096,0.098931,0.107575,0.097011,0.071306
2022-07-19 05:45:00,0.137445,0.087378,0.095679,0.088895,0.089335,0.083838,0.108827,0.12066,0.108937,0.083734
2022-07-19 05:50:00,0.152069,0.094363,0.101827,0.095155,0.096111,0.096005,0.119528,0.134647,0.122496,0.096723
2022-07-19 05:55:00,0.167126,0.102814,0.108071,0.102403,0.103542,0.108065,0.130996,0.149411,0.137565,0.109269
2022-07-19 06:00:00,0.182617,0.111914,0.115321,0.110795,0.111688,0.120518,0.143178,0.164821,0.1533,0.122339
2022-07-19 06:05:00,0.198906,0.121265,0.124161,0.119785,0.120736,0.133931,0.15622,0.18116,0.169206,0.136627
2022-07-19 06:10:00,0.215959,0.130845,0.133866,0.129241,0.130299,0.148226,0.170137,0.198307,0.18511,0.152108
2022-07-19 06:15:00,0.233538,0.140943,0.143963,0.139073,0.140261,0.163285,0.184768,0.215954,0.201481,0.16865
2022-07-19 06:20:00,0.251274,0.151651,0.154782,0.149423,0.15081,0.179227,0.199759,0.233772,0.218665,0.186091
2022-07-19 06:25:00,0.268416,0.162846,0.166303,0.160288,0.161892,0.195653,0.214959,0.251203,0.23608,0.203787
2022-07-19 06:30:00,0.284664,0.174224,0.178155,0.171409,0.173251,0.212079,0.230479,0.268078,0.253132,0.221248
2022-07-19 06:35:00,0.301133,0.185802,0.190329,0.182754,0.184919,0.228646,0.246404,0.284857,0.270145,0.238719
2022-07-19 06:40:00,0.317879,0.197677,0.202885,0.194378,0.196627,0.245479,0.262629,0.301952,0.287636,0.256331
2022-07-19 06:45:00,0.335207,0.209883,0.215553,0.206368,0.208569,0.26268,0.27902,0.319482,0.305747,0.274208
2022-07-19 06:50:00,0.352885,0.222556,0.228105,0.219037,0.22103,0.280047,0.295164,0.336988,0.323915,0.292441
2022-07-19 06:55:00,0.370191,0.235585,0.240687,0.231816,0.233768,0.296792,0.310343,0.353466,0.341246,0.310245
2022-07-19 07:00:00,0.386989,0.248889,0.253478,0.244597,0.24673,0.31272,0.324758,0.368905,0.357778,0.327157
2022-07-19 07:05:00,0.404,0.26255,0.266588,0.257723,0.260222,0.328768,0.339675,0.384485,0.37449,0.344057
2022-07-19 07:10:00,0.421166,0.276548,0.279968,0.27157,0.274237,0.345604,0.355383,0.40087,0.39187,0.361787
2022-07-19 07:15:00,0.438077,0.290783,0.293585,0.285534,0.288512,0.363146,0.371775,0.417825,0.409785,0.380143
2022-07-19 07:20:00,0.454196,0.304914,0.307408,0.299633,0.302496,0.380855,0.388014,0.434823,0.427836,0.398097
2022-07-19 07:25:00,0.46868,0.318316,0.321123,0.312831,0.315743,0.398051,0.403605,0.451224,0.445317,0.41457
2022-07-19 07:30:00,0.481769,0.331145,0.334724,0.325203,0.328593,0.414726,0.418737,0.466913,0.462122,0.429847
2022-07-19 07:35:00,0.494847,0.344117,0.348716,0.337816,0.341717,0.430905,0.43384,0.482096,0.478455,0.445358
2022-07-19 07:40:00,0.508769,0.357349,0.363002,0.351262,0.355295,0.445818,0.448649,0.496304,0.493976,0.461865
2022-07-19 07:45:00,0.523399,0.370643,0.377362,0.365258,0.369275,0.459496,0.463039,0.509617,0.508778,0.478902
2022-07-19 07:50:00,0.537959,0.383878,0.391192,0.379391,0.383439,0.473247,0.477457,0.522998,0.523373,0.495376
2022-07-19 07:55:00,0.551843,0.396324,0.403732,0.393058,0.397208,0.487536,0.491395,0.536238,0.538089,0.509999
2022-07-19 08:00:00,0.565022,0.408014,0.415333,0.406308,0.410589,0.502099,0.504723,0.549471,0.552759,0.523048
2022-07-19 08:05:00,0.578315,0.419883,0.427146,0.419655,0.423915,0.516977,0.518221,0.563024,0.567186,0.536199
2022-07-19 08:10:00,0.591882,0.432596,0.439712,0.433332,0.436905,0.531993,0.531805,0.576873,0.58064,0.550172
2022-07-19 08:15:00,0.605264,0.445973,0.452831,0.447116,0.449358,0.546774,0.545126,0.590576,0.593135,0.564532
2022-07-19 08:20:00,0.61794,0.459222,0.465907,0.460034,0.461468,0.561089,0.558081,0.603694,0.605283,0.578941
2022-07-19 08:25:00,0.629396,0.471668,0.478286,0.47124,0.472575,0.574543,0.570169,0.615922,0.617543,0.592783
2022-07-19 08:30:00,0.639779,0.483511,0.489949,0.481278,0.482741,0.587151,0.581321,0.627428,0.629957,0.605889
2022-07-19 08:35:00,0.650218,0.495428,0.501706,0.49166,0.4932,0.599689,0.592488,0.638975,0.64272,0.618925
2022-07-19 08:40:00,0.660955,0.507624,0.513639,0.503027,0.504583,0.612408,0.603996,0.650495,0.655613,0.632142
2022-07-19 08:45:00,0.671642,0.519623,0.525334,0.514995,0.516544,0.624874,0.615342,0.661632,0.668176,0.645143
2022-07-19 08:50:00,0.681778,0.531231,0.536563,0.526788,0.528329,0.636097,0.625702,0.672159,0.680068,0.657163
2022-07-19 08:55:00,0.690719,0.541871,0.547078,0.537549,0.539073,0.645093,0.63464,0.681511,0.690869,0.667045
2022-07-19 09:00:00,0.698824,0.551535,0.557044,0.547329,0.548798,0.652669,0.64264,0.689842,0.700753,0.675146
2022-07-19 09:05:00,0.707488,0.561232,0.56712,0.55711,0.558573,0.660823,0.650795,0.698258,0.710666,0.683486
2022-07-19 09:10:00,0.717407,0.570894,0.57744,0.566694,0.568665,0.670145,0.659322,0.706968,0.720691,0.692967
2022-07-19 09:15:00,0.727761,0.58012,0.587645,0.575598,0.578672,0.679947,0.667644,0.715543,0.730556,0.703134
2022-07-19 09:20:00,0.737083,0.589063,0.597169,0.584403,0.588086,0.689443,0.67514,0.723463,0.740042,0.713112
2022-07-19 09:25:00,0.744047,0.597049,0.605521,0.592783,0.596381,0.697875,0.681399,0.730084,0.748746,0.722377
2022-07-19 09:30:00,0.749195,0.60398,0.613075,0.600504,0.604062,0.70545,0.686974,0.735749,0.756713,0.73114
2022-07-19 09:35:00,0.754812,0.611311,0.620875,0.608139,0.612346,0.713695,0.693509,0.742079,0.76446,0.740225
2022-07-19 09:40:00,0.761763,0.61905,0.628575,0.615833,0.62163,0.723053,0.70134,0.749794,0.771776,0.74996
2022-07-19 09:45:00,0.769182,0.626628,0.635896,0.623358,0.631173,0.732659,0.709191,0.757907,0.778538,0.759754
2022-07-19 09:50:00,0.775465,0.633636,0.642709,0.630403,0.639855,0.741071,0.715734,0.764938,0.784879,0.768366
2022-07-19 09:55:00,0.779283,0.639471,0.648332,0.636956,0.646927,0.747476,0.720139,0.7697,0.789932,0.774735
2022-07-19 10:00:00,0.781512,0.6444,0.652961,0.643274,0.652846,0.752376,0.722986,0.772653,0.793868,0.779226
2022-07-19 10:05:00,0.784341,0.649837,0.65821,0.649563,0.658343,0.757582,0.726146,0.775874,0.798486,0.783479
2022-07-19 10:10:00,0.788251,0.656265,0.664629,0.656112,0.663636,0.763709,0.730561,0.78035,0.804385,0.788015
2022-07-19 10:15:00,0.792475,0.662944,0.671473,0.662921,0.66885,0.770215,0.735566,0.785412,0.810649,0.792483
2022-07-19 10:20:00,0.796301,0.669367,0.67796,0.669516,0.673798,0.775821,0.740073,0.790171,0.816627,0.796817
2022-07-19 10:25:00,0.799297,0.674748,0.683971,0.67497,0.678007,0.779146,0.743893,0.794119,0.821803,0.800837
2022-07-19 10:30:00,0.8018,0.679632,0.68965,0.67926,0.681649,0.780659,0.747316,0.797534,0.826237,0.804532
2022-07-19 10:35:00,0.804258,0.684431,0.694842,0.68373,0.685668,0.782541,0.750369,0.800988,0.830217,0.808454
2022-07-19 10:40:00,0.80737,0.688874,0.699536,0.688219,0.689992,0.785576,0.753178,0.805012,0.833623,0.81255
2022-07-19 10:45:00,0.810792,0.692894,0.703875,0.692308,0.694196,0.788949,0.755734,0.809213,0.836404,0.816402
2022-07-19 10:50:00,0.813169,0.69613,0.707401,0.695571,0.697772,0.791857,0.757356,0.812232,0.838412,0.819511
2022-07-19 10:55:00,0.81295,0.698161,0.709364,0.69763,0.699942,0.794047,0.75732,0.812831,0.83893,0.821751
2022-07-19 11:00:00,0.811051,0.699185,0.710219,0.698806,0.701124,0.795833,0.756206,0.811668,0.838193,0.823539
2022-07-19 11:05:00,0.809809,0.700275,0.711692,0.700388,0.702673,0.797631,0.755789,0.8109,0.837924,0.82518
2022-07-19 11:10:00,0.809707,0.701595,0.714372,0.703056,0.705307,0.799777,0.756574,0.811089,0.838941,0.827305
2022-07-19 11:15:00,0.809893,0.702863,0.717373,0.706112,0.708329,0.802077,0.757922,0.811524,0.840655,0.829772
2022-07-19 11:20:00,0.81012,0.704103,0.719454,0.708119,0.710472,0.804121,0.759394,0.812228,0.842364,0.831543
2022-07-19 11:25:00,0.809921,0.705442,0.719813,0.70779,0.710929,0.804755,0.760304,0.813328,0.843798,0.83164
2022-07-19 11:30:00,0.808992,0.706759,0.719129,0.70592,0.710482,0.804078,0.760308,0.814383,0.844804,0.830436
2022-07-19 11:35:00,0.807835,0.707822,0.718524,0.704687,0.710202,0.803424,0.75975,0.814564,0.844986,0.829361
2022-07-19 11:40:00,0.806046,0.708382,0.718486,0.704783,0.710238,0.803104,0.758397,0.813422,0.844016,0.828704
2022-07-19 11:45:00,0.803328,0.708531,0.718677,0.705444,0.71025,0.802627,0.756565,0.811274,0.842274,0.828093
2022-07-19 11:50:00,0.800228,0.70872,0.718719,0.706213,0.710244,0.801774,0.754757,0.808626,0.840254,0.827049
2022-07-19 11:55:00,0.797332,0.708643,0.718106,0.707038,0.709887,0.800812,0.753341,0.806354,0.838066,0.82588
2022-07-19 12:00:00,0.794474,0.70793,0.716816,0.707601,0.709067,0.799788,0.751999,0.80418,0.835468,0.824538
2022-07-19 12:05:00,0.791403,0.706912,0.715404,0.707436,0.708142,0.798237,0.74979,0.801054,0.832042,0.822251
2022-07-19 12:10:00,0.787918,0.705634,0.713489,0.706312,0.70668,0.795411,0.746167,0.796434,0.827392,0.818771
2022-07-19 12:15:00,0.783943,0.70382,0.710993,0.704336,0.70448,0.791569,0.741657,0.791054,0.822084,0.814632
2022-07-19 12:20:00,0.779313,0.701787,0.708228,0.701948,0.701868,0.787187,0.737094,0.78608,0.817027,0.810807
2022-07-19 12:25:00,0.773853,0.699709,0.705542,0.699585,0.699301,0.782432,0.732721,0.782148,0.812702,0.806815
2022-07-19 12:30:00,0.767797,0.697621,0.702839,0.697158,0.69676,0.77724,0.728283,0.778627,0.808831,0.802727
2022-07-19 12:35:00,0.761375,0.69526,0.699729,0.694514,0.693913,0.772119,0.723467,0.774555,0.804403,0.798454
2022-07-19 12:40:00,0.754594,0.692392,0.696241,0.691485,0.690705,0.767322,0.718087,0.769259,0.798698,0.793545
2022-07-19 12:45:00,0.747529,0.688983,0.692621,0.688056,0.687279,0.762569,0.712132,0.762859,0.792153,0.788011
2022-07-19 12:50:00,0.740586,0.685184,0.688882,0.683985,0.683839,0.757717,0.705597,0.756371,0.785344,0.782517
2022-07-19 12:55:00,0.733851,0.680679,0.685362,0.678645,0.680606,0.752827,0.698512,0.750393,0.77822,0.777318
2022-07-19 13:00:00,0.726914,0.675437,0.68197,0.672163,0.677369,0.747651,0.690912,0.744411,0.770643,0.771868
2022-07-19 13:05:00,0.719261,0.669878,0.67789,0.665762,0.673267,0.741747,0.682956,0.737446,0.76317,0.765425
2022-07-19 13:10:00,0.710428,0.664204,0.67249,0.659716,0.667727,0.734722,0.674826,0.728905,0.755902,0.757711
2022-07-19 13:15:00,0.700816,0.658259,0.666178,0.653713,0.661384,0.726975,0.666689,0.719424,0.748498,0.749255
2022-07-19 13:20:00,0.691025,0.652328,0.659674,0.6478,0.65499,0.71892,0.658612,0.709725,0.74039,0.740629
2022-07-19 13:25:00,0.681454,0.646481,0.653395,0.642026,0.648873,0.710992,0.650511,0.700028,0.731468,0.732225
2022-07-19 13:30:00,0.672006,0.640589,0.646886,0.636082,0.642532,0.703188,0.642496,0.69024,0.721989,0.723904
2022-07-19 13:35:00,0.662504,0.634638,0.63965,0.629931,0.635462,0.695305,0.635006,0.680716,0.712202,0.715361
2022-07-19 13:40:00,0.652779,0.628543,0.631189,0.623632,0.627155,0.687205,0.626725,0.671186,0.702238,0.706476
2022-07-19 13:45:00,0.642666,0.622033,0.621971,0.616967,0.618086,0.67879,0.618245,0.661256,0.691897,0.69731
2022-07-19 13:50:00,0.632062,0.614664,0.612824,0.609775,0.609061,0.669812,0.609241,0.651026,0.681317,0.687685
2022-07-19 13:55:00,0.62104,0.606018,0.6041,0.602021,0.600391,0.660071,0.59944,0.640409,0.670822,0.677408
2022-07-19 14:00:00,0.609657,0.596482,0.595375,0.593806,0.591811,0.649959,0.589172,0.629342,0.660412,0.666672
2022-07-19 14:05:00,0.597759,0.587257,0.586367,0.58501,0.583117,0.640315,0.567307,0.617765,0.649716,0.656403
2022-07-19 14:10:00,0.585511,0.578458,0.57707,0.576209,0.574275,0.631622,0.537832,0.605847,0.639137,0.647099
2022-07-19 14:15:00,0.573019,0.569598,0.56746,0.567386,0.565093,0.623106,0.506569,0.59368,0.628433,0.637876
2022-07-19 14:20:00,0.560164,0.560341,0.55741,0.558002,0.555318,0.613644,0.488351,0.58125,0.61679,0.627554
2022-07-19 14:25:00,0.546711,0.550407,0.546873,0.547811,0.544962,0.602684,0.489695,0.568288,0.603692,0.615673
2022-07-19 14:30:00,0.532866,0.53983,0.536046,0.537039,0.53431,0.590596,0.498677,0.554976,0.589808,0.602661
2022-07-19 14:35:00,0.518966,0.529015,0.525673,0.526096,0.524102,0.577861,0.47693,0.542182,0.576133,0.589098
2022-07-19 14:40:00,0.504986,0.518023,0.516305,0.515115,0.514786,0.564926,0.429441,0.530185,0.563161,0.57526
2022-07-19 14:45:00,0.490897,0.506709,0.507232,0.503927,0.505592,0.551829,0.371827,0.518154,0.550322,0.561273
2022-07-19 14:50:00,0.476911,0.495109,0.497209,0.492488,0.495679,0.538207,0.330826,0.505263,0.536781,0.546775
2022-07-19 14:55:00,0.463194,0.483262,0.485686,0.480777,0.484139,0.523836,0.323117,0.491429,0.521413,0.531598
2022-07-19 15:00:00,0.449486,0.471201,0.473207,0.468699,0.471713,0.509202,0.331039,0.476939,0.504985,0.516206
2022-07-19 15:05:00,0.435182,0.459005,0.460321,0.456235,0.458911,0.495039,0.348905,0.461492,0.48893,0.501238
2022-07-19 15:10:00,0.419874,0.446622,0.447116,0.443545,0.445924,0.481659,0.36515,0.445454,0.47379,0.487047
2022-07-19 15:15:00,0.403845,0.434125,0.43364,0.430973,0.432944,0.468534,0.377681,0.429317,0.458831,0.473017
2022-07-19 15:20:00,0.387579,0.421779,0.419999,0.418663,0.419771,0.45466,0.381931,0.412959,0.442972,0.458214
2022-07-19 15:25:00,0.37119,0.409813,0.406159,0.406763,0.406279,0.439338,0.374601,0.396229,0.425682,0.442068
2022-07-19 15:30:00,0.354861,0.397955,0.392207,0.395,0.392631,0.423154,0.361284,0.379409,0.407621,0.425147
2022-07-19 15:35:00,0.338901,0.385421,0.378057,0.38264,0.378892,0.407189,0.347519,0.36319,0.390019,0.408585
2022-07-19 15:40:00,0.323537,0.371902,0.363678,0.369296,0.364946,0.391937,0.333096,0.347676,0.373216,0.392781
2022-07-19 15:45:00,0.308251,0.358095,0.349327,0.355605,0.350957,0.376939,0.318862,0.332137,0.356427,0.377012
2022-07-19 15:50:00,0.292457,0.344337,0.335358,0.342051,0.337238,0.361258,0.30511,0.315843,0.338867,0.360459
2022-07-19 15:55:00,0.27599,0.331148,0.322102,0.328979,0.323906,0.344637,0.291655,0.298719,0.320562,0.343225
2022-07-19 16:00:00,0.259262,0.318273,0.309114,0.316072,0.310576,0.327626,0.278291,0.281307,0.302138,0.325928
2022-07-19 16:05:00,0.242702,0.304997,0.29582,0.302777,0.297136,0.310748,0.264464,0.264291,0.283793,0.308693
2022-07-19 16:10:00,0.226442,0.290534,0.281461,0.288471,0.282949,0.294226,0.250302,0.247768,0.265752,0.291691
2022-07-19 16:15:00,0.210649,0.275991,0.267064,0.274089,0.268839,0.277865,0.236342,0.231243,0.24778,0.27471
2022-07-19 16:20:00,0.195341,0.261578,0.25283,0.259606,0.254938,0.261232,0.22269,0.214388,0.229487,0.257436
2022-07-19 16:25:00,0.180653,0.247352,0.238799,0.24514,0.241461,0.244236,0.209369,0.19753,0.211244,0.239898
2022-07-19 16:30:00,0.166669,0.233168,0.224833,0.230971,0.228143,0.22716,0.196417,0.18108,0.193526,0.222471
2022-07-19 16:35:00,0.153006,0.218705,0.210683,0.217121,0.214358,0.210185,0.183773,0.165033,0.176136,0.205393
2022-07-19 16:40:00,0.139245,0.20399,0.196655,0.20357,0.2003,0.193418,0.171205,0.149535,0.158866,0.188529
2022-07-19 16:45:00,0.125438,0.189548,0.183228,0.190129,0.186683,0.177063,0.158588,0.134837,0.141644,0.171634
2022-07-19 16:50:00,0.112261,0.175727,0.170233,0.176633,0.173588,0.161355,0.146363,0.120954,0.124771,0.154862
2022-07-19 16:55:00,0.100503,0.162419,0.157665,0.163342,0.16099,0.146388,0.135051,0.108029,0.109059,0.138729
2022-07-19 17:00:00,0.090267,0.149547,0.145654,0.150632,0.14895,0.132217,0.124683,0.096142,0.094875,0.123524
2022-07-19 17:05:00,0.081178,0.136995,0.13404,0.138363,0.137255,0.11844,0.114922,0.084838,0.082038,0.109349
2022-07-19 17:10:00,0.073244,0.124416,0.122451,0.126133,0.125445,0.104572,0.105775,0.073575,0.070581,0.096365
2022-07-19 17:15:00,0.066624,0.111867,0.110959,0.113962,0.113583,0.090777,0.097527,0.062644,0.060701,0.08464
2022-07-19 17:20:00,0.061304,0.099721,0.100062,0.10224,0.102323,0.077999,0.0901,0.053179,0.052653,0.073518
2022-07-19 17:25:00,0.057346,0.088861,0.090367,0.091573,0.092299,0.06719,0.083247,0.046286,0.046525,0.062381
2022-07-19 17:30:00,0.054661,0.079563,0.082027,0.08229,0.083695,0.058228,0.077205,0.041904,0.042179,0.051741
2022-07-19 17:35:00,0.054403,0.071486,0.074864,0.074293,0.076228,0.050221,0.071746,0.039815,0.03887,0.043185
2022-07-19 17:40:00,0.054629,0.064456,0.068839,0.06746,0.069658,0.042426,0.067029,0.039848,0.0369,0.037385
2022-07-19 17:45:00,0.054779,0.058729,0.063872,0.061718,0.064077,0.035579,0.063148,0.039807,0.034171,0.034399
2022-07-19 17:50:00,0.053861,0.054234,0.059954,0.057026,0.059654,0.031786,0.058968,0.040596,0.031824,0.033846
2022-07-19 17:55:00,0.051429,0.050918,0.057275,0.053553,0.05646,0.030845,0.053235,0.042163,0.030777,0.031949
2022-07-19 18:00:00,0.048025,0.04953,0.055488,0.051982,0.054936,0.030778,0.046372,0.044029,0.030559,0.029293
2022-07-19 18:05:00,0.044327,0.047683,0.052898,0.0506,0.053198,0.030898,0.04059,0.044493,0.029875,0.027087
2022-07-19 18:10:00,0.040489,0.044801,0.049348,0.04879,0.051132,0.030924,0.037728,0.042248,0.02791,0.026258
2022-07-19 18:15:00,0.03658,0.041259,0.045338,0.046699,0.0488,0.030819,0.036679,0.038201,0.025057,0.026349
2022-07-19 18:20:00,0.032472,0.03797,0.041562,0.044528,0.046195,0.030469,0.034952,0.034019,0.022136,0.026336
2022-07-19 18:25:00,0.027976,0.035549,0.038478,0.042332,0.043442,0.029746,0.031927,0.030541,0.019454,0.025618
2022-07-19 18:30:00,0.023172,0.033618,0.035838,0.039864,0.040413,0.028575,0.028276,0.027476,0.016817,0.024431
2022-07-19 18:35:00,0.018506,0.031627,0.032901,0.036737,0.036885,0.02683,0.02442,0.023876,0.014009,0.022755
2022-07-19 18:40:00,0.014187,0.029382,0.029695,0.032898,0.032812,0.024609,0.02048,0.019436,0.010999,0.020454
2022-07-19 18:45:00,0.010167,0.026805,0.026423,0.028696,0.028453,0.02206,0.016622,0.014343,0.007914,0.017577
2022-07-19 18:50:00,0.006442,0.023615,0.022708,0.024302,0.023958,0.019051,0.013297,0.00943,0.005094,0.014041
2022-07-19 18:55:00,0.003399,0.01992,0.018529,0.019919,0.019647,0.015286,0.010702,0.005505,0.002823,0.010137
2022-07-19 19:00:00,0.000801,0.015899,0.014079,0.015654,0.015608,0.010884,0.008654,0.002383,0.000775,0.006112
2022-07-19 19:05:00,0.0,0.011738,0.009717,0.011485,0.011588,0.006519,0.006375,0.0,0.0,0.00262
2022-07-19 19:10:00,0.0,0.007757,0.005875,0.007565,0.007735,0.002842,0.003687,0.0,0.0,0.0
2022-07-19 19:15:00,0.0,0.004063,0.002543,0.003932,0.004288,0.0,0.001011,0.0,0.0,0.0
2022-07-19 19:20:00,0.0,0.000983,0.0,0.000906,0.001571,0.0,0.0,0.0,0.0,0.0
2022-07-19 19:25:00,0.0,0.0,0.0,0.0,0.0,0.0,0.0,0.0,0.0,0.0
2022-07-19 19:30:00,0.0,0.0,0.0,0.0,0.0,0.0,0.0,0.0,0.0,0.0
2022-07-19 19:35:00,0.0,0.0,0.0,0.0,0.0,0.0,0.0,0.0,0.0,0.0
2022-07-19 19:40:00,0.0,0.0,0.0,0.0,0.0,0.0,0.0,0.0,0.0,0.0
2022-07-19 19:45:00,0.0,0.0,0.0,0.0,0.0,0.0,0.0,0.0,0.0,0.0
2022-07-19 19:50:00,0.0,0.0,0.0,0.0,0.0,0.0,0.0,0.0,0.0,0.0
2022-07-19 19:55:00,0.0,0.0,0.0,0.0,0.0,0.0,0.0,0.0,0.0,0.0
2022-07-19 20:00:00,0.0,0.0,0.0,0.0,0.0,0.0,0.0,0.0,0.0,0.0
2022-07-19 20:05:00,0.0,0.0,0.0,0.0,0.0,0.0,0.0,0.0,0.0,0.0
2022-07-19 20:10:00,0.0,0.0,0.0,0.0,0.0,0.0,0.0,0.0,0.0,0.0
2022-07-19 20:15:00,0.0,0.0,0.0,0.0,0.0,0.0,0.0,0.0,0.0,0.0
2022-07-19 20:20:00,0.0,0.0,0.0,0.0,0.0,0.0,0.0,0.0,0.0,0.0
2022-07-19 20:25:00,0.0,0.0,0.0,0.0,0.0,0.0,0.0,0.0,0.0,0.0
2022-07-19 20:30:00,0.0,0.0,0.0,0.0,0.0,0.0,0.0,0.0,0.0,0.0
2022-07-19 20:35:00,0.0,0.0,0.0,0.0,0.0,0.0,0.0,0.0,0.0,0.0
2022-07-19 20:40:00,0.0,0.0,0.0,0.0,0.0,0.0,0.0,0.0,0.0,0.0
2022-07-19 20:45:00,0.0,0.0,0.0,0.0,0.0,0.0,0.0,0.0,0.0,0.0
2022-07-19 20:50:00,0.0,0.0,0.0,0.0,0.0,0.0,0.0,0.0,0.0,0.0
2022-07-19 20:55:00,0.0,0.0,0.0,0.0,0.0,0.0,0.0,0.0,0.0,0.0
2022-07-19 21:00:00,0.0,0.0,0.0,0.0,0.0,0.0,0.0,0.0,0.0,0.0
2022-07-19 21:05:00,0.0,0.0,0.0,0.0,0.0,0.0,0.0,0.0,0.0,0.0
2022-07-19 21:10:00,0.0,0.0,0.0,0.0,0.0,0.0,0.0,0.0,0.0,0.0
2022-07-19 21:15:00,0.0,0.0,0.0,0.0,0.0,0.0,0.0,0.0,0.0,0.0
2022-07-19 21:20:00,0.0,0.0,0.0,0.0,0.0,0.0,0.0,0.0,0.0,0.0
2022-07-19 21:25:00,0.0,0.0,0.0,0.0,0.0,0.0,0.0,0.0,0.0,0.0
2022-07-19 21:30:00,0.0,0.0,0.0,0.0,0.0,0.0,0.0,0.0,0.0,0.0
2022-07-19 21:35:00,0.0,0.0,0.0,0.0,0.0,0.0,0.0,0.0,0.0,0.0
2022-07-19 21:40:00,0.0,0.0,0.0,0.0,0.0,0.0,0.0,0.0,0.0,0.0
2022-07-19 21:45:00,0.0,0.0,0.0,0.0,0.0,0.0,0.0,0.0,0.0,0.0
2022-07-19 21:50:00,0.0,0.0,0.0,0.0,0.0,0.0,0.0,0.0,0.0,0.0
2022-07-19 21:55:00,0.0,0.0,0.0,0.0,0.0,0.0,0.0,0.0,0.0,0.0
2022-07-19 22:00:00,0.0,0.0,0.0,0.0,0.0,0.0,0.0,0.0,0.0,0.0
2022-07-19 22:05:00,0.0,0.0,0.0,0.0,0.0,0.0,0.0,0.0,0.0,0.0
2022-07-19 22:10:00,0.0,0.0,0.0,0.0,0.0,0.0,0.0,0.0,0.0,0.0
2022-07-19 22:15:00,0.0,0.0,0.0,0.0,0.0,0.0,0.0,0.0,0.0,0.0
2022-07-19 22:20:00,0.0,0.0,0.0,0.0,0.0,0.0,0.0,0.0,0.0,0.0
2022-07-19 22:25:00,0.0,0.0,0.0,0.0,0.0,0.0,0.0,0.0,0.0,0.0
2022-07-19 22:30:00,0.0,0.0,0.0,0.0,0.0,0.0,0.0,0.0,0.0,0.0
2022-07-19 22:35:00,0.0,0.0,0.0,0.0,0.0,0.0,0.0,0.0,0.0,0.0
2022-07-19 22:40:00,0.0,0.0,0.0,0.0,0.0,0.0,0.0,0.0,0.0,0.0
2022-07-19 22:45:00,0.0,0.0,0.0,0.0,0.0,0.0,0.0,0.0,0.0,0.0
2022-07-19 22:50:00,0.0,0.0,0.0,0.0,0.0,0.0,0.0,0.0,0.0,0.0
2022-07-19 22:55:00,0.0,0.0,0.0,0.0,0.0,0.0,0.0,0.0,0.0,0.0
2022-07-19 23:00:00,0.0,0.0,0.0,0.0,0.0,0.0,0.0,0.0,0.0,0.0
2022-07-19 23:05:00,0.0,0.0,0.0,0.0,0.0,0.0,0.0,0.0,0.0,0.0
2022-07-19 23:10:00,0.0,0.0,0.0,0.0,0.0,0.0,0.0,0.0,0.0,0.0
2022-07-19 23:15:00,0.0,0.0,0.0,0.0,0.0,0.0,0.0,0.0,0.0,0.0
2022-07-19 23:20:00,0.0,0.0,0.0,0.0,0.0,0.0,0.0,0.0,0.0,0.0
2022-07-19 23:25:00,0.0,0.0,0.0,0.0,0.0,0.0,0.0,0.0,0.0,0.0
2022-07-19 23:30:00,0.0,0.0,0.0,0.0,0.0,0.0,0.0,0.0,0.0,0.0
2022-07-19 23:35:00,0.0,0.0,0.0,0.0,0.0,0.0,0.0,0.0,0.0,0.0
2022-07-19 23:40:00,0.0,0.0,0.0,0.0,0.0,0.0,0.0,0.0,0.0,0.0
2022-07-19 23:45:00,0.0,0.0,0.0,0.0,0.0,0.0,0.0,0.0,0.0,0.0
2022-07-19 23:50:00,0.0,0.0,0.0,0.0,0.0,0.0,0.0,0.0,0.0,0.0
2022-07-19 23:55:00,0.0,0.0,0.0,0.0,0.0,0.0,0.0,0.0,0.0,0.0
2022-07-20 00:00:00,0.0,0.0,0.0,0.0,0.0,0.0,0.0,0.0,0.0,0.0
2022-07-20 00:05:00,0.0,0.0,0.0,0.0,0.0,0.0,0.0,0.0,0.0,0.0
2022-07-20 00:10:00,0.0,0.0,0.0,0.0,0.0,0.0,0.0,0.0,0.0,0.0
2022-07-20 00:15:00,0.0,0.0,0.0,0.0,0.0,0.0,0.0,0.0,0.0,0.0
2022-07-20 00:20:00,0.0,0.0,0.0,0.0,0.0,0.0,0.0,0.0,0.0,0.0
2022-07-20 00:25:00,0.0,0.0,0.0,0.0,0.0,0.0,0.0,0.0,0.0,0.0
2022-07-20 00:30:00,0.0,0.0,0.0,0.0,0.0,0.0,0.0,0.0,0.0,0.0
2022-07-20 00:35:00,0.0,0.0,0.0,0.0,0.0,0.0,0.0,0.0,0.0,0.0
2022-07-20 00:40:00,0.0,0.0,0.0,0.0,0.0,0.0,0.0,0.0,0.0,0.0
2022-07-20 00:45:00,0.0,0.0,0.0,0.0,0.0,0.0,0.0,0.0,0.0,0.0
2022-07-20 00:50:00,0.0,0.0,0.0,0.0,0.0,0.0,0.0,0.0,0.0,0.0
2022-07-20 00:55:00,0.0,0.0,0.0,0.0,0.0,0.0,0.0,0.0,0.0,0.0
2022-07-20 01:00:00,0.0,0.0,0.0,0.0,0.0,0.0,0.0,0.0,0.0,0.0
2022-07-20 01:05:00,0.0,0.0,0.0,0.0,0.0,0.0,0.0,0.0,0.0,0.0
2022-07-20 01:10:00,0.0,0.0,0.0,0.0,0.0,0.0,0.0,0.0,0.0,0.0
2022-07-20 01:15:00,0.0,0.0,0.0,0.0,0.0,0.0,0.0,0.0,0.0,0.0
2022-07-20 01:20:00,0.0,0.0,0.0,0.0,0.0,0.0,0.0,0.0,0.0,0.0
2022-07-20 01:25:00,0.0,0.0,0.0,0.0,0.0,0.0,0.0,0.0,0.0,0.0
2022-07-20 01:30:00,0.0,0.0,0.0,0.0,0.0,0.0,0.0,0.0,0.0,0.0
2022-07-20 01:35:00,0.0,0.0,0.0,0.0,0.0,0.0,0.0,0.0,0.0,0.0
2022-07-20 01:40:00,0.0,0.0,0.0,0.0,0.0,0.0,0.0,0.0,0.0,0.0
2022-07-20 01:45:00,0.0,0.0,0.0,0.0,0.0,0.0,0.0,0.0,0.0,0.0
2022-07-20 01:50:00,0.0,0.0,0.0,0.0,0.0,0.0,0.0,0.0,0.0,0.0
2022-07-20 01:55:00,0.0,0.0,0.0,0.0,0.0,0.0,0.0,0.0,0.0,0.0
2022-07-20 02:00:00,0.0,0.0,0.0,0.0,0.0,0.0,0.0,0.0,0.0,0.0
2022-07-20 02:05:00,0.0,0.0,0.0,0.0,0.0,0.0,0.0,0.0,0.0,0.0
2022-07-20 02:10:00,0.0,0.0,0.0,0.0,0.0,0.0,0.0,0.0,0.0,0.0
2022-07-20 02:15:00,0.0,0.0,0.0,0.0,0.0,0.0,0.0,0.0,0.0,0.0
2022-07-20 02:20:00,0.0,0.0,0.0,0.0,0.0,0.0,0.0,0.0,0.0,0.0
2022-07-20 02:25:00,0.0,0.0,0.0,0.0,0.0,0.0,0.0,0.0,0.0,0.0
2022-07-20 02:30:00,0.0,0.0,0.0,0.0,0.0,0.0,0.0,0.0,0.0,0.0
2022-07-20 02:35:00,0.0,0.0,0.0,0.0,0.0,0.0,0.0,0.0,0.0,0.0
2022-07-20 02:40:00,0.0,0.0,0.0,0.0,0.0,0.0,0.0,0.0,0.0,0.0
2022-07-20 02:45:00,0.0,0.0,0.0,0.0,0.0,0.0,0.0,0.0,0.0,0.0
2022-07-20 02:50:00,0.0,0.0,0.0,0.0,0.0,0.0,0.0,0.0,0.0,0.0
2022-07-20 02:55:00,0.0,0.0,0.0,0.0,0.0,0.0,0.0,0.0,0.0,0.0
2022-07-20 03:00:00,0.0,0.0,0.0,0.0,0.0,0.0,0.0,0.0,0.0,0.0
2022-07-20 03:05:00,0.0,0.0,0.0,0.0,0.0,0.0,0.0,0.0,0.0,0.0
2022-07-20 03:10:00,0.0,0.0,0.0,0.0,0.0,0.0,0.0,0.0,0.0,0.0
2022-07-20 03:15:00,0.0,0.0,0.0,0.0,0.0,0.0,0.0,0.0,0.0,0.0
2022-07-20 03:20:00,0.0,0.0,0.0,0.0,0.0,0.0,0.0,0.0,0.0,0.0
2022-07-20 03:25:00,0.0,0.0,0.0,0.0,0.0,0.0,0.0,0.0,0.0,0.0
2022-07-20 03:30:00,0.002083,0.0,0.0,0.0,0.0,0.0,0.0,0.0,0.0,0.0
2022-07-20 03:35:00,0.005336,0.0,0.0,0.0,0.0,0.0,0.001622,0.000446,0.0,0.0
2022-07-20 03:40:00,0.008757,0.0,0.0,0.0,0.0,0.0,0.004555,0.002904,0.0,0.0
2022-07-20 03:45:00,0.012352,0.0,0.0,0.0,0.0,0.0,0.007789,0.005821,0.0,0.0
2022-07-20 03:50:00,0.015818,0.0,0.0,0.0,0.0,0.0,0.01057,0.009336,0.001182,0.0
2022-07-20 03:55:00,0.019091,0.0,0.002819,0.0,0.0,0.001144,0.01328,0.013413,0.004252,0.000333
2022-07-20 04:00:00,0.022412,0.002647,0.006771,0.001118,0.002645,0.004483,0.016233,0.01764,0.00823,0.003712
2022-07-20 04:05:00,0.026113,0.006073,0.009954,0.004415,0.006031,0.008026,0.019889,0.021973,0.01214,0.007171
2022-07-20 04:10:00,0.030365,0.00955,0.012422,0.008054,0.00941,0.011485,0.024259,0.026316,0.015608,0.01056
2022-07-20 04:15:00,0.035094,0.013189,0.01418,0.011994,0.012858,0.015089,0.028715,0.030571,0.018805,0.013957
2022-07-20 04:20:00,0.040001,0.016841,0.016526,0.016092,0.016158,0.019233,0.032978,0.034833,0.022113,0.017717
2022-07-20 04:25:00,0.044812,0.020133,0.020297,0.019935,0.019214,0.024154,0.037109,0.038788,0.026473,0.022196
2022-07-20 04:30:00,0.049375,0.023287,0.024911,0.023496,0.022094,0.029518,0.041216,0.042338,0.031851,0.027012
2022-07-20 04:35:00,0.053999,0.027118,0.029091,0.027438,0.025408,0.0347,0.044584,0.045772,0.037776,0.031342
2022-07-20 04:40:00,0.058889,0.032118,0.03204,0.032268,0.02964,0.039286,0.047764,0.049292,0.043548,0.034736
2022-07-20 04:45:00,0.063806,0.037842,0.034074,0.037588,0.034269,0.043042,0.050516,0.052847,0.048702,0.037379
2022-07-20 04:50:00,0.068417,0.04347,0.035618,0.042802,0.038216,0.046925,0.051905,0.056565,0.051495,0.03949
2022-07-20 04:55:00,0.072757,0.048394,0.036759,0.04764,0.04072,0.050321,0.054016,0.061016,0.052223,0.040954
2022-07-20 05:00:00,0.077141,0.052698,0.037802,0.052232,0.042214,0.053526,0.05607,0.065785,0.051535,0.042205
2022-07-20 05:05:00,0.082059,0.056896,0.039588,0.056675,0.04349,0.057114,0.057996,0.070249,0.053317,0.04419
2022-07-20 05:10:00,0.087329,0.060831,0.042861,0.06096,0.04476,0.061587,0.05975,0.075575,0.058314,0.047398
2022-07-20 05:15:00,0.092925,0.06447,0.046951,0.065008,0.045902,0.06663,0.062058,0.081239,0.068023,0.051151
2022-07-20 05:20:00,0.099687,0.067661,0.050384,0.068821,0.046811,0.071571,0.065989,0.08388,0.075676,0.054663
2022-07-20 05:25:00,0.107277,0.070655,0.052327,0.072593,0.047194,0.077695,0.071116,0.084598,0.080137,0.058994
2022-07-20 05:30:00,0.115214,0.074461,0.05571,0.076934,0.049326,0.084488,0.077358,0.086528,0.083814,0.063868
2022-07-20 05:35:00,0.123257,0.079714,0.060442,0.081979,0.053611,0.088561,0.084618,0.092408,0.089811,0.070763
2022-07-20 05:40:00,0.131794,0.086006,0.066835,0.087663,0.05974,0.091085,0.093294,0.102889,0.098756,0.080361
2022-07-20 05:45:00,0.141398,0.093255,0.074713,0.094245,0.067655,0.094192,0.103343,0.11597,0.109698,0.091583
2022-07-20 05:50:00,0.152229,0.101434,0.084016,0.101536,0.077588,0.100357,0.114868,0.130524,0.121769,0.103059
2022-07-20 05:55:00,0.163441,0.110485,0.094503,0.109896,0.089599,0.109925,0.12756,0.14597,0.134739,0.1142
2022-07-20 06:00:00,0.174172,0.120243,0.106024,0.119224,0.102983,0.121435,0.140767,0.161627,0.148746,0.125624
2022-07-20 06:05:00,0.184801,0.130188,0.11871,0.126654,0.11624,0.134083,0.153976,0.177315,0.163815,0.137877
2022-07-20 06:10:00,0.195966,0.138827,0.132487,0.130183,0.129536,0.147689,0.167123,0.193115,0.179737,0.150968
2022-07-20 06:15:00,0.208117,0.145136,0.147268,0.129481,0.143216,0.162284,0.180608,0.209216,0.196361,0.16488
2022-07-20 06:20:00,0.221067,0.150518,0.162884,0.129507,0.157803,0.177858,0.194682,0.225828,0.213578,0.17978
2022-07-20 06:25:00,0.233549,0.157411,0.178955,0.136105,0.172971,0.193918,0.209185,0.242391,0.230766,0.195324
2022-07-20 06:30:00,0.245127,0.166291,0.194966,0.148288,0.188096,0.209821,0.22408,0.25852,0.247593,0.210997
2022-07-20 06:35:00,0.2626623,0.1699882999999999,0.2112409,0.148793,0.2042286,0.2261934,0.2395566,0.2748402,0.2639677,0.2271467999999999
2022-07-20 06:40:00,0.2801976,0.1736856,0.2275158,0.149298,0.2203612,0.2425658,0.2550332,0.2911604,0.2803424,0.2432966
2022-07-20 06:45:00,0.2977329,0.1773829,0.2437907,0.149803,0.2364938,0.2589382,0.2705098,0.3074806,0.2967171,0.2594463999999999
2022-07-20 06:50:00,0.3152682,0.1810802,0.2600656,0.150308,0.2526264,0.2753106,0.2859864,0.3238008,0.3130918,0.2755962
2022-07-20 06:55:00,0.3328035,0.1847774999999999,0.2763405,0.150813,0.268759,0.291683,0.301463,0.340121,0.3294665,0.291746
2022-07-20 07:00:00,0.3503388,0.1884748,0.2926154,0.151318,0.2848916,0.3080554,0.3169396,0.3564412,0.3458412,0.3078958
2022-07-20 07:05:00,0.3678741,0.1921721,0.3088903,0.151823,0.3010242,0.3244278,0.3324162,0.3727614,0.3622159,0.3240456
2022-07-20 07:10:00,0.3854094,0.1958694,0.3251652,0.152328,0.3171568,0.3408002,0.3478928,0.3890816,0.3785906,0.3401954
2022-07-20 07:15:00,0.4029447,0.1995666999999999,0.3414401,0.152833,0.3332894,0.3571726,0.3633694,0.4054018,0.3949652999999999,0.3563452
2022-07-20 07:20:00,0.42048,0.203264,0.357715,0.153338,0.349422,0.373545,0.378846,0.421722,0.41134,0.372495
2022-07-20 07:25:00,0.435553,0.209149,0.37401,0.15741,0.364522,0.389038,0.394372,0.436705,0.427025,0.387785
2022-07-20 07:30:00,0.44999,0.214275,0.389802,0.162857,0.377677,0.404475,0.409487,0.452031,0.442725,0.401883
2022-07-20 07:35:00,0.463979,0.212428,0.405788,0.183865,0.378443,0.419857,0.424523,0.467585,0.458284,0.416165
2022-07-20 07:40:00,0.477017,0.213859,0.421975,0.197925,0.387439,0.434298,0.439349,0.483188,0.473159,0.431339
2022-07-20 07:45:00,0.489113,0.209341,0.438032,0.223566,0.386012,0.447661,0.453859,0.498721,0.487262,0.447005
2022-07-20 07:50:00,0.501006,0.21285,0.453392,0.255478,0.37709,0.460993,0.46805,0.513975,0.501043,0.462273
2022-07-20 07:55:00,0.513149,0.225696,0.467463,0.285713,0.368849,0.474681,0.482069,0.528427,0.514802,0.476025
2022-07-20 08:00:00,0.525449,0.245156,0.480297,0.313365,0.360667,0.488456,0.49564,0.542041,0.52854,0.488445
2022-07-20 08:05:00,0.538179,0.273548,0.493189,0.33827,0.352826,0.50254,0.509263,0.555817,0.542229,0.501047
2022-07-20 08:10:00,0.551261,0.306344,0.506484,0.351439,0.346647,0.516918,0.522962,0.56988,0.55526,0.514541
2022-07-20 08:15:00,0.564225,0.340086,0.520367,0.356962,0.342051,0.531154,0.536419,0.583544,0.56739,0.52853
2022-07-20 08:20:00,0.576521,0.362638,0.534083,0.372845,0.342738,0.544991,0.54945,0.596038,0.57918,0.542593
2022-07-20 08:25:00,0.587667,0.359141,0.546891,0.40262,0.351743,0.557966,0.561578,0.606187,0.590959,0.556256
2022-07-20 08:30:00,0.597805,0.339957,0.558761,0.438155,0.367731,0.570147,0.572808,0.614542,0.602589,0.569461
2022-07-20 08:35:00,0.607804,0.339197,0.570645,0.462012,0.400106,0.582053,0.584268,0.623011,0.614467,0.58247
2022-07-20 08:40:00,0.617575,0.374791,0.582702,0.450163,0.451278,0.594335,0.59608,0.633238,0.626592,0.595254
2022-07-20 08:45:00,0.626884,0.434129,0.594666,0.411776,0.513325,0.606379,0.607603,0.644102,0.638585,0.60767
2022-07-20 08:50:00,0.636097,0.49603,0.606192,0.361493,0.566223,0.617972,0.618532,0.642827,0.649819,0.619572
2022-07-20 08:55:00,0.644709,0.542459,0.616675,0.308797,0.59665,0.628389,0.62844,0.626326,0.659819,0.630901
2022-07-20 09:00:00,0.652673,0.577757,0.626294,0.258319,0.611445,0.637803,0.637402,0.598534,0.669011,0.641763
2022-07-20 09:05:00,0.661069,0.605503,0.636151,0.229837,0.621762,0.647491,0.646108,0.581792,0.678338,0.652447
2022-07-20 09:10:00,0.670528,0.623899,0.645929,0.234661,0.631467,0.657386,0.655348,0.591802,0.687774,0.662812
2022-07-20 09:15:00,0.68044,0.635343,0.655223,0.262908,0.640693,0.667059,0.664334,0.620141,0.696946,0.672805
2022-07-20 09:20:00,0.689635,0.64467,0.664052,0.326379,0.633034,0.676015,0.672402,0.645453,0.705676,0.682482
2022-07-20 09:25:00,0.697145,0.652652,0.672348,0.419291,0.604784,0.683694,0.67971,0.659095,0.71389,0.691568
2022-07-20 09:30:00,0.703477,0.659571,0.68011,0.526353,0.55943,0.690167,0.686242,0.664516,0.721647,0.700102
2022-07-20 09:35:00,0.709988,0.666673,0.687536,0.599245,0.530052,0.696884,0.693586,0.674736,0.728999,0.708149
2022-07-20 09:40:00,0.717069,0.673752,0.694616,0.615475,0.53278,0.70403,0.702022,0.694165,0.736067,0.715807
2022-07-20 09:45:00,0.724149,0.680524,0.701351,0.591359,0.559204,0.711046,0.71062,0.719088,0.742922,0.723104
2022-07-20 09:50:00,0.730248,0.673526,0.707436,0.538503,0.582073,0.717295,0.71833,0.740824,0.748859,0.729627
2022-07-20 09:55:00,0.73421,0.649376,0.712283,0.470816,0.590641,0.722239,0.723511,0.753801,0.753509,0.734746
2022-07-20 10:00:00,0.73642,0.614178,0.716377,0.395819,0.590132,0.726245,0.727197,0.760542,0.757277,0.739012
2022-07-20 10:05:00,0.739011,0.596079,0.721275,0.364546,0.600603,0.730812,0.731413,0.765859,0.761514,0.743971
2022-07-20 10:10:00,0.742944,0.616636,0.727474,0.401593,0.632056,0.736543,0.736879,0.771246,0.766614,0.74945
2022-07-20 10:15:00,0.74755,0.660881,0.734124,0.480125,0.675113,0.742723,0.742647,0.776455,0.772183,0.754453
2022-07-20 10:20:00,0.751746,0.700137,0.740407,0.557732,0.710731,0.747998,0.747957,0.781141,0.777211,0.759193
2022-07-20 10:25:00,0.754358,0.720526,0.74585,0.601188,0.728058,0.751699,0.752189,0.784881,0.780782,0.762088
2022-07-20 10:30:00,0.755707,0.727808,0.750692,0.623359,0.732567,0.754564,0.755564,0.787866,0.783185,0.763491
2022-07-20 10:35:00,0.757611,0.731873,0.755156,0.644806,0.735508,0.757362,0.759329,0.785159,0.785739,0.765243
2022-07-20 10:40:00,0.76069,0.735896,0.759081,0.672205,0.738314,0.760497,0.764369,0.776287,0.788553,0.767546
2022-07-20 10:45:00,0.764176,0.739584,0.762419,0.702346,0.741342,0.763862,0.769407,0.763089,0.791094,0.769688
2022-07-20 10:50:00,0.767315,0.742826,0.765251,0.726725,0.744193,0.766675,0.773415,0.756948,0.793082,0.771843
2022-07-20 10:55:00,0.769612,0.745172,0.767462,0.738979,0.746344,0.768394,0.775876,0.762458,0.794201,0.773811
2022-07-20 11:00:00,0.771479,0.746554,0.769137,0.743476,0.747793,0.769448,0.777434,0.775165,0.794682,0.775403
2022-07-20 11:05:00,0.773093,0.747534,0.770633,0.745806,0.749395,0.770769,0.7789,0.781243,0.795286,0.777025
2022-07-20 11:10:00,0.774201,0.748365,0.772624,0.748215,0.751664,0.772723,0.78069,0.776046,0.796394,0.779003
2022-07-20 11:15:00,0.774722,0.749026,0.775044,0.750673,0.754232,0.774812,0.782515,0.763259,0.797815,0.781164
2022-07-20 11:20:00,0.774473,0.749398,0.776921,0.752009,0.756327,0.776295,0.783844,0.757278,0.799107,0.782696
2022-07-20 11:25:00,0.772709,0.749045,0.77717,0.751012,0.756798,0.776254,0.784064,0.764156,0.799477,0.782599
2022-07-20 11:30:00,0.769671,0.747955,0.77609,0.748498,0.755859,0.77493,0.783343,0.779162,0.79877,0.781173
2022-07-20 11:35:00,0.766791,0.730758,0.77524,0.721893,0.755016,0.773839,0.782508,0.791683,0.797794,0.779977
2022-07-20 11:40:00,0.764139,0.69583,0.774927,0.668235,0.754414,0.773285,0.781799,0.795999,0.796301,0.779319
2022-07-20 11:45:00,0.761233,0.647795,0.774682,0.594286,0.753527,0.772837,0.781075,0.794907,0.794122,0.778725
2022-07-20 11:50:00,0.758269,0.624999,0.774082,0.558672,0.752023,0.772218,0.780156,0.792455,0.791562,0.77759
2022-07-20 11:55:00,0.755732,0.643572,0.773227,0.587454,0.749805,0.771604,0.779209,0.790376,0.789003,0.775538
2022-07-20 12:00:00,0.753377,0.686949,0.772123,0.654531,0.747137,0.770739,0.777961,0.788312,0.786233,0.772654
2022-07-20 12:05:00,0.7507,0.723168,0.770182,0.710391,0.743955,0.769008,0.775726,0.785229,0.782852,0.76953
2022-07-20 12:10:00,0.747482,0.737881,0.767157,0.733685,0.740443,0.766096,0.772228,0.780534,0.778357,0.765814
2022-07-20 12:15:00,0.743799,0.738225,0.763395,0.736119,0.736702,0.762419,0.76798,0.774928,0.773119,0.761521
2022-07-20 12:20:00,0.739613,0.724174,0.759478,0.732811,0.732961,0.758933,0.763568,0.769745,0.767833,0.757499
2022-07-20 12:25:00,0.734727,0.698007,0.754514,0.729375,0.728266,0.756233,0.759288,0.765764,0.762632,0.754239
2022-07-20 12:30:00,0.729149,0.662229,0.748844,0.726,0.723172,0.753723,0.75506,0.762469,0.757304,0.750645
2022-07-20 12:35:00,0.709848,0.614375,0.74284,0.722422,0.718454,0.750891,0.750597,0.758659,0.751815,0.697474
2022-07-20 12:40:00,0.676149,0.55654,0.736244,0.718498,0.714094,0.746757,0.745765,0.753538,0.745898,0.587083
2022-07-20 12:45:00,0.632708,0.493515,0.72917,0.713321,0.70959,0.74178,0.740659,0.747284,0.739559,0.434288
2022-07-20 12:50:00,0.594267,0.437048,0.722724,0.67831,0.704915,0.736335,0.735677,0.740774,0.732728,0.286822
2022-07-20 12:55:00,0.571136,0.398621,0.717427,0.60747,0.700392,0.730526,0.730542,0.734129,0.725909,0.18476
2022-07-20 13:00:00,0.559443,0.375147,0.712501,0.511016,0.695805,0.724355,0.724802,0.726877,0.719284,0.117611
2022-07-20 13:05:00,0.560198,0.38085,0.706977,0.440341,0.690509,0.718045,0.718607,0.719076,0.712424,0.071934
2022-07-20 13:10:00,0.571353,0.420146,0.700394,0.42245,0.684039,0.711089,0.711574,0.710423,0.705118,0.049431
2022-07-20 13:15:00,0.587249,0.476363,0.693035,0.44119,0.676767,0.703377,0.703952,0.701085,0.697512,0.042479
2022-07-20 13:20:00,0.593145,0.500199,0.685004,0.439951,0.669318,0.695186,0.696448,0.691783,0.689357,0.037335
2022-07-20 13:25:00,0.583418,0.472117,0.677035,0.40466,0.661915,0.687256,0.689218,0.682819,0.680095,0.030614
2022-07-20 13:30:00,0.564598,0.412197,0.669352,0.348479,0.654441,0.679563,0.681685,0.674028,0.669874,0.02598
2022-07-20 13:35:00,0.53193,0.376272,0.661486,0.317708,0.63371,0.671194,0.672898,0.665071,0.659616,0.034539
2022-07-20 13:40:00,0.49117,0.390031,0.653492,0.335456,0.598624,0.661698,0.663065,0.655795,0.649545,0.068544
2022-07-20 13:45:00,0.445089,0.435736,0.645335,0.385232,0.551606,0.651436,0.652632,0.646108,0.639227,0.115535
2022-07-20 13:50:00,0.404393,0.486685,0.63681,0.429495,0.466759,0.640834,0.642497,0.636085,0.628617,0.142183
2022-07-20 13:55:00,0.376697,0.528514,0.627446,0.457801,0.343921,0.630333,0.633005,0.625636,0.618074,0.134158
2022-07-20 14:00:00,0.359197,0.560093,0.617382,0.473541,0.202766,0.619762,0.623723,0.614851,0.607708,0.106111
2022-07-20 14:05:00,0.34959,0.569278,0.607101,0.491606,0.115554,0.610785,0.614132,0.603613,0.597161,0.101784
2022-07-20 14:10:00,0.349839,0.551512,0.596897,0.513673,0.13166,0.602073,0.603994,0.592113,0.586731,0.142866
2022-07-20 14:15:00,0.356318,0.515267,0.586621,0.534855,0.211466,0.591844,0.593469,0.580339,0.576372,0.210268
2022-07-20 14:20:00,0.365212,0.453621,0.575744,0.515338,0.254969,0.570544,0.582848,0.568012,0.565121,0.253933
2022-07-20 14:25:00,0.375633,0.367829,0.563997,0.445481,0.227694,0.533517,0.571417,0.555046,0.552551,0.253131
2022-07-20 14:30:00,0.385358,0.269024,0.551677,0.344937,0.157204,0.487695,0.559464,0.541741,0.539337,0.224501
2022-07-20 14:35:00,0.389203,0.204782,0.539175,0.26709,0.114513,0.461531,0.547164,0.528836,0.519752,0.19472
2022-07-20 14:40:00,0.38553,0.197194,0.526502,0.244074,0.14224,0.463203,0.534521,0.51681,0.494557,0.18277
2022-07-20 14:45:00,0.377227,0.226558,0.511799,0.256519,0.21039,0.478013,0.521606,0.504977,0.465557,0.1841
2022-07-20 14:50:00,0.366261,0.271946,0.487159,0.274637,0.26734,0.462353,0.50849,0.492425,0.428481,0.198945
2022-07-20 14:55:00,0.355196,0.314939,0.447577,0.283306,0.281559,0.402513,0.495508,0.479006,0.384441,0.229054
2022-07-20 15:00:00,0.34403,0.352053,0.399341,0.2851,0.267846,0.320008,0.482582,0.465092,0.337991,0.267279
2022-07-20 15:05:00,0.33495,0.364134,0.360409,0.289647,0.259387,0.27604,0.468945,0.451042,0.295958,0.289301
2022-07-20 15:10:00,0.327985,0.342017,0.334508,0.297587,0.262906,0.298034,0.454593,0.437447,0.263865,0.288741
2022-07-20 15:15:00,0.3216,0.301211,0.315963,0.30693,0.273721,0.355016,0.439907,0.423896,0.238746,0.274379
2022-07-20 15:20:00,0.311393,0.283147,0.285772,0.323186,0.270545,0.398609,0.425054,0.409322,0.219344,0.261277
2022-07-20 15:25:00,0.295875,0.299618,0.235502,0.341504,0.24564,0.409028,0.409805,0.393435,0.20768,0.258625
2022-07-20 15:30:00,0.278005,0.333223,0.173359,0.357816,0.208922,0.399198,0.393322,0.376797,0.200594,0.261344
2022-07-20 15:35:00,0.263091,0.357871,0.114856,0.367059,0.187984,0.384445,0.372036,0.359757,0.193633,0.247931
2022-07-20 15:40:00,0.252384,0.360337,0.071997,0.362335,0.19519,0.369915,0.345796,0.342728,0.184735,0.214816
2022-07-20 15:45:00,0.244081,0.348072,0.040417,0.350275,0.219013,0.355566,0.319152,0.325849,0.174685,0.17016
2022-07-20 15:50:00,0.240147,0.336027,0.018257,0.336625,0.24268,0.340718,0.292022,0.30896,0.167801,0.142625
2022-07-20 15:55:00,0.238136,0.322395,0.008361,0.323122,0.25562,0.325079,0.268049,0.292254,0.164203,0.144189
2022-07-20 16:00:00,0.235496,0.306855,0.007284,0.308733,0.260326,0.309132,0.247429,0.275914,0.161968,0.162324
2022-07-20 16:05:00,0.229359,0.277551,0.00885,0.28497,0.25706,0.2935,0.239048,0.259749,0.15635,0.175646
2022-07-20 16:10:00,0.218543,0.230517,0.012832,0.251044,0.247251,0.278311,0.239657,0.243792,0.143511,0.16965
2022-07-20 16:15:00,0.20508,0.176148,0.019503,0.214452,0.232978,0.262743,0.240838,0.227786,0.126501,0.152014
2022-07-20 16:20:00,0.190535,0.133418,0.021374,0.184669,0.205611,0.231861,0.236275,0.21146,0.112483,0.131488
2022-07-20 16:25:00,0.17571,0.110538,0.022696,0.167187,0.162812,0.187055,0.224082,0.195088,0.104365,0.11334
2022-07-20 16:30:00,0.161263,0.100461,0.023082,0.156023,0.112104,0.138546,0.209175,0.179085,0.099922,0.097335
2022-07-20 16:35:00,0.14735,0.090782,0.021072,0.140338,0.081886,0.106461,0.194116,0.163521,0.095787,0.08036
2022-07-20 16:40:00,0.134125,0.080338,0.019016,0.117093,0.084781,0.100631,0.17919,0.148054,0.088872,0.063392
2022-07-20 16:45:00,0.121764,0.069703,0.017038,0.090405,0.107489,0.109301,0.164153,0.132544,0.080058,0.046967
2022-07-20 16:50:00,0.110175,0.071584,0.016879,0.074453,0.128341,0.108782,0.149156,0.117472,0.072448,0.033069
2022-07-20 16:55:00,0.099382,0.088224,0.020842,0.077038,0.134692,0.092919,0.13485,0.103506,0.066146,0.024824
2022-07-20 17:00:00,0.089551,0.111128,0.027963,0.090708,0.131613,0.067692,0.121543,0.090818,0.061007,0.020438
2022-07-20 17:05:00,0.080698,0.122354,0.037914,0.09809,0.127092,0.048169,0.108952,0.079364,0.058283,0.017755
2022-07-20 17:10:00,0.073071,0.116168,0.051475,0.092548,0.122011,0.043512,0.097148,0.06914,0.057786,0.016925
2022-07-20 17:15:00,0.066743,0.101275,0.065742,0.078277,0.116261,0.048424,0.086362,0.060258,0.058421,0.017063
2022-07-20 17:20:00,0.061535,0.085446,0.076241,0.062175,0.105122,0.053691,0.076644,0.052934,0.05807,0.016602
2022-07-20 17:25:00,0.057394,0.072654,0.078191,0.047699,0.088221,0.055313,0.068044,0.047263,0.054741,0.01504
2022-07-20 17:30:00,0.054268,0.061776,0.074597,0.035263,0.068914,0.054198,0.060667,0.0433,0.049609,0.012794
2022-07-20 17:35:00,0.053566,0.052852,0.07011,0.027099,0.055007,0.050839,0.054719,0.041317,0.044069,0.009555
2022-07-20 17:40:00,0.052939,0.047356,0.066215,0.02559,0.051182,0.045143,0.050218,0.041181,0.038405,0.005849
2022-07-20 17:45:00,0.052158,0.04377,0.062945,0.028001,0.053322,0.03808,0.047239,0.040812,0.032833,0.002113
2022-07-20 17:50:00,0.050106,0.04217,0.059088,0.031947,0.054759,0.031677,0.046638,0.040203,0.029509,0.000721
2022-07-20 17:55:00,0.046287,0.041577,0.054074,0.034444,0.051646,0.027273,0.045797,0.039303,0.028986,0.003289
2022-07-20 18:00:00,0.04144,0.041464,0.048394,0.035852,0.045578,0.024113,0.044818,0.038221,0.030394,0.00791
2022-07-20 18:05:00,0.036897,0.038988,0.041806,0.035937,0.041172,0.021223,0.043746,0.037052,0.031449,0.01161
2022-07-20 18:10:00,0.033421,0.032556,0.03477,0.033496,0.04013,0.018487,0.042432,0.035761,0.030539,0.012413
2022-07-20 18:15:00,0.030574,0.023955,0.027575,0.029596,0.041204,0.015996,0.041017,0.034047,0.028169,0.011277
2022-07-20 18:20:00,0.027786,0.017959,0.021528,0.025016,0.039985,0.013681,0.039501,0.03189,0.024221,0.009676
2022-07-20 18:25:00,0.024842,0.017568,0.017722,0.020143,0.034335,0.011773,0.03775,0.028925,0.018848,0.007915
2022-07-20 18:30:00,0.021609,0.020484,0.015553,0.015395,0.025684,0.010027,0.035713,0.02525,0.012622,0.006018
2022-07-20 18:35:00,0.017854,0.023193,0.013104,0.012494,0.018967,0.008394,0.032826,0.020957,0.006708,0.003831
2022-07-20 18:40:00,0.0137,0.02341,0.009924,0.01182,0.016892,0.006658,0.029613,0.016375,0.002122,0.001603
2022-07-20 18:45:00,0.009365,0.021601,0.006304,0.012463,0.017931,0.004805,0.025987,0.011727,0.0,0.0
2022-07-20 18:50:00,0.005541,0.018621,0.003494,0.012352,0.018017,0.002713,0.022321,0.007531,0.0,0.0
2022-07-20 18:55:00,0.002689,0.01461,0.002607,0.010366,0.015002,0.000751,0.018853,0.004261,0.0,0.0
2022-07-20 19:00:00,0.000465,0.009914,0.002718,0.007183,0.010072,0.0,0.015609,0.00163,0.0,0.0
2022-07-20 19:05:00,0.0,0.005484,0.002308,0.003871,0.005118,0.0,0.012294,0.0,0.0,0.0
2022-07-20 19:10:00,0.0,0.002033,0.000706,0.000693,0.001031,0.0,0.008503,0.0,0.0,0.0
2022-07-20 19:15:00,0.0,0.0,0.0,0.0,0.0,0.0,0.004515,0.0,0.0,0.0
2022-07-20 19:20:00,0.0,0.0,0.0,0.0,0.0,0.0,0.001206,0.0,0.0,0.0
2022-07-20 19:25:00,0.0,0.0,0.0,0.0,0.0,0.0,0.0,0.0,0.0,0.0
2022-07-20 19:30:00,0.0,0.0,0.0,0.0,0.0,0.0,0.0,0.0,0.0,0.0
2022-07-20 19:35:00,0.0,0.0,0.0,0.0,0.0,0.0,0.0,0.0,0.0,0.0
2022-07-20 19:40:00,0.0,0.0,0.0,0.0,0.0,0.0,0.0,0.0,0.0,0.0
2022-07-20 19:45:00,0.0,0.0,0.0,0.0,0.0,0.0,0.0,0.0,0.0,0.0
2022-07-20 19:50:00,0.0,0.0,0.0,0.0,0.0,0.0,0.0,0.0,0.0,0.0
2022-07-20 19:55:00,0.0,0.0,0.0,0.0,0.0,0.0,0.0,0.0,0.0,0.0
2022-07-20 20:00:00,0.0,0.0,0.0,0.0,0.0,0.0,0.0,0.0,0.0,0.0
2022-07-20 20:05:00,0.0,0.0,0.0,0.0,0.0,0.0,0.0,0.0,0.0,0.0
2022-07-20 20:10:00,0.0,0.0,0.0,0.0,0.0,0.0,0.0,0.0,0.0,0.0
2022-07-20 20:15:00,0.0,0.0,0.0,0.0,0.0,0.0,0.0,0.0,0.0,0.0
2022-07-20 20:20:00,0.0,0.0,0.0,0.0,0.0,0.0,0.0,0.0,0.0,0.0
2022-07-20 20:25:00,0.0,0.0,0.0,0.0,0.0,0.0,0.0,0.0,0.0,0.0
2022-07-20 20:30:00,0.0,0.0,0.0,0.0,0.0,0.0,0.0,0.0,0.0,0.0
2022-07-20 20:35:00,0.0,0.0,0.0,0.0,0.0,0.0,0.0,0.0,0.0,0.0
2022-07-20 20:40:00,0.0,0.0,0.0,0.0,0.0,0.0,0.0,0.0,0.0,0.0
2022-07-20 20:45:00,0.0,0.0,0.0,0.0,0.0,0.0,0.0,0.0,0.0,0.0
2022-07-20 20:50:00,0.0,0.0,0.0,0.0,0.0,0.0,0.0,0.0,0.0,0.0
2022-07-20 20:55:00,0.0,0.0,0.0,0.0,0.0,0.0,0.0,0.0,0.0,0.0
2022-07-20 21:00:00,0.0,0.0,0.0,0.0,0.0,0.0,0.0,0.0,0.0,0.0
2022-07-20 21:05:00,0.0,0.0,0.0,0.0,0.0,0.0,0.0,0.0,0.0,0.0
2022-07-20 21:10:00,0.0,0.0,0.0,0.0,0.0,0.0,0.0,0.0,0.0,0.0
2022-07-20 21:15:00,0.0,0.0,0.0,0.0,0.0,0.0,0.0,0.0,0.0,0.0
2022-07-20 21:20:00,0.0,0.0,0.0,0.0,0.0,0.0,0.0,0.0,0.0,0.0
2022-07-20 21:25:00,0.0,0.0,0.0,0.0,0.0,0.0,0.0,0.0,0.0,0.0
2022-07-20 21:30:00,0.0,0.0,0.0,0.0,0.0,0.0,0.0,0.0,0.0,0.0
2022-07-20 21:35:00,0.0,0.0,0.0,0.0,0.0,0.0,0.0,0.0,0.0,0.0
2022-07-20 21:40:00,0.0,0.0,0.0,0.0,0.0,0.0,0.0,0.0,0.0,0.0
2022-07-20 21:45:00,0.0,0.0,0.0,0.0,0.0,0.0,0.0,0.0,0.0,0.0
2022-07-20 21:50:00,0.0,0.0,0.0,0.0,0.0,0.0,0.0,0.0,0.0,0.0
2022-07-20 21:55:00,0.0,0.0,0.0,0.0,0.0,0.0,0.0,0.0,0.0,0.0
2022-07-20 22:00:00,0.0,0.0,0.0,0.0,0.0,0.0,0.0,0.0,0.0,0.0
2022-07-20 22:05:00,0.0,0.0,0.0,0.0,0.0,0.0,0.0,0.0,0.0,0.0
2022-07-20 22:10:00,0.0,0.0,0.0,0.0,0.0,0.0,0.0,0.0,0.0,0.0
2022-07-20 22:15:00,0.0,0.0,0.0,0.0,0.0,0.0,0.0,0.0,0.0,0.0
2022-07-20 22:20:00,0.0,0.0,0.0,0.0,0.0,0.0,0.0,0.0,0.0,0.0
2022-07-20 22:25:00,0.0,0.0,0.0,0.0,0.0,0.0,0.0,0.0,0.0,0.0
2022-07-20 22:30:00,0.0,0.0,0.0,0.0,0.0,0.0,0.0,0.0,0.0,0.0
2022-07-20 22:35:00,0.0,0.0,0.0,0.0,0.0,0.0,0.0,0.0,0.0,0.0
2022-07-20 22:40:00,0.0,0.0,0.0,0.0,0.0,0.0,0.0,0.0,0.0,0.0
2022-07-20 22:45:00,0.0,0.0,0.0,0.0,0.0,0.0,0.0,0.0,0.0,0.0
2022-07-20 22:50:00,0.0,0.0,0.0,0.0,0.0,0.0,0.0,0.0,0.0,0.0
2022-07-20 22:55:00,0.0,0.0,0.0,0.0,0.0,0.0,0.0,0.0,0.0,0.0
2022-07-20 23:00:00,0.0,0.0,0.0,0.0,0.0,0.0,0.0,0.0,0.0,0.0
2022-07-20 23:05:00,0.0,0.0,0.0,0.0,0.0,0.0,0.0,0.0,0.0,0.0
2022-07-20 23:10:00,0.0,0.0,0.0,0.0,0.0,0.0,0.0,0.0,0.0,0.0
2022-07-20 23:15:00,0.0,0.0,0.0,0.0,0.0,0.0,0.0,0.0,0.0,0.0
2022-07-20 23:20:00,0.0,0.0,0.0,0.0,0.0,0.0,0.0,0.0,0.0,0.0
2022-07-20 23:25:00,0.0,0.0,0.0,0.0,0.0,0.0,0.0,0.0,0.0,0.0
2022-07-20 23:30:00,0.0,0.0,0.0,0.0,0.0,0.0,0.0,0.0,0.0,0.0
2022-07-20 23:35:00,0.0,0.0,0.0,0.0,0.0,0.0,0.0,0.0,0.0,0.0
2022-07-20 23:40:00,0.0,0.0,0.0,0.0,0.0,0.0,0.0,0.0,0.0,0.0
2022-07-20 23:45:00,0.0,0.0,0.0,0.0,0.0,0.0,0.0,0.0,0.0,0.0
2022-07-20 23:50:00,0.0,0.0,0.0,0.0,0.0,0.0,0.0,0.0,0.0,0.0
2022-07-20 23:55:00,0.0,0.0,0.0,0.0,0.0,0.0,0.0,0.0,0.0,0.0
2022-07-21 00:00:00,0.0,0.0,0.0,0.0,0.0,0.0,0.0,0.0,0.0,0.0
2022-07-21 00:05:00,0.0,0.0,0.0,0.0,0.0,0.0,0.0,0.0,0.0,0.0
2022-07-21 00:10:00,0.0,0.0,0.0,0.0,0.0,0.0,0.0,0.0,0.0,0.0
2022-07-21 00:15:00,0.0,0.0,0.0,0.0,0.0,0.0,0.0,0.0,0.0,0.0
2022-07-21 00:20:00,0.0,0.0,0.0,0.0,0.0,0.0,0.0,0.0,0.0,0.0
2022-07-21 00:25:00,0.0,0.0,0.0,0.0,0.0,0.0,0.0,0.0,0.0,0.0
2022-07-21 00:30:00,0.0,0.0,0.0,0.0,0.0,0.0,0.0,0.0,0.0,0.0
2022-07-21 00:35:00,0.0,0.0,0.0,0.0,0.0,0.0,0.0,0.0,0.0,0.0
2022-07-21 00:40:00,0.0,0.0,0.0,0.0,0.0,0.0,0.0,0.0,0.0,0.0
2022-07-21 00:45:00,0.0,0.0,0.0,0.0,0.0,0.0,0.0,0.0,0.0,0.0
2022-07-21 00:50:00,0.0,0.0,0.0,0.0,0.0,0.0,0.0,0.0,0.0,0.0
2022-07-21 00:55:00,0.0,0.0,0.0,0.0,0.0,0.0,0.0,0.0,0.0,0.0
2022-07-21 01:00:00,0.0,0.0,0.0,0.0,0.0,0.0,0.0,0.0,0.0,0.0
2022-07-21 01:05:00,0.0,0.0,0.0,0.0,0.0,0.0,0.0,0.0,0.0,0.0
2022-07-21 01:10:00,0.0,0.0,0.0,0.0,0.0,0.0,0.0,0.0,0.0,0.0
2022-07-21 01:15:00,0.0,0.0,0.0,0.0,0.0,0.0,0.0,0.0,0.0,0.0
2022-07-21 01:20:00,0.0,0.0,0.0,0.0,0.0,0.0,0.0,0.0,0.0,0.0
2022-07-21 01:25:00,0.0,0.0,0.0,0.0,0.0,0.0,0.0,0.0,0.0,0.0
2022-07-21 01:30:00,0.0,0.0,0.0,0.0,0.0,0.0,0.0,0.0,0.0,0.0
2022-07-21 01:35:00,0.0,0.0,0.0,0.0,0.0,0.0,0.0,0.0,0.0,0.0
2022-07-21 01:40:00,0.0,0.0,0.0,0.0,0.0,0.0,0.0,0.0,0.0,0.0
2022-07-21 01:45:00,0.0,0.0,0.0,0.0,0.0,0.0,0.0,0.0,0.0,0.0
2022-07-21 01:50:00,0.0,0.0,0.0,0.0,0.0,0.0,0.0,0.0,0.0,0.0
2022-07-21 01:55:00,0.0,0.0,0.0,0.0,0.0,0.0,0.0,0.0,0.0,0.0
2022-07-21 02:00:00,0.0,0.0,0.0,0.0,0.0,0.0,0.0,0.0,0.0,0.0
2022-07-21 02:05:00,0.0,0.0,0.0,0.0,0.0,0.0,0.0,0.0,0.0,0.0
2022-07-21 02:10:00,0.0,0.0,0.0,0.0,0.0,0.0,0.0,0.0,0.0,0.0
2022-07-21 02:15:00,0.0,0.0,0.0,0.0,0.0,0.0,0.0,0.0,0.0,0.0
2022-07-21 02:20:00,0.0,0.0,0.0,0.0,0.0,0.0,0.0,0.0,0.0,0.0
2022-07-21 02:25:00,0.0,0.0,0.0,0.0,0.0,0.0,0.0,0.0,0.0,0.0
2022-07-21 02:30:00,0.0,0.0,0.0,0.0,0.0,0.0,0.0,0.0,0.0,0.0
2022-07-21 02:35:00,0.0,0.0,0.0,0.0,0.0,0.0,0.0,0.0,0.0,0.0
2022-07-21 02:40:00,0.0,0.0,0.0,0.0,0.0,0.0,0.0,0.0,0.0,0.0
2022-07-21 02:45:00,0.0,0.0,0.0,0.0,0.0,0.0,0.0,0.0,0.0,0.0
2022-07-21 02:50:00,0.0,0.0,0.0,0.0,0.0,0.0,0.0,0.0,0.0,0.0
2022-07-21 02:55:00,0.0,0.0,0.0,0.0,0.0,0.0,0.0,0.0,0.0,0.0
2022-07-21 03:00:00,0.0,0.0,0.0,0.0,0.0,0.0,0.0,0.0,0.0,0.0
2022-07-21 03:05:00,0.0,0.0,0.0,0.0,0.0,0.0,0.0,0.0,0.0,0.0
2022-07-21 03:10:00,0.0,0.0,0.0,0.0,0.0,0.0,0.0,0.0,0.0,0.0
2022-07-21 03:15:00,0.0,0.0,0.0,0.0,0.0,0.0,0.0,0.0,0.0,0.0
2022-07-21 03:20:00,0.0,0.0,0.0,0.0,0.0,0.0,0.0,0.0,0.0,0.0
2022-07-21 03:25:00,0.0,0.0,0.0,0.0,0.0,0.0,0.0,0.0,0.0,0.0
2022-07-21 03:30:00,0.000212,0.0,0.0,0.0,0.0,0.0,0.0,0.0,0.0,0.0
2022-07-21 03:35:00,0.003219,0.0,0.0,0.0,0.0,0.0,0.0,0.0,0.0,0.0
2022-07-21 03:40:00,0.006035,0.0,0.0,0.0,0.0,0.0,0.0,0.0,0.0,0.0
2022-07-21 03:45:00,0.008401,0.0,0.0,0.0,0.0,0.0,0.0,0.0,0.0,0.0
2022-07-21 03:50:00,0.010627,0.0,0.0,0.0,0.0,0.0,0.0,0.0,0.0,0.0
2022-07-21 03:55:00,0.0118,0.0,0.0,0.0,0.0,0.0,0.00273,0.004107,0.000366,0.0
2022-07-21 04:00:00,0.012829,0.0,0.0,0.0,0.0,0.0,0.006294,0.011639,0.002356,0.0
2022-07-21 04:05:00,0.015562,0.0,0.0,0.0,0.0,0.000489,0.008621,0.018626,0.00518,0.001258
2022-07-21 04:10:00,0.021531,0.001411,0.0,0.0,0.0,0.002961,0.009727,0.024111,0.008526,0.004205
2022-07-21 04:15:00,0.029207,0.003831,0.00184,0.000496,0.0,0.005865,0.010431,0.028402,0.012139,0.007499
2022-07-21 04:20:00,0.036337,0.006771,0.00462,0.00266,0.001023,0.010096,0.010818,0.030828,0.016579,0.010145
2022-07-21 04:25:00,0.041693,0.010059,0.006545,0.004946,0.00197,0.015419,0.012624,0.030783,0.021171,0.01185
2022-07-21 04:30:00,0.046166,0.013366,0.008163,0.007309,0.003112,0.021277,0.014999,0.029162,0.026054,0.013191
2022-07-21 04:35:00,0.050478,0.015295,0.010981,0.009403,0.004084,0.027322,0.01719,0.029542,0.031102,0.015373
2022-07-21 04:40:00,0.054805,0.015361,0.015658,0.010833,0.00566,0.033033,0.019624,0.033058,0.036646,0.019387
2022-07-21 04:45:00,0.05901,0.014502,0.021413,0.011786,0.007771,0.038309,0.022087,0.038231,0.042142,0.024559
2022-07-21 04:50:00,0.063138,0.012803,0.026436,0.01206,0.010464,0.043045,0.022705,0.040865,0.045317,0.03115
2022-07-21 04:55:00,0.06779,0.011237,0.029926,0.011486,0.013993,0.047461,0.021078,0.039129,0.04495,0.038911
2022-07-21 05:00:00,0.072896,0.009804,0.032426,0.010425,0.017735,0.05171,0.018834,0.034599,0.042094,0.047083
2022-07-21 05:05:00,0.078235,0.00891,0.035783,0.011104,0.020684,0.056043,0.014946,0.028203,0.039384,0.0549
2022-07-21 05:10:00,0.083126,0.008642,0.040177,0.013866,0.021602,0.060268,0.012651,0.022114,0.038384,0.061953
2022-07-21 05:15:00,0.088383,0.008905,0.044836,0.018055,0.021172,0.064814,0.01107,0.016557,0.038932,0.068337
2022-07-21 05:20:00,0.095677,0.011655,0.050011,0.023879,0.019082,0.069024,0.010834,0.014948,0.041001,0.074183
2022-07-21 05:25:00,0.104572,0.016753,0.054339,0.031651,0.014902,0.073416,0.012559,0.019408,0.045483,0.080109
2022-07-21 05:30:00,0.113166,0.023048,0.058112,0.040264,0.009722,0.078058,0.015764,0.028177,0.051516,0.085962
2022-07-21 05:35:00,0.120049,0.029832,0.059664,0.050383,0.005093,0.083911,0.031184,0.039804,0.060361,0.092555
2022-07-21 05:40:00,0.12768,0.034476,0.057886,0.060738,0.002217,0.091638,0.055946,0.053315,0.071786,0.100377
2022-07-21 05:45:00,0.138096,0.037522,0.053981,0.070958,0.001423,0.100847,0.082764,0.068482,0.084227,0.109017
2022-07-21 05:50:00,0.151054,0.039707,0.05165,0.077809,0.009463,0.106068,0.102187,0.085723,0.096151,0.11834
2022-07-21 05:55:00,0.164119,0.039894,0.052841,0.078561,0.029293,0.106001,0.101962,0.106105,0.104192,0.127361
2022-07-21 06:00:00,0.17622,0.039267,0.056378,0.075797,0.055657,0.101811,0.090385,0.128008,0.109975,0.136062
2022-07-21 06:05:00,0.18757,0.046577,0.059907,0.075493,0.076443,0.104023,0.074996,0.140463,0.117055,0.144482
2022-07-21 06:10:00,0.200268,0.063863,0.062509,0.081663,0.084215,0.115557,0.060158,0.138473,0.126438,0.153142
2022-07-21 06:15:00,0.216097,0.087824,0.06433,0.092162,0.083213,0.133942,0.046723,0.125663,0.137077,0.16404
2022-07-21 06:20:00,0.234227,0.11286,0.070795,0.103395,0.088815,0.152967,0.033614,0.117956,0.141061,0.177636
2022-07-21 06:25:00,0.251976,0.13542,0.083063,0.113729,0.104394,0.168636,0.02326,0.120979,0.135436,0.190428
2022-07-21 06:30:00,0.268466,0.156471,0.098767,0.12365,0.126551,0.182403,0.015894,0.13103,0.123218,0.199873
2022-07-21 06:35:00,0.284602,0.176121,0.109311,0.136828,0.149607,0.196892,0.012127,0.14735,0.108317,0.208348
2022-07-21 06:40:00,0.300878,0.194552,0.110581,0.154566,0.166202,0.214935,0.016087,0.163861,0.095161,0.221603
2022-07-21 06:45:00,0.317291,0.213203,0.105335,0.175233,0.178703,0.237692,0.023836,0.180812,0.083525,0.241825
2022-07-21 06:50:00,0.333314,0.230918,0.098528,0.189828,0.186331,0.260719,0.026685,0.199217,0.074801,0.264929
2022-07-21 06:55:00,0.348403,0.242115,0.092655,0.192699,0.188444,0.277149,0.025172,0.216417,0.071215,0.285136
2022-07-21 07:00:00,0.362681,0.246818,0.08836,0.187042,0.187044,0.286543,0.021066,0.233697,0.071476,0.301965
2022-07-21 07:05:00,0.377169,0.249635,0.087823,0.186061,0.184963,0.289733,0.027521,0.251111,0.07828,0.317924
2022-07-21 07:10:00,0.392357,0.254662,0.093571,0.197189,0.187888,0.289519,0.043403,0.270482,0.092284,0.334337
2022-07-21 07:15:00,0.408204,0.262376,0.10433,0.21645,0.194144,0.28661,0.06464,0.290176,0.110214,0.350916
2022-07-21 07:20:00,0.423949,0.275425,0.114072,0.239988,0.205996,0.284134,0.090251,0.317194,0.123334,0.368019
2022-07-21 07:25:00,0.439322,0.297478,0.123536,0.261247,0.224394,0.28647,0.114734,0.348955,0.126569,0.383708
2022-07-21 07:30:00,0.452715,0.326637,0.132992,0.281472,0.247119,0.292229,0.13889,0.383103,0.123412,0.398282
2022-07-21 07:35:00,0.447664,0.351375,0.140337,0.300337,0.255819,0.286228,0.160493,0.399882,0.120194,0.409245
2022-07-21 07:40:00,0.413973,0.365486,0.147893,0.31698,0.244813,0.264191,0.178327,0.382247,0.120067,0.41465
2022-07-21 07:45:00,0.36013,0.37063,0.156547,0.33124,0.221446,0.232344,0.192084,0.336271,0.122667,0.414611
2022-07-21 07:50:00,0.332885,0.38263,0.167558,0.336327,0.211216,0.217988,0.201592,0.274673,0.130553,0.398232
2022-07-21 07:55:00,0.364243,0.409468,0.186096,0.330222,0.231338,0.238643,0.202548,0.210475,0.144269,0.365604
2022-07-21 08:00:00,0.435997,0.446587,0.209059,0.315535,0.269949,0.282007,0.199748,0.149657,0.160445,0.322482
2022-07-21 08:05:00,0.503423,0.468377,0.227692,0.304568,0.304684,0.319673,0.199757,0.107239,0.168478,0.30418
2022-07-21 08:10:00,0.542513,0.458896,0.240843,0.304569,0.319148,0.337307,0.205791,0.096949,0.16202,0.331617
2022-07-21 08:15:00,0.561339,0.424855,0.250295,0.312884,0.318962,0.341812,0.215115,0.107425,0.146436,0.389827
2022-07-21 08:20:00,0.574128,0.390422,0.258227,0.328769,0.308787,0.35672,0.218541,0.114479,0.130116,0.431559
2022-07-21 08:25:00,0.586193,0.376244,0.267866,0.350053,0.291243,0.392853,0.216775,0.108732,0.118817,0.430849
2022-07-21 08:30:00,0.598053,0.377339,0.27797,0.374101,0.268923,0.442005,0.211695,0.095149,0.110995,0.400667
2022-07-21 08:35:00,0.600084,0.375275,0.283845,0.38971,0.253631,0.471999,0.208638,0.080547,0.101589,0.396834
2022-07-21 08:40:00,0.590408,0.36313,0.284052,0.389654,0.249673,0.465107,0.209588,0.071742,0.09068,0.443999
2022-07-21 08:45:00,0.571381,0.344138,0.280795,0.378311,0.25295,0.431986,0.215552,0.066814,0.079233,0.523445
2022-07-21 08:50:00,0.550308,0.327326,0.279094,0.368195,0.252362,0.412826,0.235913,0.065401,0.073036,0.5856
2022-07-21 08:55:00,0.535573,0.319382,0.281789,0.365559,0.24256,0.428733,0.273038,0.068387,0.07508,0.603295
2022-07-21 09:00:00,0.527721,0.317752,0.287211,0.367292,0.228393,0.466648,0.313632,0.073648,0.082351,0.589751
2022-07-21 09:05:00,0.538205,0.315137,0.291967,0.365587,0.228848,0.481031,0.317399,0.078478,0.090649,0.571733
2022-07-21 09:10:00,0.575302,0.310659,0.294769,0.353882,0.253321,0.448833,0.273277,0.081211,0.097289,0.564357
2022-07-21 09:15:00,0.625129,0.306256,0.295714,0.336245,0.291446,0.387159,0.20667,0.083238,0.102588,0.565239
2022-07-21 09:20:00,0.65547,0.310045,0.289094,0.31532,0.322209,0.346172,0.166914,0.090015,0.10685,0.583683
2022-07-21 09:25:00,0.646571,0.32889,0.273307,0.296126,0.331178,0.359052,0.175338,0.104069,0.109448,0.61902
2022-07-21 09:30:00,0.608753,0.356989,0.251781,0.278546,0.324971,0.406454,0.21087,0.122337,0.110592,0.663018
2022-07-21 09:35:00,0.561307,0.380207,0.229171,0.258246,0.314289,0.462523,0.24209,0.136095,0.107601,0.703483
2022-07-21 09:40:00,0.516441,0.392284,0.209518,0.237566,0.302114,0.50612,0.262328,0.141106,0.099607,0.726025
2022-07-21 09:45:00,0.476353,0.39623,0.192688,0.21657,0.288418,0.538896,0.275079,0.140897,0.089081,0.734323
2022-07-21 09:50:00,0.439419,0.396372,0.17947,0.195724,0.273154,0.564657,0.290587,0.139276,0.085182,0.736048
2022-07-21 09:55:00,0.412506,0.395423,0.173329,0.179058,0.254463,0.574561,0.307814,0.141449,0.091967,0.723563
2022-07-21 10:00:00,0.390104,0.392567,0.172473,0.165329,0.234063,0.572984,0.325396,0.147269,0.104812,0.702414
2022-07-21 10:05:00,0.356922,0.375314,0.176148,0.15576,0.211104,0.572624,0.350297,0.176177,0.112052,0.68734
2022-07-21 10:10:00,0.305322,0.339739,0.185637,0.150392,0.186859,0.572646,0.376188,0.232888,0.107319,0.684592
2022-07-21 10:15:00,0.244962,0.292463,0.198046,0.148598,0.162279,0.57449,0.404837,0.307462,0.095509,0.689508
2022-07-21 10:20:00,0.198478,0.250959,0.211521,0.146218,0.140094,0.599131,0.438198,0.387745,0.08941,0.706969
2022-07-21 10:25:00,0.186515,0.225618,0.223372,0.143198,0.12435,0.648045,0.475369,0.463703,0.09535,0.729779
2022-07-21 10:30:00,0.196316,0.212626,0.232938,0.139918,0.113463,0.706763,0.507854,0.530253,0.109076,0.754222
2022-07-21 10:35:00,0.205518,0.209391,0.233778,0.137117,0.108946,0.747188,0.519492,0.56178,0.123898,0.748738
2022-07-21 10:40:00,0.204581,0.215659,0.22206,0.136619,0.112002,0.748137,0.496269,0.537756,0.136107,0.698425
2022-07-21 10:45:00,0.199891,0.227259,0.202711,0.136869,0.119278,0.720849,0.455393,0.476636,0.146149,0.6154
2022-07-21 10:50:00,0.213616,0.24092,0.185083,0.139294,0.127564,0.691372,0.425132,0.443602,0.150378,0.532855
2022-07-21 10:55:00,0.258759,0.252252,0.174493,0.14259,0.132405,0.664399,0.415802,0.460746,0.147253,0.48367
2022-07-21 11:00:00,0.321004,0.260187,0.168689,0.146478,0.135077,0.642376,0.414497,0.51354,0.139489,0.461482
2022-07-21 11:05:00,0.357497,0.256977,0.159896,0.150686,0.133483,0.630188,0.403974,0.550794,0.13433,0.446103
2022-07-21 11:10:00,0.350834,0.236227,0.14552,0.1541,0.127175,0.633341,0.371055,0.558772,0.134348,0.437819
2022-07-21 11:15:00,0.31567,0.204038,0.12803,0.156882,0.11841,0.643583,0.328718,0.542712,0.137549,0.435338
2022-07-21 11:20:00,0.285024,0.171283,0.116728,0.159998,0.112391,0.646648,0.305849,0.503684,0.141098,0.421121
2022-07-21 11:25:00,0.27413,0.143607,0.116569,0.162707,0.11352,0.629526,0.306943,0.440827,0.14274,0.402985
2022-07-21 11:30:00,0.275894,0.120332,0.123686,0.165119,0.119049,0.596543,0.325272,0.366281,0.142945,0.383345
2022-07-21 11:35:00,0.273996,0.101459,0.133451,0.167506,0.12305,0.530336,0.373723,0.309256,0.138026,0.371298
2022-07-21 11:40:00,0.260388,0.088874,0.142828,0.169669,0.124022,0.426544,0.444739,0.292532,0.127255,0.381554
2022-07-21 11:45:00,0.23944,0.081033,0.151699,0.171146,0.123185,0.305057,0.522373,0.306158,0.113224,0.403378
2022-07-21 11:50:00,0.218054,0.076898,0.156864,0.159482,0.125763,0.239722,0.554287,0.346454,0.106201,0.430618
2022-07-21 11:55:00,0.200882,0.077409,0.156612,0.131525,0.135119,0.276087,0.532167,0.414921,0.111073,0.452283
2022-07-21 12:00:00,0.185651,0.08065,0.15305,0.09371,0.148101,0.372736,0.478562,0.497247,0.123414,0.470298
2022-07-21 12:05:00,0.168403,0.082502,0.154937,0.069284,0.161666,0.438053,0.410071,0.559384,0.135333,0.488605
2022-07-21 12:10:00,0.145539,0.082144,0.165183,0.069439,0.171383,0.426783,0.346093,0.585916,0.141948,0.505696
2022-07-21 12:15:00,0.120656,0.080564,0.179786,0.084575,0.178408,0.369984,0.288784,0.588517,0.144852,0.519914
2022-07-21 12:20:00,0.109449,0.078937,0.186548,0.098085,0.180451,0.339028,0.268088,0.602224,0.143572,0.501402
2022-07-21 12:25:00,0.119817,0.079285,0.178422,0.097862,0.177414,0.373838,0.289958,0.63291,0.13912,0.441842
2022-07-21 12:30:00,0.142255,0.081033,0.162303,0.089505,0.171084,0.446337,0.336765,0.671139,0.133169,0.361076
2022-07-21 12:35:00,0.164391,0.082234,0.153634,0.088414,0.167937,0.496351,0.361293,0.686655,0.133427,0.29655
2022-07-21 12:40:00,0.173223,0.083933,0.162298,0.10028,0.170477,0.493212,0.363904,0.665639,0.143755,0.287945
2022-07-21 12:45:00,0.172047,0.085938,0.18091,0.120125,0.175761,0.45751,0.354092,0.619814,0.160519,0.313652
2022-07-21 12:50:00,0.156817,0.087346,0.192315,0.135865,0.180749,0.426804,0.335065,0.577381,0.174768,0.342511
2022-07-21 12:55:00,0.122448,0.088923,0.18917,0.141992,0.18,0.423345,0.320395,0.54862,0.183118,0.360069
2022-07-21 13:00:00,0.078039,0.090611,0.176274,0.141189,0.175825,0.432205,0.307478,0.528394,0.187336,0.370426
2022-07-21 13:05:00,0.045281,0.089154,0.162657,0.140218,0.169755,0.419129,0.302452,0.473011,0.18976,0.393325
2022-07-21 13:10:00,0.038384,0.085019,0.153415,0.141252,0.16274,0.359605,0.304941,0.369293,0.191933,0.432861
2022-07-21 13:15:00,0.047897,0.079585,0.146806,0.142884,0.155856,0.274083,0.311952,0.23912,0.194044,0.479235
2022-07-21 13:20:00,0.063281,0.078056,0.140033,0.143111,0.146801,0.193445,0.323572,0.127654,0.188556,0.509055
2022-07-21 13:25:00,0.075479,0.084755,0.130564,0.137866,0.137653,0.145002,0.336434,0.078914,0.174727,0.506752
2022-07-21 13:30:00,0.08505,0.096421,0.119749,0.129137,0.128563,0.122686,0.347879,0.076708,0.155896,0.486009
2022-07-21 13:35:00,0.090062,0.104895,0.11294,0.121785,0.121869,0.109482,0.334127,0.084893,0.142359,0.469449
2022-07-21 13:40:00,0.087728,0.107226,0.112224,0.116236,0.119288,0.115455,0.295798,0.108798,0.140153,0.470329
2022-07-21 13:45:00,0.081644,0.105798,0.115151,0.111964,0.119363,0.13489,0.249149,0.143087,0.14536,0.479175
2022-07-21 13:50:00,0.08019,0.105379,0.112755,0.108453,0.121372,0.180963,0.250858,0.149869,0.154207,0.499015
2022-07-21 13:55:00,0.087495,0.108561,0.1019,0.104073,0.124734,0.259995,0.309634,0.136705,0.162902,0.517997
2022-07-21 14:00:00,0.099559,0.113634,0.086194,0.09959,0.129011,0.351402,0.39091,0.112743,0.170909,0.53185
2022-07-21 14:05:00,0.111931,0.118289,0.077391,0.090247,0.137761,0.433183,0.405571,0.100204,0.199134,0.508604
2022-07-21 14:10:00,0.119524,0.120541,0.081701,0.077662,0.150306,0.475127,0.338408,0.126656,0.244782,0.430603
2022-07-21 14:15:00,0.124601,0.120993,0.093984,0.064271,0.164967,0.487666,0.231024,0.175222,0.300461,0.321823
2022-07-21 14:20:00,0.139094,0.120638,0.10362,0.060711,0.172584,0.467542,0.146019,0.208363,0.354389,0.241083
2022-07-21 14:25:00,0.164824,0.119494,0.105444,0.074457,0.169153,0.404629,0.114358,0.213841,0.39229,0.223298
2022-07-21 14:30:00,0.196701,0.117814,0.102107,0.099237,0.158534,0.31896,0.113031,0.202241,0.417524,0.24741
2022-07-21 14:35:00,0.245505,0.115933,0.108063,0.124435,0.147088,0.249719,0.113676,0.200786,0.426348,0.275467
2022-07-21 14:40:00,0.300316,0.114784,0.125492,0.144912,0.138622,0.220881,0.111646,0.223436,0.417151,0.294055
2022-07-21 14:45:00,0.354044,0.115714,0.149789,0.161433,0.132297,0.21971,0.108443,0.260753,0.39712,0.305661
2022-07-21 14:50:00,0.390129,0.114069,0.162685,0.171707,0.130873,0.21905,0.102656,0.30792,0.377115,0.323381
2022-07-21 14:55:00,0.398392,0.114503,0.155381,0.175086,0.133745,0.212785,0.098525,0.3549,0.360864,0.348908
2022-07-21 15:00:00,0.38989,0.116564,0.135543,0.173486,0.139423,0.202628,0.095903,0.39488,0.346314,0.375813
2022-07-21 15:05:00,0.376644,0.117082,0.117507,0.170385,0.142419,0.197559,0.093021,0.42007,0.327782,0.39154
2022-07-21 15:10:00,0.362494,0.119612,0.110156,0.167067,0.140753,0.202521,0.093411,0.423132,0.302125,0.388435
2022-07-21 15:15:00,0.348008,0.123041,0.110138,0.163739,0.135719,0.212593,0.096327,0.413019,0.274096,0.373496
2022-07-21 15:20:00,0.328968,0.120765,0.111718,0.157614,0.131906,0.217021,0.097726,0.373889,0.250189,0.349448
2022-07-21 15:25:00,0.305833,0.112873,0.112522,0.148523,0.129873,0.209677,0.10151,0.307939,0.237309,0.317465
2022-07-21 15:30:00,0.281002,0.102189,0.112835,0.137548,0.129063,0.194361,0.107888,0.230945,0.231446,0.283631
2022-07-21 15:35:00,0.265975,0.101082,0.113953,0.127482,0.126085,0.175545,0.121821,0.186285,0.224559,0.256102
2022-07-21 15:40:00,0.260536,0.115872,0.116405,0.119803,0.119661,0.155654,0.145699,0.194858,0.216904,0.243253
2022-07-21 15:45:00,0.259265,0.139933,0.119454,0.11341,0.111202,0.136246,0.174313,0.231526,0.208776,0.239419
2022-07-21 15:50:00,0.254241,0.158969,0.120529,0.105642,0.104224,0.1231,0.200744,0.259072,0.203136,0.240454
2022-07-21 15:55:00,0.242852,0.164726,0.117797,0.094671,0.100763,0.121256,0.221246,0.262104,0.202,0.245734
2022-07-21 16:00:00,0.228663,0.161186,0.112768,0.082776,0.099478,0.126625,0.235232,0.250348,0.203174,0.251622
2022-07-21 16:05:00,0.219892,0.126844,0.109359,0.095723,0.124345,0.088868,0.250698,0.241094,0.20613,0.228319
2022-07-21 16:10:00,0.207185,0.118554,0.102606,0.10907,0.12356,0.0807,0.251732,0.231625,0.205187,0.229534
2022-07-21 16:15:00,0.194691,0.113759,0.095721,0.128132,0.118589,0.073315,0.245347,0.221394,0.201715,0.230727
2022-07-21 16:20:00,0.182302,0.109573,0.092593,0.138199,0.111276,0.073521,0.23667,0.203793,0.194249,0.226527
2022-07-21 16:25:00,0.170124,0.104733,0.095515,0.130705,0.102075,0.084023,0.223655,0.181415,0.183664,0.217124
2022-07-21 16:30:00,0.158358,0.099528,0.101787,0.11246,0.092009,0.100252,0.209158,0.161289,0.172189,0.205226
2022-07-21 16:35:00,0.147042,0.095487,0.103811,0.095547,0.084891,0.112016,0.196059,0.144237,0.160873,0.194933
2022-07-21 16:40:00,0.136357,0.093207,0.097293,0.087215,0.082192,0.113963,0.182356,0.128777,0.150615,0.184535
2022-07-21 16:45:00,0.126353,0.092054,0.085606,0.084647,0.082149,0.109459,0.167717,0.113153,0.140831,0.171811
2022-07-21 16:50:00,0.116954,0.09025,0.072822,0.083057,0.082012,0.104459,0.154202,0.100246,0.131747,0.154527
2022-07-21 16:55:00,0.108183,0.086906,0.062067,0.08096,0.079877,0.101179,0.141221,0.093741,0.123283,0.137282
2022-07-21 17:00:00,0.099896,0.082891,0.053241,0.078301,0.076593,0.098993,0.131088,0.091284,0.114609,0.125886
2022-07-21 17:05:00,0.091754,0.079541,0.047618,0.074916,0.077841,0.097565,0.120624,0.089217,0.105539,0.118339
2022-07-21 17:10:00,0.083541,0.07781,0.047303,0.07106,0.084448,0.095504,0.108483,0.085356,0.096301,0.110302
2022-07-21 17:15:00,0.075568,0.077021,0.050304,0.06686,0.093501,0.092788,0.095792,0.078801,0.087716,0.100044
2022-07-21 17:20:00,0.068477,0.075544,0.057137,0.062991,0.096691,0.08841,0.084264,0.069835,0.079171,0.091215
2022-07-21 17:25:00,0.062869,0.072329,0.066155,0.059706,0.089135,0.08181,0.076077,0.061241,0.070272,0.086112
2022-07-21 17:30:00,0.058795,0.068,0.075505,0.056649,0.075372,0.074224,0.06947,0.054247,0.061487,0.082326
2022-07-21 17:35:00,0.056328,0.063492,0.076774,0.053642,0.06288,0.068441,0.064736,0.048794,0.054496,0.07603
2022-07-21 17:40:00,0.053633,0.058208,0.066314,0.050727,0.054859,0.065273,0.06069,0.044913,0.051149,0.066917
2022-07-21 17:45:00,0.050532,0.052979,0.049175,0.047937,0.05014,0.063271,0.057443,0.04102,0.048929,0.056867
2022-07-21 17:50:00,0.045957,0.048057,0.035147,0.045009,0.046493,0.060884,0.053897,0.037871,0.046822,0.049655
2022-07-21 17:55:00,0.039533,0.043695,0.030347,0.041744,0.042739,0.057328,0.049771,0.035989,0.044463,0.044388
2022-07-21 18:00:00,0.031638,0.039833,0.031521,0.038165,0.03888,0.052546,0.045587,0.034863,0.041644,0.040376
2022-07-21 18:05:00,0.025313,0.036559,0.033087,0.034985,0.035316,0.047876,0.041424,0.033771,0.038236,0.037144
2022-07-21 18:10:00,0.023122,0.034087,0.03227,0.032538,0.03272,0.044175,0.036799,0.032424,0.034218,0.035129
2022-07-21 18:15:00,0.023506,0.032154,0.029965,0.030642,0.030496,0.041207,0.032406,0.030653,0.029847,0.033867
2022-07-21 18:20:00,0.022904,0.03011,0.02769,0.028969,0.028737,0.038372,0.028877,0.028527,0.025513,0.032497
2022-07-21 18:25:00,0.018462,0.027538,0.025915,0.027256,0.027197,0.035137,0.025095,0.026114,0.021553,0.030538
2022-07-21 18:30:00,0.011678,0.024471,0.024419,0.025464,0.025779,0.031487,0.02167,0.023343,0.017878,0.027931
2022-07-21 18:35:00,0.005884,0.021644,0.022958,0.023526,0.024237,0.027397,0.018938,0.019283,0.013871,0.024445
2022-07-21 18:40:00,0.002967,0.019358,0.021016,0.021164,0.022035,0.022985,0.017262,0.014018,0.009418,0.0202
2022-07-21 18:45:00,0.001939,0.017275,0.018628,0.018582,0.019276,0.018252,0.016038,0.008168,0.00466,0.01556
2022-07-21 18:50:00,0.001117,0.014884,0.015794,0.015958,0.016292,0.013437,0.01285,0.003006,0.000573,0.011121
2022-07-21 18:55:00,0.0,0.012066,0.012541,0.013341,0.01345,0.009138,0.008058,0.0,0.0,0.007401
2022-07-21 19:00:00,0.0,0.008938,0.009151,0.010714,0.010769,0.005455,0.002603,0.0,0.0,0.004286
2022-07-21 19:05:00,0.0,0.005951,0.006077,0.008076,0.007809,0.00238,0.0,0.0,0.0,0.00149
2022-07-21 19:10:00,0.0,0.003397,0.003493,0.005379,0.004478,0.0,0.0,0.0,0.0,0.0
2022-07-21 19:15:00,0.0,0.001012,0.001083,0.002599,0.000944,0.0,0.0,0.0,0.0,0.0
2022-07-21 19:20:00,0.0,0.0,0.0,0.00011,0.0,0.0,0.0,0.0,0.0,0.0
2022-07-21 19:25:00,0.0,0.0,0.0,0.0,0.0,0.0,0.0,0.0,0.0,0.0
2022-07-21 19:30:00,0.0,0.0,0.0,0.0,0.0,0.0,0.0,0.0,0.0,0.0
2022-07-21 19:35:00,0.0,0.0,0.0,0.0,0.0,0.0,0.0,0.0,0.0,0.0
2022-07-21 19:40:00,0.0,0.0,0.0,0.0,0.0,0.0,0.0,0.0,0.0,0.0
2022-07-21 19:45:00,0.0,0.0,0.0,0.0,0.0,0.0,0.0,0.0,0.0,0.0
2022-07-21 19:50:00,0.0,0.0,0.0,0.0,0.0,0.0,0.0,0.0,0.0,0.0
2022-07-21 19:55:00,0.0,0.0,0.0,0.0,0.0,0.0,0.0,0.0,0.0,0.0
2022-07-21 20:00:00,0.0,0.0,0.0,0.0,0.0,0.0,0.0,0.0,0.0,0.0
2022-07-21 20:05:00,0.0,0.0,0.0,0.0,0.0,0.0,0.0,0.0,0.0,0.0
2022-07-21 20:10:00,0.0,0.0,0.0,0.0,0.0,0.0,0.0,0.0,0.0,0.0
2022-07-21 20:15:00,0.0,0.0,0.0,0.0,0.0,0.0,0.0,0.0,0.0,0.0
2022-07-21 20:20:00,0.0,0.0,0.0,0.0,0.0,0.0,0.0,0.0,0.0,0.0
2022-07-21 20:25:00,0.0,0.0,0.0,0.0,0.0,0.0,0.0,0.0,0.0,0.0
2022-07-21 20:30:00,0.0,0.0,0.0,0.0,0.0,0.0,0.0,0.0,0.0,0.0
2022-07-21 20:35:00,0.0,0.0,0.0,0.0,0.0,0.0,0.0,0.0,0.0,0.0
2022-07-21 20:40:00,0.0,0.0,0.0,0.0,0.0,0.0,0.0,0.0,0.0,0.0
2022-07-21 20:45:00,0.0,0.0,0.0,0.0,0.0,0.0,0.0,0.0,0.0,0.0
2022-07-21 20:50:00,0.0,0.0,0.0,0.0,0.0,0.0,0.0,0.0,0.0,0.0
2022-07-21 20:55:00,0.0,0.0,0.0,0.0,0.0,0.0,0.0,0.0,0.0,0.0
2022-07-21 21:00:00,0.0,0.0,0.0,0.0,0.0,0.0,0.0,0.0,0.0,0.0
2022-07-21 21:05:00,0.0,0.0,0.0,0.0,0.0,0.0,0.0,0.0,0.0,0.0
2022-07-21 21:10:00,0.0,0.0,0.0,0.0,0.0,0.0,0.0,0.0,0.0,0.0
2022-07-21 21:15:00,0.0,0.0,0.0,0.0,0.0,0.0,0.0,0.0,0.0,0.0
2022-07-21 21:20:00,0.0,0.0,0.0,0.0,0.0,0.0,0.0,0.0,0.0,0.0
2022-07-21 21:25:00,0.0,0.0,0.0,0.0,0.0,0.0,0.0,0.0,0.0,0.0
2022-07-21 21:30:00,0.0,0.0,0.0,0.0,0.0,0.0,0.0,0.0,0.0,0.0
2022-07-21 21:35:00,0.0,0.0,0.0,0.0,0.0,0.0,0.0,0.0,0.0,0.0
2022-07-21 21:40:00,0.0,0.0,0.0,0.0,0.0,0.0,0.0,0.0,0.0,0.0
2022-07-21 21:45:00,0.0,0.0,0.0,0.0,0.0,0.0,0.0,0.0,0.0,0.0
2022-07-21 21:50:00,0.0,0.0,0.0,0.0,0.0,0.0,0.0,0.0,0.0,0.0
2022-07-21 21:55:00,0.0,0.0,0.0,0.0,0.0,0.0,0.0,0.0,0.0,0.0
2022-07-21 22:00:00,0.0,0.0,0.0,0.0,0.0,0.0,0.0,0.0,0.0,0.0
2022-07-21 22:05:00,0.0,0.0,0.0,0.0,0.0,0.0,0.0,0.0,0.0,0.0
2022-07-21 22:10:00,0.0,0.0,0.0,0.0,0.0,0.0,0.0,0.0,0.0,0.0
2022-07-21 22:15:00,0.0,0.0,0.0,0.0,0.0,0.0,0.0,0.0,0.0,0.0
2022-07-21 22:20:00,0.0,0.0,0.0,0.0,0.0,0.0,0.0,0.0,0.0,0.0
2022-07-21 22:25:00,0.0,0.0,0.0,0.0,0.0,0.0,0.0,0.0,0.0,0.0
2022-07-21 22:30:00,0.0,0.0,0.0,0.0,0.0,0.0,0.0,0.0,0.0,0.0
2022-07-21 22:35:00,0.0,0.0,0.0,0.0,0.0,0.0,0.0,0.0,0.0,0.0
2022-07-21 22:40:00,0.0,0.0,0.0,0.0,0.0,0.0,0.0,0.0,0.0,0.0
2022-07-21 22:45:00,0.0,0.0,0.0,0.0,0.0,0.0,0.0,0.0,0.0,0.0
2022-07-21 22:50:00,0.0,0.0,0.0,0.0,0.0,0.0,0.0,0.0,0.0,0.0
2022-07-21 22:55:00,0.0,0.0,0.0,0.0,0.0,0.0,0.0,0.0,0.0,0.0
2022-07-21 23:00:00,0.0,0.0,0.0,0.0,0.0,0.0,0.0,0.0,0.0,0.0
2022-07-21 23:05:00,0.0,0.0,0.0,0.0,0.0,0.0,0.0,0.0,0.0,0.0
2022-07-21 23:10:00,0.0,0.0,0.0,0.0,0.0,0.0,0.0,0.0,0.0,0.0
2022-07-21 23:15:00,0.0,0.0,0.0,0.0,0.0,0.0,0.0,0.0,0.0,0.0
2022-07-21 23:20:00,0.0,0.0,0.0,0.0,0.0,0.0,0.0,0.0,0.0,0.0
2022-07-21 23:25:00,0.0,0.0,0.0,0.0,0.0,0.0,0.0,0.0,0.0,0.0
2022-07-21 23:30:00,0.0,0.0,0.0,0.0,0.0,0.0,0.0,0.0,0.0,0.0
2022-07-21 23:35:00,0.0,0.0,0.0,0.0,0.0,0.0,0.0,0.0,0.0,0.0
2022-07-21 23:40:00,0.0,0.0,0.0,0.0,0.0,0.0,0.0,0.0,0.0,0.0
2022-07-21 23:45:00,0.0,0.0,0.0,0.0,0.0,0.0,0.0,0.0,0.0,0.0
2022-07-21 23:50:00,0.0,0.0,0.0,0.0,0.0,0.0,0.0,0.0,0.0,0.0
2022-07-21 23:55:00,0.0,0.0,0.0,0.0,0.0,0.0,0.0,0.0,0.0,0.0
2022-07-22 00:00:00,0.0,0.0,0.0,0.0,0.0,0.0,0.0,0.0,0.0,0.0
2022-07-22 00:05:00,0.0,0.0,0.0,0.0,0.0,0.0,0.0,0.0,0.0,0.0
2022-07-22 00:10:00,0.0,0.0,0.0,0.0,0.0,0.0,0.0,0.0,0.0,0.0
2022-07-22 00:15:00,0.0,0.0,0.0,0.0,0.0,0.0,0.0,0.0,0.0,0.0
2022-07-22 00:20:00,0.0,0.0,0.0,0.0,0.0,0.0,0.0,0.0,0.0,0.0
2022-07-22 00:25:00,0.0,0.0,0.0,0.0,0.0,0.0,0.0,0.0,0.0,0.0
2022-07-22 00:30:00,0.0,0.0,0.0,0.0,0.0,0.0,0.0,0.0,0.0,0.0
2022-07-22 00:35:00,0.0,0.0,0.0,0.0,0.0,0.0,0.0,0.0,0.0,0.0
2022-07-22 00:40:00,0.0,0.0,0.0,0.0,0.0,0.0,0.0,0.0,0.0,0.0
2022-07-22 00:45:00,0.0,0.0,0.0,0.0,0.0,0.0,0.0,0.0,0.0,0.0
2022-07-22 00:50:00,0.0,0.0,0.0,0.0,0.0,0.0,0.0,0.0,0.0,0.0
2022-07-22 00:55:00,0.0,0.0,0.0,0.0,0.0,0.0,0.0,0.0,0.0,0.0
2022-07-22 01:00:00,0.0,0.0,0.0,0.0,0.0,0.0,0.0,0.0,0.0,0.0
2022-07-22 01:05:00,0.0,0.0,0.0,0.0,0.0,0.0,0.0,0.0,0.0,0.0
2022-07-22 01:10:00,0.0,0.0,0.0,0.0,0.0,0.0,0.0,0.0,0.0,0.0
2022-07-22 01:15:00,0.0,0.0,0.0,0.0,0.0,0.0,0.0,0.0,0.0,0.0
2022-07-22 01:20:00,0.0,0.0,0.0,0.0,0.0,0.0,0.0,0.0,0.0,0.0
2022-07-22 01:25:00,0.0,0.0,0.0,0.0,0.0,0.0,0.0,0.0,0.0,0.0
2022-07-22 01:30:00,0.0,0.0,0.0,0.0,0.0,0.0,0.0,0.0,0.0,0.0
2022-07-22 01:35:00,0.0,0.0,0.0,0.0,0.0,0.0,0.0,0.0,0.0,0.0
2022-07-22 01:40:00,0.0,0.0,0.0,0.0,0.0,0.0,0.0,0.0,0.0,0.0
2022-07-22 01:45:00,0.0,0.0,0.0,0.0,0.0,0.0,0.0,0.0,0.0,0.0
2022-07-22 01:50:00,0.0,0.0,0.0,0.0,0.0,0.0,0.0,0.0,0.0,0.0
2022-07-22 01:55:00,0.0,0.0,0.0,0.0,0.0,0.0,0.0,0.0,0.0,0.0
2022-07-22 02:00:00,0.0,0.0,0.0,0.0,0.0,0.0,0.0,0.0,0.0,0.0
2022-07-22 02:05:00,0.0,0.0,0.0,0.0,0.0,0.0,0.0,0.0,0.0,0.0
2022-07-22 02:10:00,0.0,0.0,0.0,0.0,0.0,0.0,0.0,0.0,0.0,0.0
2022-07-22 02:15:00,0.0,0.0,0.0,0.0,0.0,0.0,0.0,0.0,0.0,0.0
2022-07-22 02:20:00,0.0,0.0,0.0,0.0,0.0,0.0,0.0,0.0,0.0,0.0
2022-07-22 02:25:00,0.0,0.0,0.0,0.0,0.0,0.0,0.0,0.0,0.0,0.0
2022-07-22 02:30:00,0.0,0.0,0.0,0.0,0.0,0.0,0.0,0.0,0.0,0.0
2022-07-22 02:35:00,0.0,0.0,0.0,0.0,0.0,0.0,0.0,0.0,0.0,0.0
2022-07-22 02:40:00,0.0,0.0,0.0,0.0,0.0,0.0,0.0,0.0,0.0,0.0
2022-07-22 02:45:00,0.0,0.0,0.0,0.0,0.0,0.0,0.0,0.0,0.0,0.0
2022-07-22 02:50:00,0.0,0.0,0.0,0.0,0.0,0.0,0.0,0.0,0.0,0.0
2022-07-22 02:55:00,0.0,0.0,0.0,0.0,0.0,0.0,0.0,0.0,0.0,0.0
2022-07-22 03:00:00,0.0,0.0,0.0,0.0,0.0,0.0,0.0,0.0,0.0,0.0
2022-07-22 03:05:00,0.0,0.0,0.0,0.0,0.0,0.0,0.0,0.0,0.0,0.0
2022-07-22 03:10:00,0.0,0.0,0.0,0.0,0.0,0.0,0.0,0.0,0.0,0.0
2022-07-22 03:15:00,0.0,0.0,0.0,0.0,0.0,0.0,0.0,0.0,0.0,0.0
2022-07-22 03:20:00,0.0,0.0,0.0,0.0,0.0,0.0,0.0,0.0,0.0,0.0
2022-07-22 03:25:00,0.0,0.0,0.0,0.0,0.0,0.0,0.0,0.0,0.0,0.0
2022-07-22 03:30:00,0.0,0.0,0.0,0.0,0.0,0.0,0.0,0.0,0.0,0.0
2022-07-22 03:35:00,0.0,0.0,0.0,0.0,0.0,0.0,0.0,0.0,0.0,0.0
2022-07-22 03:40:00,0.001091,0.0,0.0,0.0,0.0,0.0,0.000208,0.001447,0.0,0.0
2022-07-22 03:45:00,0.003752,0.0,0.0,0.0,0.0,0.0,0.001745,0.003931,0.0,0.0
2022-07-22 03:50:00,0.006987,0.0,0.0,0.0,0.0,0.0,0.0036,0.006844,0.0,0.0
2022-07-22 03:55:00,0.011128,0.0,0.0,0.0,0.0,0.0,0.00656,0.010144,0.002501,0.0
2022-07-22 04:00:00,0.015922,0.000267,0.000281,0.0,0.0,0.002902,0.009685,0.01368,0.00646,0.002923
2022-07-22 04:05:00,0.020806,0.002644,0.002663,0.001416,0.002028,0.006406,0.01184,0.016548,0.010553,0.006462
2022-07-22 04:10:00,0.025131,0.004975,0.004999,0.003896,0.004731,0.009898,0.012912,0.018855,0.014481,0.010001
2022-07-22 04:15:00,0.028882,0.007497,0.007527,0.006808,0.007479,0.013533,0.01347,0.020924,0.018502,0.013638
2022-07-22 04:20:00,0.031609,0.00946,0.009812,0.009496,0.010804,0.01662,0.01459,0.023178,0.022901,0.017287
2022-07-22 04:25:00,0.032892,0.010893,0.011879,0.011776,0.01494,0.019193,0.016524,0.026415,0.027809,0.020647
2022-07-22 04:30:00,0.03326,0.011986,0.013774,0.013666,0.019557,0.021436,0.019115,0.030557,0.033028,0.023886
2022-07-22 04:35:00,0.031746,0.012785,0.015253,0.014779,0.022875,0.023962,0.024543,0.034999,0.038168,0.02752
2022-07-22 04:40:00,0.028578,0.013682,0.016639,0.015111,0.024413,0.027138,0.031671,0.040175,0.042953,0.031822
2022-07-22 04:45:00,0.024971,0.014676,0.018045,0.015019,0.024737,0.030864,0.039373,0.045738,0.04739,0.036509
2022-07-22 04:50:00,0.024999,0.015791,0.019383,0.015667,0.024813,0.035293,0.044921,0.050924,0.051668,0.040418
2022-07-22 04:55:00,0.031812,0.017365,0.021012,0.017769,0.025432,0.040182,0.047005,0.055159,0.055888,0.042855
2022-07-22 05:00:00,0.042471,0.019375,0.023034,0.020819,0.026437,0.045136,0.047065,0.058792,0.059914,0.044365
2022-07-22 05:05:00,0.050065,0.021174,0.025829,0.023432,0.027238,0.050403,0.046827,0.062676,0.061364,0.04636
2022-07-22 05:10:00,0.050553,0.022577,0.029374,0.024921,0.02836,0.055354,0.046453,0.06721,0.059592,0.04959
2022-07-22 05:15:00,0.046432,0.023742,0.0335,0.025687,0.029822,0.059882,0.046232,0.072435,0.05808,0.053387
2022-07-22 05:20:00,0.042954,0.024835,0.037668,0.026609,0.031066,0.066294,0.049375,0.077738,0.06001,0.056583
2022-07-22 05:25:00,0.04291,0.026423,0.041516,0.027876,0.032696,0.074946,0.055191,0.082956,0.0666,0.060568
2022-07-22 05:30:00,0.045471,0.028439,0.04526,0.029261,0.034828,0.085255,0.062411,0.08815,0.075978,0.06518
2022-07-22 05:35:00,0.049642,0.031176,0.050023,0.030733,0.038138,0.095822,0.061347,0.093996,0.086215,0.071895
2022-07-22 05:40:00,0.054517,0.034443,0.056142,0.03231,0.042706,0.105746,0.053067,0.102748,0.09658,0.081394
2022-07-22 05:45:00,0.059726,0.037952,0.062888,0.03377,0.047931,0.114918,0.040962,0.113282,0.107546,0.092669
2022-07-22 05:50:00,0.064635,0.041001,0.065699,0.035438,0.0527,0.12351,0.033561,0.125305,0.119979,0.104206
2022-07-22 05:55:00,0.068509,0.043386,0.063274,0.037502,0.056534,0.130963,0.034715,0.139522,0.133865,0.115455
2022-07-22 06:00:00,0.07185,0.045427,0.057486,0.039876,0.059629,0.137341,0.041718,0.155833,0.14854,0.127063
2022-07-22 06:05:00,0.076256,0.048122,0.052982,0.043028,0.062637,0.1442,0.052598,0.170813,0.163424,0.139709
2022-07-22 06:10:00,0.082315,0.051846,0.052774,0.04666,0.066297,0.153356,0.067957,0.180723,0.178351,0.153391
2022-07-22 06:15:00,0.089379,0.056175,0.055595,0.050675,0.070658,0.16471,0.085227,0.186374,0.193841,0.16803
2022-07-22 06:20:00,0.100807,0.061193,0.059164,0.055008,0.076069,0.17678,0.106235,0.193457,0.21019,0.18372
2022-07-22 06:25:00,0.117036,0.067468,0.062961,0.058851,0.082583,0.188447,0.127764,0.20966,0.226731,0.200012
2022-07-22 06:30:00,0.135826,0.074076,0.067082,0.062508,0.089644,0.199928,0.148817,0.235751,0.242964,0.216355
2022-07-22 06:35:00,0.157622,0.079858,0.07177,0.066758,0.095381,0.211706,0.159885,0.264969,0.259212,0.232795
2022-07-22 06:40:00,0.178696,0.084413,0.077172,0.071369,0.099235,0.222685,0.158779,0.289096,0.275622,0.249514
2022-07-22 06:45:00,0.199239,0.088323,0.083033,0.076202,0.10194,0.232479,0.150642,0.307651,0.292111,0.266795
2022-07-22 06:50:00,0.217906,0.090909,0.090671,0.080896,0.107575,0.242254,0.149441,0.322915,0.308589,0.284305
2022-07-22 06:55:00,0.231016,0.092537,0.100029,0.085327,0.117082,0.252722,0.157422,0.333703,0.325018,0.301339
2022-07-22 07:00:00,0.239975,0.093682,0.11027,0.089506,0.128864,0.263731,0.170258,0.340616,0.341563,0.317713
2022-07-22 07:05:00,0.25368,0.094507,0.11929,0.094016,0.138572,0.276864,0.178387,0.344869,0.358447,0.334119
2022-07-22 07:10:00,0.273397,0.096054,0.125638,0.098486,0.143574,0.293496,0.179382,0.349465,0.375078,0.351143
2022-07-22 07:15:00,0.29797,0.098093,0.130148,0.102721,0.145448,0.313116,0.176098,0.353827,0.391074,0.36878
2022-07-22 07:20:00,0.325126,0.101299,0.137398,0.107955,0.14824,0.33338,0.176188,0.35973,0.406722,0.386712
2022-07-22 07:25:00,0.351056,0.106483,0.148011,0.113333,0.153005,0.352083,0.180911,0.368124,0.422417,0.404338
2022-07-22 07:30:00,0.376694,0.11294,0.160512,0.118912,0.158933,0.369615,0.188,0.377526,0.438216,0.421491
2022-07-22 07:35:00,0.397977,0.119847,0.171767,0.124936,0.164624,0.389503,0.194437,0.367271,0.453935,0.438351
2022-07-22 07:40:00,0.411359,0.12644,0.179509,0.130902,0.168748,0.413946,0.19836,0.330349,0.468953,0.454332
2022-07-22 07:45:00,0.418471,0.132748,0.184841,0.136684,0.171645,0.441783,0.200977,0.277052,0.483337,0.469293
2022-07-22 07:50:00,0.417321,0.138827,0.18549,0.142,0.173685,0.46825,0.206611,0.237441,0.497646,0.483866
2022-07-22 07:55:00,0.408532,0.144032,0.181707,0.146309,0.174806,0.489016,0.216224,0.239118,0.512007,0.498663
2022-07-22 08:00:00,0.39418,0.148583,0.175404,0.149957,0.175517,0.50541,0.22673,0.268276,0.526348,0.513665
2022-07-22 08:05:00,0.384229,0.153146,0.169373,0.152286,0.176876,0.520685,0.226687,0.291024,0.541035,0.52858
2022-07-22 08:10:00,0.385606,0.158024,0.166757,0.153197,0.179564,0.536009,0.213695,0.293569,0.555935,0.542657
2022-07-22 08:15:00,0.394372,0.162946,0.166457,0.153362,0.183048,0.551161,0.194486,0.283764,0.570761,0.555724
2022-07-22 08:20:00,0.396149,0.173899,0.170219,0.153275,0.18557,0.565804,0.183416,0.282958,0.585052,0.568395
2022-07-22 08:25:00,0.384518,0.191096,0.178365,0.15376,0.18621,0.579571,0.185522,0.305191,0.598295,0.581027
2022-07-22 08:30:00,0.365611,0.211879,0.189249,0.154664,0.185729,0.592604,0.195935,0.340654,0.610677,0.593647
2022-07-22 08:35:00,0.354887,0.231407,0.200438,0.155114,0.184023,0.60584,0.217868,0.384081,0.623201,0.606812
2022-07-22 08:40:00,0.364896,0.245392,0.209412,0.155792,0.181873,0.619267,0.247296,0.421577,0.635802,0.620304
2022-07-22 08:45:00,0.388175,0.255811,0.216682,0.156417,0.179438,0.632281,0.27922,0.452434,0.647906,0.633526
2022-07-22 08:50:00,0.402619,0.265408,0.222548,0.157433,0.178097,0.644687,0.295756,0.460904,0.658884,0.646121
2022-07-22 08:55:00,0.399839,0.274987,0.226681,0.159171,0.178829,0.655813,0.291211,0.431121,0.668457,0.657485
2022-07-22 09:00:00,0.383809,0.284748,0.22934,0.162068,0.181042,0.666217,0.275308,0.376107,0.677136,0.667626
2022-07-22 09:05:00,0.357939,0.293159,0.230439,0.16782,0.184167,0.676564,0.254848,0.336696,0.685705,0.677773
2022-07-22 09:10:00,0.325998,0.300257,0.229101,0.178112,0.187828,0.686885,0.236628,0.330717,0.694615,0.688324
2022-07-22 09:15:00,0.290079,0.306221,0.226214,0.191369,0.191631,0.696998,0.221306,0.346784,0.70388,0.69897
2022-07-22 09:20:00,0.252616,0.307509,0.224226,0.203655,0.192802,0.706325,0.211702,0.35613,0.71294,0.70895
2022-07-22 09:25:00,0.216663,0.304275,0.224348,0.213956,0.191253,0.714278,0.211646,0.343213,0.720942,0.717605
2022-07-22 09:30:00,0.184325,0.298247,0.2257,0.222759,0.187727,0.721117,0.217329,0.316266,0.728002,0.725208
2022-07-22 09:35:00,0.156836,0.296989,0.226698,0.242876,0.183154,0.72823,0.227696,0.305818,0.735666,0.732882
2022-07-22 09:40:00,0.141698,0.305092,0.225863,0.275518,0.179993,0.735767,0.241714,0.322925,0.744432,0.740584
2022-07-22 09:45:00,0.135913,0.318633,0.223601,0.315403,0.178053,0.743162,0.256742,0.357619,0.753451,0.747951
2022-07-22 09:50:00,0.133682,0.32998,0.218993,0.350175,0.182264,0.749762,0.265281,0.373413,0.761351,0.754852
2022-07-22 09:55:00,0.13946,0.334987,0.211874,0.370152,0.195698,0.755026,0.264825,0.356264,0.767011,0.760502
2022-07-22 10:00:00,0.152868,0.335708,0.203467,0.379716,0.21505,0.75937,0.259468,0.319266,0.771,0.765139
2022-07-22 10:05:00,0.170877,0.342903,0.199458,0.388671,0.239504,0.764409,0.251919,0.283609,0.775391,0.770377
2022-07-22 10:10:00,0.201176,0.358871,0.20159,0.398121,0.266147,0.770743,0.244657,0.269338,0.78096,0.776888
2022-07-22 10:15:00,0.238787,0.380434,0.20775,0.407092,0.29399,0.77753,0.237338,0.268899,0.787006,0.783804
2022-07-22 10:20:00,0.273839,0.399568,0.21917,0.415644,0.324645,0.783746,0.234344,0.288516,0.792678,0.790269
2022-07-22 10:25:00,0.303707,0.410921,0.233298,0.420045,0.355626,0.789107,0.235035,0.324925,0.797379,0.795965
2022-07-22 10:30:00,0.329538,0.416741,0.248708,0.421475,0.386499,0.793931,0.238152,0.370604,0.801321,0.801237
2022-07-22 10:35:00,0.354234,0.422588,0.260487,0.425276,0.408925,0.798258,0.250723,0.399797,0.80488,0.80601
2022-07-22 10:40:00,0.37895,0.428779,0.265594,0.430471,0.420919,0.802031,0.269716,0.398243,0.808169,0.810124
2022-07-22 10:45:00,0.403131,0.435578,0.26599,0.436768,0.426439,0.805287,0.291344,0.376961,0.811102,0.813671
2022-07-22 10:50:00,0.423986,0.444697,0.286327,0.443174,0.427561,0.807789,0.315161,0.364028,0.813161,0.81639
2022-07-22 10:55:00,0.438641,0.456188,0.32897,0.447506,0.430454,0.808733,0.334546,0.371041,0.813517,0.817682
2022-07-22 11:00:00,0.445151,0.469451,0.384257,0.450801,0.43393,0.808468,0.35131,0.393139,0.812663,0.817871
2022-07-22 11:05:00,0.420301,0.472848,0.408955,0.456856,0.432628,0.808908,0.377304,0.44222,0.812621,0.818322
2022-07-22 11:10:00,0.351622,0.465299,0.384174,0.466412,0.426903,0.810671,0.406921,0.514832,0.813876,0.818966
2022-07-22 11:15:00,0.259171,0.450918,0.327328,0.477779,0.417868,0.812985,0.434118,0.596997,0.815393,0.819281
2022-07-22 11:20:00,0.185464,0.445705,0.282,0.495302,0.411901,0.814883,0.440936,0.658107,0.816365,0.819422
2022-07-22 11:25:00,0.165892,0.457885,0.270056,0.516748,0.411989,0.815783,0.416701,0.679183,0.816438,0.819524
2022-07-22 11:30:00,0.184691,0.481572,0.280809,0.540316,0.416042,0.81587,0.376371,0.673163,0.815848,0.819439
2022-07-22 11:35:00,0.214601,0.509408,0.293017,0.556312,0.414721,0.815543,0.34167,0.652871,0.814699,0.819198
2022-07-22 11:40:00,0.253184,0.53539,0.297594,0.559715,0.405673,0.814789,0.318427,0.621172,0.812952,0.818686
2022-07-22 11:45:00,0.295149,0.559304,0.29624,0.554492,0.392117,0.81366,0.302685,0.583212,0.810674,0.817819
2022-07-22 11:50:00,0.332297,0.579891,0.29597,0.556282,0.388291,0.800765,0.293603,0.556833,0.808264,0.816594
2022-07-22 11:55:00,0.36001,0.594903,0.297576,0.56655,0.399645,0.775317,0.289089,0.552202,0.805982,0.814535
2022-07-22 12:00:00,0.379552,0.605239,0.299997,0.58179,0.421452,0.741621,0.288334,0.561622,0.803613,0.811666
2022-07-22 12:05:00,0.392738,0.605551,0.304413,0.610308,0.439004,0.72359,0.286695,0.570515,0.800945,0.809078
2022-07-22 12:10:00,0.396074,0.593687,0.307808,0.645492,0.449591,0.732791,0.286018,0.571794,0.797714,0.806896
2022-07-22 12:15:00,0.393102,0.575112,0.311144,0.680326,0.454192,0.758158,0.285419,0.56727,0.794031,0.804545
2022-07-22 12:20:00,0.388113,0.555111,0.315741,0.690012,0.460955,0.778993,0.287111,0.560823,0.790491,0.801515
2022-07-22 12:25:00,0.383665,0.542245,0.321698,0.657719,0.469732,0.785382,0.290515,0.552329,0.787316,0.79748
2022-07-22 12:30:00,0.379952,0.534099,0.32891,0.598595,0.479596,0.782024,0.295026,0.543645,0.783954,0.792702
2022-07-22 12:35:00,0.372437,0.523559,0.342057,0.532314,0.482996,0.776535,0.307734,0.522226,0.779666,0.787664
2022-07-22 12:40:00,0.362923,0.510686,0.361493,0.4793,0.477024,0.771214,0.325244,0.490043,0.774095,0.78234
2022-07-22 12:45:00,0.353497,0.496762,0.383606,0.438926,0.465299,0.765373,0.343626,0.452459,0.767554,0.776584
2022-07-22 12:50:00,0.336537,0.495643,0.402307,0.422094,0.458296,0.750743,0.365614,0.426255,0.760811,0.770762
2022-07-22 12:55:00,0.318799,0.510437,0.41162,0.437743,0.461815,0.726515,0.382588,0.42492,0.754254,0.765253
2022-07-22 13:00:00,0.301881,0.533726,0.41477,0.474445,0.471958,0.696272,0.395612,0.439691,0.747558,0.759633
2022-07-22 13:05:00,0.311041,0.546559,0.418297,0.516491,0.499966,0.678846,0.389319,0.455678,0.739894,0.753059
2022-07-22 13:10:00,0.35546,0.539941,0.422664,0.557952,0.543183,0.681178,0.362431,0.468183,0.730894,0.745322
2022-07-22 13:15:00,0.419443,0.520627,0.427636,0.593865,0.591892,0.695232,0.324982,0.47827,0.721257,0.736923
2022-07-22 13:20:00,0.476798,0.516393,0.428848,0.613705,0.616256,0.705787,0.297234,0.473681,0.711548,0.728439
2022-07-22 13:25:00,0.509329,0.533591,0.424453,0.609072,0.602887,0.706363,0.28634,0.45729,0.701496,0.719933
2022-07-22 13:30:00,0.524392,0.562011,0.41744,0.59062,0.565791,0.700401,0.285882,0.435924,0.691151,0.711334
2022-07-22 13:35:00,0.534247,0.589331,0.430796,0.579816,0.534707,0.692264,0.294441,0.41356,0.681687,0.70269
2022-07-22 13:40:00,0.540489,0.602595,0.467994,0.585583,0.522248,0.683459,0.308288,0.405308,0.673501,0.693666
2022-07-22 13:45:00,0.543434,0.606576,0.515376,0.600525,0.522182,0.674098,0.322024,0.406321,0.665489,0.684053
2022-07-22 13:50:00,0.544085,0.601805,0.541316,0.610434,0.522852,0.664177,0.322061,0.414221,0.656599,0.673996
2022-07-22 13:55:00,0.538842,0.585789,0.527731,0.607966,0.520018,0.65363,0.302358,0.431935,0.646765,0.663533
2022-07-22 14:00:00,0.530252,0.561955,0.490629,0.596897,0.514928,0.642563,0.273892,0.454144,0.636305,0.652746
2022-07-22 14:05:00,0.532512,0.525519,0.457324,0.585429,0.507347,0.631129,0.25219,0.466966,0.624685,0.642242
2022-07-22 14:10:00,0.545044,0.476554,0.441401,0.573423,0.498377,0.61932,0.245874,0.468097,0.612519,0.63248
2022-07-22 14:15:00,0.561844,0.421418,0.436849,0.560567,0.4891,0.607279,0.24734,0.463202,0.599986,0.622869
2022-07-22 14:20:00,0.571314,0.380646,0.434019,0.539805,0.469429,0.594875,0.250985,0.449408,0.586898,0.612403
2022-07-22 14:25:00,0.567498,0.365372,0.429198,0.509235,0.440997,0.581913,0.252009,0.43518,0.5732,0.600452
2022-07-22 14:30:00,0.555489,0.365543,0.422469,0.47161,0.408277,0.568627,0.251336,0.420085,0.559286,0.587349
2022-07-22 14:35:00,0.54115,0.361186,0.407915,0.429401,0.383779,0.555208,0.253271,0.421197,0.545558,0.573705
2022-07-22 14:40:00,0.526326,0.3433,0.384315,0.382509,0.3764,0.541642,0.256732,0.43983,0.532388,0.55966
2022-07-22 14:45:00,0.51119,0.318005,0.356806,0.334516,0.378735,0.528097,0.261418,0.465344,0.519505,0.545498
2022-07-22 14:50:00,0.495822,0.294203,0.335928,0.295637,0.384093,0.514683,0.275736,0.480457,0.505873,0.531745
2022-07-22 14:55:00,0.480085,0.279141,0.329421,0.27187,0.386953,0.501558,0.296777,0.478596,0.490889,0.518497
2022-07-22 15:00:00,0.464131,0.270094,0.330516,0.257895,0.387094,0.488361,0.318478,0.46676,0.475116,0.505173
2022-07-22 15:05:00,0.447958,0.262321,0.321068,0.246208,0.385002,0.474571,0.323143,0.452201,0.459532,0.490902
2022-07-22 15:10:00,0.431665,0.255393,0.295121,0.234105,0.376838,0.459798,0.307623,0.43778,0.444655,0.475527
2022-07-22 15:15:00,0.415464,0.248881,0.260484,0.223146,0.363879,0.444302,0.281649,0.423287,0.429924,0.459582
2022-07-22 15:20:00,0.399711,0.238133,0.233003,0.217562,0.340524,0.428539,0.261824,0.40837,0.4144,0.443754
2022-07-22 15:25:00,0.3844,0.223417,0.222632,0.221501,0.304167,0.412488,0.250622,0.392196,0.39776,0.428269
2022-07-22 15:30:00,0.368914,0.206751,0.223006,0.231263,0.261774,0.39629,0.2444,0.375257,0.380549,0.412751
2022-07-22 15:35:00,0.352729,0.199677,0.225323,0.243525,0.226582,0.374952,0.237625,0.358551,0.363553,0.396692
2022-07-22 15:40:00,0.335851,0.206084,0.22581,0.25577,0.206321,0.349615,0.229231,0.341611,0.347128,0.379706
2022-07-22 15:45:00,0.318697,0.220125,0.224241,0.266105,0.196502,0.323112,0.219771,0.324799,0.330958,0.362298
2022-07-22 15:50:00,0.301404,0.225076,0.218072,0.266975,0.186914,0.298875,0.207493,0.303677,0.314415,0.345332
2022-07-22 15:55:00,0.284166,0.215763,0.205936,0.254522,0.177825,0.279268,0.193314,0.280048,0.297366,0.329278
2022-07-22 16:00:00,0.267299,0.197458,0.190345,0.234773,0.169396,0.26276,0.178513,0.25735,0.280275,0.313132
2022-07-22 16:05:00,0.250845,0.179046,0.173227,0.217748,0.161713,0.247234,0.167882,0.241598,0.263619,0.284309
2022-07-22 16:10:00,0.234637,0.165226,0.156794,0.206242,0.15815,0.233265,0.16115,0.231631,0.24729,0.244189
2022-07-22 16:15:00,0.218363,0.154462,0.142007,0.197172,0.157108,0.220877,0.156689,0.222581,0.230986,0.202356
2022-07-22 16:20:00,0.202098,0.147458,0.136127,0.179258,0.150266,0.2126,0.151958,0.209172,0.214744,0.177296
2022-07-22 16:25:00,0.186263,0.143982,0.143937,0.147564,0.137072,0.20829,0.146586,0.192891,0.198932,0.173094
2022-07-22 16:30:00,0.171075,0.142425,0.158045,0.109793,0.119907,0.204226,0.14085,0.17781,0.183714,0.178196
2022-07-22 16:35:00,0.156373,0.137129,0.162225,0.080966,0.104011,0.19463,0.136067,0.162364,0.168938,0.181429
2022-07-22 16:40:00,0.142157,0.126221,0.148231,0.07391,0.09346,0.180315,0.131088,0.146225,0.154272,0.177172
2022-07-22 16:45:00,0.128683,0.112199,0.124313,0.08041,0.086443,0.165605,0.125961,0.130853,0.13967,0.166963
2022-07-22 16:50:00,0.116209,0.09997,0.103604,0.088759,0.080239,0.152365,0.121814,0.119476,0.125793,0.153922
2022-07-22 16:55:00,0.104715,0.091933,0.093039,0.093797,0.074,0.140529,0.117183,0.111418,0.114818,0.140348
2022-07-22 17:00:00,0.09422,0.086469,0.089161,0.095397,0.06774,0.129524,0.112214,0.102646,0.107853,0.127844
2022-07-22 17:05:00,0.084196,0.08017,0.08854,0.093186,0.066445,0.120465,0.105176,0.092022,0.101585,0.116796
2022-07-22 17:10:00,0.074254,0.071396,0.089628,0.084749,0.070735,0.112876,0.095788,0.08188,0.093281,0.107371
2022-07-22 17:15:00,0.064904,0.06086,0.091085,0.072742,0.077379,0.105959,0.085421,0.073824,0.083641,0.099707
2022-07-22 17:20:00,0.056631,0.053446,0.088403,0.062352,0.080522,0.098782,0.077888,0.068021,0.074214,0.090994
2022-07-22 17:25:00,0.050863,0.050015,0.079421,0.055379,0.074738,0.090343,0.072374,0.064845,0.065948,0.080583
2022-07-22 17:30:00,0.047379,0.049127,0.066931,0.050594,0.063695,0.080616,0.068604,0.063936,0.058136,0.069767
2022-07-22 17:35:00,0.046568,0.045687,0.053619,0.045133,0.053094,0.069246,0.064964,0.062422,0.051629,0.062509
2022-07-22 17:40:00,0.045748,0.037608,0.041783,0.037806,0.044389,0.058686,0.060898,0.05802,0.047114,0.060284
2022-07-22 17:45:00,0.04472,0.026956,0.031281,0.02961,0.03718,0.049433,0.056661,0.051617,0.043728,0.06055
2022-07-22 17:50:00,0.043345,0.020615,0.025021,0.023044,0.031286,0.042473,0.054185,0.045691,0.041698,0.060054
2022-07-22 17:55:00,0.041602,0.021547,0.024987,0.020042,0.026974,0.03851,0.053055,0.041814,0.040539,0.056925
2022-07-22 18:00:00,0.039602,0.026843,0.028505,0.019383,0.023977,0.036561,0.052285,0.039261,0.039783,0.052167
2022-07-22 18:05:00,0.037439,0.030913,0.031136,0.018383,0.021196,0.03462,0.049344,0.037016,0.038196,0.046977
2022-07-22 18:10:00,0.03513,0.030247,0.029793,0.016289,0.018558,0.031874,0.043267,0.034753,0.034981,0.041754
2022-07-22 18:15:00,0.03254,0.02634,0.02589,0.013484,0.016155,0.028603,0.035478,0.032256,0.03072,0.036603
2022-07-22 18:20:00,0.029379,0.022976,0.02234,0.011659,0.015434,0.025985,0.028604,0.028882,0.026069,0.032097
2022-07-22 18:25:00,0.025847,0.021672,0.020238,0.012122,0.017091,0.024313,0.023884,0.024641,0.021607,0.028287
2022-07-22 18:30:00,0.022075,0.021705,0.01927,0.013889,0.019778,0.023142,0.020649,0.019701,0.017529,0.02482
2022-07-22 18:35:00,0.017793,0.021576,0.018081,0.015214,0.02124,0.020871,0.017749,0.014212,0.013326,0.020028
2022-07-22 18:40:00,0.013068,0.019965,0.017797,0.0145,0.019603,0.016846,0.014506,0.008896,0.009411,0.013638
2022-07-22 18:45:00,0.008317,0.017295,0.01754,0.012364,0.016008,0.011717,0.011297,0.004028,0.005504,0.006265
2022-07-22 18:50:00,0.003962,0.013476,0.016134,0.00947,0.011606,0.006585,0.008039,0.000257,0.002196,0.0
2022-07-22 18:55:00,0.000353,0.008826,0.012814,0.006167,0.007219,0.002122,0.004956,0.0,5.6e-05,0.0
2022-07-22 19:00:00,0.0,0.003899,0.008197,0.002614,0.003002,0.0,0.00215,0.0,0.0,0.0
2022-07-22 19:05:00,0.0,0.0,0.003782,0.0,0.0,0.0,0.0,0.0,0.0,0.0
2022-07-22 19:10:00,0.0,0.0,0.000584,0.0,0.0,0.0,0.0,0.0,0.0,0.0
2022-07-22 19:15:00,0.0,0.0,0.0,0.0,0.0,0.0,0.0,0.0,0.0,0.0
2022-07-22 19:20:00,0.0,0.0,0.0,0.0,0.0,0.0,0.0,0.0,0.0,0.0
2022-07-22 19:25:00,0.0,0.0,0.0,0.0,0.0,0.0,0.0,0.0,0.0,0.0
2022-07-22 19:30:00,0.0,0.0,0.0,0.0,0.0,0.0,0.0,0.0,0.0,0.0
2022-07-22 19:35:00,0.0,0.0,0.0,0.0,0.0,0.0,0.0,0.0,0.0,0.0
2022-07-22 19:40:00,0.0,0.0,0.0,0.0,0.0,0.0,0.0,0.0,0.0,0.0
2022-07-22 19:45:00,0.0,0.0,0.0,0.0,0.0,0.0,0.0,0.0,0.0,0.0
2022-07-22 19:50:00,0.0,0.0,0.0,0.0,0.0,0.0,0.0,0.0,0.0,0.0
2022-07-22 19:55:00,0.0,0.0,0.0,0.0,0.0,0.0,0.0,0.0,0.0,0.0
2022-07-22 20:00:00,0.0,0.0,0.0,0.0,0.0,0.0,0.0,0.0,0.0,0.0
2022-07-22 20:05:00,0.0,0.0,0.0,0.0,0.0,0.0,0.0,0.0,0.0,0.0
2022-07-22 20:10:00,0.0,0.0,0.0,0.0,0.0,0.0,0.0,0.0,0.0,0.0
2022-07-22 20:15:00,0.0,0.0,0.0,0.0,0.0,0.0,0.0,0.0,0.0,0.0
2022-07-22 20:20:00,0.0,0.0,0.0,0.0,0.0,0.0,0.0,0.0,0.0,0.0
2022-07-22 20:25:00,0.0,0.0,0.0,0.0,0.0,0.0,0.0,0.0,0.0,0.0
2022-07-22 20:30:00,0.0,0.0,0.0,0.0,0.0,0.0,0.0,0.0,0.0,0.0
2022-07-22 20:35:00,0.0,0.0,0.0,0.0,0.0,0.0,0.0,0.0,0.0,0.0
2022-07-22 20:40:00,0.0,0.0,0.0,0.0,0.0,0.0,0.0,0.0,0.0,0.0
2022-07-22 20:45:00,0.0,0.0,0.0,0.0,0.0,0.0,0.0,0.0,0.0,0.0
2022-07-22 20:50:00,0.0,0.0,0.0,0.0,0.0,0.0,0.0,0.0,0.0,0.0
2022-07-22 20:55:00,0.0,0.0,0.0,0.0,0.0,0.0,0.0,0.0,0.0,0.0
2022-07-22 21:00:00,0.0,0.0,0.0,0.0,0.0,0.0,0.0,0.0,0.0,0.0
2022-07-22 21:05:00,0.0,0.0,0.0,0.0,0.0,0.0,0.0,0.0,0.0,0.0
2022-07-22 21:10:00,0.0,0.0,0.0,0.0,0.0,0.0,0.0,0.0,0.0,0.0
2022-07-22 21:15:00,0.0,0.0,0.0,0.0,0.0,0.0,0.0,0.0,0.0,0.0
2022-07-22 21:20:00,0.0,0.0,0.0,0.0,0.0,0.0,0.0,0.0,0.0,0.0
2022-07-22 21:25:00,0.0,0.0,0.0,0.0,0.0,0.0,0.0,0.0,0.0,0.0
2022-07-22 21:30:00,0.0,0.0,0.0,0.0,0.0,0.0,0.0,0.0,0.0,0.0
2022-07-22 21:35:00,0.0,0.0,0.0,0.0,0.0,0.0,0.0,0.0,0.0,0.0
2022-07-22 21:40:00,0.0,0.0,0.0,0.0,0.0,0.0,0.0,0.0,0.0,0.0
2022-07-22 21:45:00,0.0,0.0,0.0,0.0,0.0,0.0,0.0,0.0,0.0,0.0
2022-07-22 21:50:00,0.0,0.0,0.0,0.0,0.0,0.0,0.0,0.0,0.0,0.0
2022-07-22 21:55:00,0.0,0.0,0.0,0.0,0.0,0.0,0.0,0.0,0.0,0.0
2022-07-22 22:00:00,0.0,0.0,0.0,0.0,0.0,0.0,0.0,0.0,0.0,0.0
2022-07-22 22:05:00,0.0,0.0,0.0,0.0,0.0,0.0,0.0,0.0,0.0,0.0
2022-07-22 22:10:00,0.0,0.0,0.0,0.0,0.0,0.0,0.0,0.0,0.0,0.0
2022-07-22 22:15:00,0.0,0.0,0.0,0.0,0.0,0.0,0.0,0.0,0.0,0.0
2022-07-22 22:20:00,0.0,0.0,0.0,0.0,0.0,0.0,0.0,0.0,0.0,0.0
2022-07-22 22:25:00,0.0,0.0,0.0,0.0,0.0,0.0,0.0,0.0,0.0,0.0
2022-07-22 22:30:00,0.0,0.0,0.0,0.0,0.0,0.0,0.0,0.0,0.0,0.0
2022-07-22 22:35:00,0.0,0.0,0.0,0.0,0.0,0.0,0.0,0.0,0.0,0.0
2022-07-22 22:40:00,0.0,0.0,0.0,0.0,0.0,0.0,0.0,0.0,0.0,0.0
2022-07-22 22:45:00,0.0,0.0,0.0,0.0,0.0,0.0,0.0,0.0,0.0,0.0
2022-07-22 22:50:00,0.0,0.0,0.0,0.0,0.0,0.0,0.0,0.0,0.0,0.0
2022-07-22 22:55:00,0.0,0.0,0.0,0.0,0.0,0.0,0.0,0.0,0.0,0.0
2022-07-22 23:00:00,0.0,0.0,0.0,0.0,0.0,0.0,0.0,0.0,0.0,0.0
2022-07-22 23:05:00,0.0,0.0,0.0,0.0,0.0,0.0,0.0,0.0,0.0,0.0
2022-07-22 23:10:00,0.0,0.0,0.0,0.0,0.0,0.0,0.0,0.0,0.0,0.0
2022-07-22 23:15:00,0.0,0.0,0.0,0.0,0.0,0.0,0.0,0.0,0.0,0.0
2022-07-22 23:20:00,0.0,0.0,0.0,0.0,0.0,0.0,0.0,0.0,0.0,0.0
2022-07-22 23:25:00,0.0,0.0,0.0,0.0,0.0,0.0,0.0,0.0,0.0,0.0
2022-07-22 23:30:00,0.0,0.0,0.0,0.0,0.0,0.0,0.0,0.0,0.0,0.0
2022-07-22 23:35:00,0.0,0.0,0.0,0.0,0.0,0.0,0.0,0.0,0.0,0.0
2022-07-22 23:40:00,0.0,0.0,0.0,0.0,0.0,0.0,0.0,0.0,0.0,0.0
2022-07-22 23:45:00,0.0,0.0,0.0,0.0,0.0,0.0,0.0,0.0,0.0,0.0
2022-07-22 23:50:00,0.0,0.0,0.0,0.0,0.0,0.0,0.0,0.0,0.0,0.0
2022-07-22 23:55:00,0.0,0.0,0.0,0.0,0.0,0.0,0.0,0.0,0.0,0.0
2022-07-23 00:00:00,0.0,0.0,0.0,0.0,0.0,0.0,0.0,0.0,0.0,0.0
2022-07-23 00:05:00,0.0,0.0,0.0,0.0,0.0,0.0,0.0,0.0,0.0,0.0
2022-07-23 00:10:00,0.0,0.0,0.0,0.0,0.0,0.0,0.0,0.0,0.0,0.0
2022-07-23 00:15:00,0.0,0.0,0.0,0.0,0.0,0.0,0.0,0.0,0.0,0.0
2022-07-23 00:20:00,0.0,0.0,0.0,0.0,0.0,0.0,0.0,0.0,0.0,0.0
2022-07-23 00:25:00,0.0,0.0,0.0,0.0,0.0,0.0,0.0,0.0,0.0,0.0
2022-07-23 00:30:00,0.0,0.0,0.0,0.0,0.0,0.0,0.0,0.0,0.0,0.0
2022-07-23 00:35:00,0.0,0.0,0.0,0.0,0.0,0.0,0.0,0.0,0.0,0.0
2022-07-23 00:40:00,0.0,0.0,0.0,0.0,0.0,0.0,0.0,0.0,0.0,0.0
2022-07-23 00:45:00,0.0,0.0,0.0,0.0,0.0,0.0,0.0,0.0,0.0,0.0
2022-07-23 00:50:00,0.0,0.0,0.0,0.0,0.0,0.0,0.0,0.0,0.0,0.0
2022-07-23 00:55:00,0.0,0.0,0.0,0.0,0.0,0.0,0.0,0.0,0.0,0.0
2022-07-23 01:00:00,0.0,0.0,0.0,0.0,0.0,0.0,0.0,0.0,0.0,0.0
2022-07-23 01:05:00,0.0,0.0,0.0,0.0,0.0,0.0,0.0,0.0,0.0,0.0
2022-07-23 01:10:00,0.0,0.0,0.0,0.0,0.0,0.0,0.0,0.0,0.0,0.0
2022-07-23 01:15:00,0.0,0.0,0.0,0.0,0.0,0.0,0.0,0.0,0.0,0.0
2022-07-23 01:20:00,0.0,0.0,0.0,0.0,0.0,0.0,0.0,0.0,0.0,0.0
2022-07-23 01:25:00,0.0,0.0,0.0,0.0,0.0,0.0,0.0,0.0,0.0,0.0
2022-07-23 01:30:00,0.0,0.0,0.0,0.0,0.0,0.0,0.0,0.0,0.0,0.0
2022-07-23 01:35:00,0.0,0.0,0.0,0.0,0.0,0.0,0.0,0.0,0.0,0.0
2022-07-23 01:40:00,0.0,0.0,0.0,0.0,0.0,0.0,0.0,0.0,0.0,0.0
2022-07-23 01:45:00,0.0,0.0,0.0,0.0,0.0,0.0,0.0,0.0,0.0,0.0
2022-07-23 01:50:00,0.0,0.0,0.0,0.0,0.0,0.0,0.0,0.0,0.0,0.0
2022-07-23 01:55:00,0.0,0.0,0.0,0.0,0.0,0.0,0.0,0.0,0.0,0.0
2022-07-23 02:00:00,0.0,0.0,0.0,0.0,0.0,0.0,0.0,0.0,0.0,0.0
2022-07-23 02:05:00,0.0,0.0,0.0,0.0,0.0,0.0,0.0,0.0,0.0,0.0
2022-07-23 02:10:00,0.0,0.0,0.0,0.0,0.0,0.0,0.0,0.0,0.0,0.0
2022-07-23 02:15:00,0.0,0.0,0.0,0.0,0.0,0.0,0.0,0.0,0.0,0.0
2022-07-23 02:20:00,0.0,0.0,0.0,0.0,0.0,0.0,0.0,0.0,0.0,0.0
2022-07-23 02:25:00,0.0,0.0,0.0,0.0,0.0,0.0,0.0,0.0,0.0,0.0
2022-07-23 02:30:00,0.0,0.0,0.0,0.0,0.0,0.0,0.0,0.0,0.0,0.0
2022-07-23 02:35:00,0.0,0.0,0.0,0.0,0.0,0.0,0.0,0.0,0.0,0.0
2022-07-23 02:40:00,0.0,0.0,0.0,0.0,0.0,0.0,0.0,0.0,0.0,0.0
2022-07-23 02:45:00,0.0,0.0,0.0,0.0,0.0,0.0,0.0,0.0,0.0,0.0
2022-07-23 02:50:00,0.0,0.0,0.0,0.0,0.0,0.0,0.0,0.0,0.0,0.0
2022-07-23 02:55:00,0.0,0.0,0.0,0.0,0.0,0.0,0.0,0.0,0.0,0.0
2022-07-23 03:00:00,0.0,0.0,0.0,0.0,0.0,0.0,0.0,0.0,0.0,0.0
2022-07-23 03:05:00,0.0,0.0,0.0,0.0,0.0,0.0,0.0,0.0,0.0,0.0
2022-07-23 03:10:00,0.0,0.0,0.0,0.0,0.0,0.0,0.0,0.0,0.0,0.0
2022-07-23 03:15:00,0.0,0.0,0.0,0.0,0.0,0.0,0.0,0.0,0.0,0.0
2022-07-23 03:20:00,0.0,0.0,0.0,0.0,0.0,0.0,0.0,0.0,0.0,0.0
2022-07-23 03:25:00,0.0,0.0,0.0,0.0,0.0,0.0,0.0,0.0,0.0,0.0
2022-07-23 03:30:00,0.0,0.0,0.0,0.0,0.0,0.0,0.0,0.0,0.0,0.0
2022-07-23 03:35:00,0.0,0.0,0.0,0.0,0.0,0.0,0.0,0.0,0.0,0.0
2022-07-23 03:40:00,0.0,0.0,0.0,0.0,0.0,0.0,0.0,0.0,0.0,0.0
2022-07-23 03:45:00,0.0,0.0,0.0,0.0,0.0,0.0,0.000302,9.3e-05,0.0,0.0
2022-07-23 03:50:00,0.000609,0.0,0.0,0.0,0.0,0.0,0.002135,0.002312,0.0,0.0
2022-07-23 03:55:00,0.004309,0.0,0.0,0.0,0.0,0.0,0.003909,0.004741,0.0,0.0
2022-07-23 04:00:00,0.009495,0.0,0.0,0.0,0.00118,0.0,0.005599,0.007239,0.0,0.0
2022-07-23 04:05:00,0.015133,0.001972,0.002709,0.002278,0.003803,0.0,0.007702,0.009174,0.0,0.002052
2022-07-23 04:10:00,0.020425,0.004679,0.0066,0.005591,0.006472,0.0,0.011369,0.010196,0.0,0.005008
2022-07-23 04:15:00,0.025397,0.007672,0.010927,0.009283,0.009255,0.004548,0.015672,0.01085,0.0,0.008163
2022-07-23 04:20:00,0.027061,0.011244,0.014354,0.012852,0.012476,0.008447,0.019558,0.011236,0.00033,0.011503
2022-07-23 04:25:00,0.024511,0.015309,0.016665,0.015984,0.016317,0.010181,0.022705,0.011895,0.001402,0.014436
2022-07-23 04:30:00,0.019282,0.019424,0.018157,0.018794,0.020367,0.010599,0.024696,0.012956,0.002806,0.017296
2022-07-23 04:35:00,0.014556,0.023249,0.019059,0.021721,0.024487,0.012374,0.024334,0.01485,0.004044,0.019258
2022-07-23 04:40:00,0.012533,0.026794,0.020217,0.025022,0.028628,0.016945,0.020314,0.018243,0.005407,0.020918
2022-07-23 04:45:00,0.012389,0.030235,0.021792,0.028721,0.032755,0.02283,0.014456,0.02227,0.006848,0.022623
2022-07-23 04:50:00,0.013137,0.033285,0.022958,0.032543,0.036988,0.026628,0.008587,0.023257,0.007378,0.023109
2022-07-23 04:55:00,0.014477,0.036242,0.024597,0.036443,0.041341,0.02608,0.004403,0.021071,0.007285,0.023442
2022-07-23 05:00:00,0.016373,0.039357,0.026813,0.04053,0.045775,0.023101,0.002159,0.017086,0.006825,0.023841
2022-07-23 05:05:00,0.017298,0.043623,0.029049,0.044979,0.050493,0.020977,0.002849,0.013208,0.007858,0.026421
2022-07-23 05:10:00,0.017017,0.049411,0.031696,0.049965,0.055496,0.022219,0.007754,0.012553,0.011382,0.032475
2022-07-23 05:15:00,0.015987,0.055527,0.034684,0.055432,0.060621,0.025436,0.014893,0.01464,0.016248,0.040582
2022-07-23 05:20:00,0.014642,0.06248,0.038025,0.061537,0.065967,0.028615,0.024104,0.016371,0.020566,0.045726
2022-07-23 05:25:00,0.013736,0.068082,0.042565,0.067976,0.071656,0.030727,0.034325,0.019033,0.023362,0.046107
2022-07-23 05:30:00,0.013081,0.073182,0.047871,0.074714,0.077767,0.032583,0.044467,0.022185,0.025036,0.043658
2022-07-23 05:35:00,0.011505,0.078942,0.052182,0.081695,0.084281,0.038966,0.051518,0.032391,0.026121,0.042741
2022-07-23 05:40:00,0.008804,0.085859,0.055531,0.088446,0.090974,0.051528,0.05446,0.050559,0.026839,0.046453
2022-07-23 05:45:00,0.005793,0.093208,0.058445,0.095158,0.097753,0.068126,0.056218,0.073054,0.027476,0.053203
2022-07-23 05:50:00,0.004366,0.09972,0.061664,0.100157,0.104268,0.08481,0.063101,0.090612,0.030914,0.058919
2022-07-23 05:55:00,0.005793,0.104191,0.066457,0.104591,0.110306,0.100058,0.078182,0.09697,0.037486,0.063464
2022-07-23 06:00:00,0.008708,0.107228,0.072316,0.11035,0.115693,0.115718,0.096646,0.096594,0.045888,0.067969
2022-07-23 06:05:00,0.010613,0.111811,0.07904,0.118147,0.12156,0.132302,0.116546,0.100158,0.054284,0.077645
2022-07-23 06:10:00,0.010429,0.12166,0.087228,0.128736,0.129419,0.146724,0.13286,0.114431,0.060778,0.096178
2022-07-23 06:15:00,0.009286,0.136456,0.096415,0.140898,0.139107,0.158363,0.146278,0.135009,0.06559,0.120159
2022-07-23 06:20:00,0.008477,0.152628,0.105465,0.154043,0.149789,0.168637,0.150934,0.145335,0.069223,0.131948
2022-07-23 06:25:00,0.009454,0.16735,0.114243,0.168062,0.161558,0.180266,0.144074,0.136646,0.071101,0.12568
2022-07-23 06:30:00,0.011988,0.181734,0.122768,0.182265,0.174282,0.194729,0.131037,0.115739,0.071876,0.106202
2022-07-23 06:35:00,0.017834,0.197131,0.131056,0.196932,0.187457,0.210746,0.121985,0.098553,0.0736,0.089717
2022-07-23 06:40:00,0.027721,0.212866,0.139169,0.211598,0.200425,0.224607,0.121795,0.0964,0.077056,0.08453
2022-07-23 06:45:00,0.039212,0.228602,0.147176,0.226741,0.213408,0.235084,0.126621,0.105167,0.081679,0.087554
2022-07-23 06:50:00,0.049496,0.24443,0.155109,0.242454,0.225556,0.245438,0.135143,0.117539,0.088614,0.090364
2022-07-23 06:55:00,0.054107,0.260213,0.163088,0.258265,0.235867,0.259803,0.144474,0.131137,0.097199,0.091039
2022-07-23 07:00:00,0.054506,0.2759,0.171083,0.273942,0.244472,0.278657,0.154051,0.144955,0.106628,0.090652
2022-07-23 07:05:00,0.052314,0.291592,0.180924,0.28971,0.253482,0.294578,0.164773,0.160885,0.113858,0.101198
2022-07-23 07:10:00,0.046677,0.307581,0.192815,0.305773,0.265476,0.302004,0.174441,0.178794,0.117302,0.126404
2022-07-23 07:15:00,0.03959,0.324071,0.206021,0.32231,0.280152,0.301913,0.18413,0.197596,0.118247,0.161522
2022-07-23 07:20:00,0.036978,0.340859,0.222185,0.339294,0.295299,0.305264,0.19311,0.214063,0.110786,0.199872
2022-07-23 07:25:00,0.04211,0.35751,0.240587,0.356136,0.310257,0.323165,0.202446,0.225832,0.09543,0.237405
2022-07-23 07:30:00,0.053115,0.374031,0.260472,0.372677,0.325315,0.353251,0.211398,0.233409,0.074839,0.273813
2022-07-23 07:35:00,0.071486,0.386927,0.283822,0.389329,0.339793,0.384255,0.226061,0.23405,0.058487,0.303955
2022-07-23 07:40:00,0.097224,0.394793,0.30887,0.406246,0.354535,0.40787,0.244193,0.226281,0.051351,0.320917
2022-07-23 07:45:00,0.127611,0.398797,0.334919,0.42286,0.369321,0.425591,0.263775,0.214139,0.051697,0.328292
2022-07-23 07:50:00,0.169334,0.406103,0.352398,0.439477,0.384193,0.441496,0.266481,0.20213,0.059871,0.327821
2022-07-23 07:55:00,0.220182,0.423466,0.355246,0.453979,0.399119,0.45666,0.252236,0.197327,0.07771,0.321079
2022-07-23 08:00:00,0.276281,0.448121,0.348015,0.467182,0.414675,0.471193,0.228124,0.197203,0.101098,0.30989
2022-07-23 08:05:00,0.323266,0.466634,0.342125,0.480787,0.435224,0.479445,0.210156,0.19811,0.121835,0.29285
2022-07-23 08:10:00,0.350673,0.4719,0.347177,0.495604,0.462879,0.479913,0.204949,0.199876,0.135623,0.272986
2022-07-23 08:15:00,0.363526,0.466344,0.360155,0.511236,0.495025,0.474758,0.207424,0.203711,0.144371,0.254079
2022-07-23 08:20:00,0.37818,0.461143,0.376373,0.526708,0.524591,0.475681,0.218978,0.184059,0.155688,0.255628
2022-07-23 08:25:00,0.396182,0.463498,0.393,0.54123,0.545966,0.493324,0.235829,0.14444,0.169757,0.291003
2022-07-23 08:30:00,0.418039,0.472493,0.409599,0.554945,0.561105,0.522389,0.25453,0.093874,0.184316,0.347516
2022-07-23 08:35:00,0.434818,0.491972,0.423155,0.568924,0.574692,0.550816,0.260691,0.069592,0.189033,0.399421
2022-07-23 08:40:00,0.446416,0.522945,0.431968,0.583127,0.588447,0.571399,0.251674,0.096658,0.17785,0.430105
2022-07-23 08:45:00,0.452046,0.560431,0.437967,0.597078,0.602142,0.58573,0.236265,0.155057,0.156679,0.444812
2022-07-23 08:50:00,0.451762,0.595222,0.445659,0.610554,0.615447,0.598645,0.238535,0.202667,0.138244,0.452968
2022-07-23 08:55:00,0.442316,0.61745,0.458421,0.623195,0.628243,0.609778,0.264977,0.220568,0.1293,0.454246
2022-07-23 09:00:00,0.427726,0.631024,0.474768,0.635148,0.640687,0.619856,0.303547,0.217887,0.127991,0.451333
2022-07-23 09:05:00,0.411046,0.642428,0.49523,0.646887,0.652745,0.630025,0.327657,0.207082,0.139386,0.45827
2022-07-23 09:10:00,0.397424,0.653847,0.519781,0.658426,0.664367,0.640244,0.330553,0.195513,0.165092,0.478124
2022-07-23 09:15:00,0.386292,0.664883,0.546165,0.669609,0.675575,0.650126,0.322856,0.184715,0.199595,0.506045
2022-07-23 09:20:00,0.393402,0.675387,0.569799,0.680217,0.686173,0.659541,0.340176,0.180545,0.242795,0.539436
2022-07-23 09:25:00,0.421455,0.685269,0.586095,0.689638,0.695448,0.66835,0.385606,0.18702,0.287745,0.569756
2022-07-23 09:30:00,0.464162,0.694718,0.597086,0.698007,0.70355,0.676607,0.441395,0.199641,0.331932,0.597297
2022-07-23 09:35:00,0.47985,0.70374,0.618355,0.70657,0.711953,0.671643,0.456522,0.212439,0.378922,0.625722
2022-07-23 09:40:00,0.458242,0.712511,0.652119,0.715427,0.720779,0.651312,0.414593,0.220812,0.419138,0.64983
2022-07-23 09:45:00,0.410091,0.721049,0.692809,0.724131,0.729489,0.620582,0.341328,0.226669,0.454444,0.670267
2022-07-23 09:50:00,0.358713,0.729097,0.727534,0.732415,0.737607,0.587697,0.272243,0.217136,0.472026,0.676276
2022-07-23 09:55:00,0.320089,0.735827,0.747065,0.739826,0.744243,0.567992,0.227881,0.193816,0.465516,0.660682
2022-07-23 10:00:00,0.294372,0.741553,0.756346,0.746619,0.749744,0.558395,0.200821,0.16189,0.441736,0.630322
2022-07-23 10:05:00,0.292362,0.747907,0.763385,0.753672,0.755984,0.542979,0.213672,0.151159,0.408624,0.599899
2022-07-23 10:10:00,0.324912,0.755632,0.771059,0.761633,0.763737,0.524551,0.260994,0.175064,0.371551,0.582334
2022-07-23 10:15:00,0.377773,0.763701,0.779232,0.769911,0.771979,0.504199,0.324306,0.220372,0.332445,0.574133
2022-07-23 10:20:00,0.430721,0.770664,0.786689,0.777443,0.779692,0.48855,0.394139,0.249576,0.291259,0.557501
2022-07-23 10:25:00,0.468624,0.775795,0.79269,0.783533,0.786744,0.487534,0.446507,0.247391,0.250679,0.5318
2022-07-23 10:30:00,0.494052,0.77969,0.797604,0.788586,0.793423,0.496546,0.485552,0.224165,0.214911,0.502432
2022-07-23 10:35:00,0.52179,0.78355,0.802554,0.793819,0.799652,0.504389,0.511556,0.209214,0.203981,0.490515
2022-07-23 10:40:00,0.546323,0.788285,0.80763,0.799298,0.805341,0.509638,0.513451,0.213999,0.234143,0.51333
2022-07-23 10:45:00,0.569597,0.793599,0.81251,0.804507,0.810491,0.513835,0.501859,0.232221,0.284926,0.55726
2022-07-23 10:50:00,0.594648,0.798145,0.816834,0.809126,0.814758,0.526425,0.490094,0.252695,0.312693,0.602448
2022-07-23 10:55:00,0.61876,0.800889,0.820141,0.812717,0.817302,0.552849,0.479934,0.269041,0.289893,0.635343
2022-07-23 11:00:00,0.640626,0.80242,0.822647,0.815418,0.81849,0.586404,0.470696,0.282084,0.234394,0.657919
2022-07-23 11:05:00,0.659083,0.804601,0.824565,0.817632,0.819822,0.593662,0.465458,0.291591,0.186829,0.651034
2022-07-23 11:10:00,0.668191,0.80785,0.826228,0.819575,0.821547,0.564879,0.461346,0.296328,0.166059,0.608445
2022-07-23 11:15:00,0.669374,0.81135,0.827749,0.821274,0.822976,0.513042,0.456887,0.298433,0.164116,0.542861
2022-07-23 11:20:00,0.660408,0.814487,0.828875,0.822541,0.825032,0.473152,0.44179,0.30749,0.165605,0.489601
2022-07-23 11:25:00,0.634595,0.81692,0.829342,0.823194,0.826961,0.469383,0.413488,0.326156,0.164085,0.476285
2022-07-23 11:30:00,0.598869,0.818746,0.829243,0.823434,0.828809,0.489175,0.379808,0.350451,0.160874,0.490425
2022-07-23 11:35:00,0.57006,0.820214,0.829467,0.824074,0.830316,0.505113,0.35815,0.368828,0.159961,0.511549
2022-07-23 11:40:00,0.558058,0.821,0.829953,0.824708,0.831094,0.506565,0.354846,0.374531,0.164104,0.53138
2022-07-23 11:45:00,0.557556,0.821043,0.830274,0.824913,0.831247,0.498941,0.363038,0.372086,0.170703,0.549278
2022-07-23 11:50:00,0.553469,0.820634,0.83057,0.825213,0.831496,0.47255,0.368348,0.365771,0.171611,0.551552
2022-07-23 11:55:00,0.542001,0.819619,0.83086,0.825803,0.832037,0.43391,0.37029,0.358609,0.162617,0.535604
2022-07-23 12:00:00,0.524634,0.818,0.830783,0.826239,0.832376,0.389266,0.369413,0.351056,0.147304,0.507579
2022-07-23 12:05:00,0.492257,0.815835,0.829845,0.825839,0.831769,0.342251,0.37386,0.350423,0.139642,0.501987
2022-07-23 12:10:00,0.444702,0.81306,0.827541,0.824047,0.829791,0.309857,0.382107,0.359818,0.143031,0.528108
2022-07-23 12:15:00,0.389149,0.809775,0.824222,0.821079,0.82683,0.287658,0.391587,0.375801,0.152735,0.570611
2022-07-23 12:20:00,0.3566,0.806149,0.820657,0.817723,0.810586,0.284724,0.381159,0.411467,0.16161,0.60162
2022-07-23 12:25:00,0.36235,0.802008,0.817358,0.814592,0.779854,0.30518,0.351426,0.463166,0.161582,0.598989
2022-07-23 12:30:00,0.39101,0.797279,0.814108,0.811396,0.740584,0.340675,0.311807,0.520923,0.15766,0.574051
2022-07-23 12:35:00,0.418553,0.793009,0.810676,0.807421,0.702095,0.381822,0.277326,0.554002,0.153102,0.552685
2022-07-23 12:40:00,0.427831,0.789121,0.806958,0.802037,0.679264,0.420139,0.258566,0.545273,0.154241,0.539401
2022-07-23 12:45:00,0.424759,0.785127,0.803015,0.795783,0.667283,0.455057,0.250081,0.510611,0.15843,0.531948
2022-07-23 12:50:00,0.428464,0.781369,0.798943,0.789942,0.660354,0.472539,0.262269,0.510992,0.162137,0.531913
2022-07-23 12:55:00,0.441393,0.777935,0.794954,0.785238,0.66004,0.468548,0.291242,0.560221,0.164342,0.533896
2022-07-23 13:00:00,0.459321,0.774237,0.790765,0.78075,0.664136,0.450598,0.327475,0.634327,0.165244,0.537098
2022-07-23 13:05:00,0.487191,0.769237,0.785682,0.7762,0.655107,0.421149,0.36976,0.690868,0.165843,0.545591
2022-07-23 13:10:00,0.516622,0.763101,0.779211,0.769842,0.633732,0.387678,0.404539,0.712135,0.166394,0.555864
2022-07-23 13:15:00,0.544454,0.755845,0.771052,0.762418,0.604758,0.353277,0.430231,0.711264,0.166447,0.564186
2022-07-23 13:20:00,0.55835,0.748447,0.75003,0.754944,0.579565,0.328679,0.420026,0.704076,0.168967,0.56372
2022-07-23 13:25:00,0.548726,0.74126,0.713423,0.74803,0.568627,0.323602,0.369325,0.695901,0.172818,0.542667
2022-07-23 13:30:00,0.525477,0.733965,0.666905,0.741076,0.568724,0.331055,0.301798,0.687069,0.176111,0.508722
2022-07-23 13:35:00,0.495173,0.725847,0.62693,0.733149,0.585384,0.33994,0.271363,0.67734,0.173445,0.48596
2022-07-23 13:40:00,0.465918,0.716496,0.603636,0.723792,0.620003,0.345584,0.29434,0.66636,0.159112,0.478677
2022-07-23 13:45:00,0.437876,0.706274,0.591622,0.71364,0.660894,0.348365,0.343146,0.654643,0.1382,0.479162
2022-07-23 13:50:00,0.420631,0.696079,0.576155,0.703267,0.689884,0.360245,0.397924,0.642739,0.117619,0.472997
2022-07-23 13:55:00,0.416781,0.686873,0.553529,0.692761,0.697247,0.38025,0.436321,0.630528,0.102307,0.446348
2022-07-23 14:00:00,0.421072,0.678627,0.527778,0.682027,0.691481,0.403135,0.463307,0.618064,0.091708,0.407866
2022-07-23 14:05:00,0.427746,0.670458,0.514106,0.671559,0.681959,0.406572,0.474162,0.606124,0.085765,0.37279
2022-07-23 14:10:00,0.431288,0.66257,0.519755,0.661176,0.671744,0.379148,0.466489,0.59452,0.086775,0.347171
2022-07-23 14:15:00,0.432309,0.654697,0.535105,0.650405,0.66111,0.334206,0.446905,0.582795,0.092372,0.32861
2022-07-23 14:20:00,0.422461,0.645626,0.557037,0.639136,0.650033,0.304804,0.434713,0.571241,0.1024,0.320982
2022-07-23 14:25:00,0.400574,0.63466,0.576019,0.627506,0.638418,0.306924,0.423847,0.560261,0.115944,0.323544
2022-07-23 14:30:00,0.37216,0.622003,0.591523,0.615811,0.626265,0.327258,0.41472,0.549103,0.132759,0.332274
2022-07-23 14:35:00,0.350455,0.601962,0.589364,0.604478,0.613651,0.346237,0.416521,0.537556,0.163905,0.346587
2022-07-23 14:40:00,0.341386,0.573609,0.56656,0.593847,0.600794,0.351733,0.421636,0.524286,0.211149,0.361475
2022-07-23 14:45:00,0.34151,0.541334,0.532302,0.583205,0.587693,0.347791,0.426513,0.510129,0.263579,0.3743
2022-07-23 14:50:00,0.344858,0.519431,0.501273,0.571512,0.565971,0.349573,0.418184,0.487639,0.296893,0.365467
2022-07-23 14:55:00,0.351628,0.514266,0.483563,0.558279,0.536064,0.357197,0.393109,0.457594,0.293987,0.328909
2022-07-23 15:00:00,0.35847,0.518078,0.474288,0.543901,0.503166,0.368069,0.362454,0.424541,0.270269,0.27766
2022-07-23 15:05:00,0.361265,0.513328,0.472808,0.530176,0.469647,0.357895,0.350315,0.403355,0.253147,0.240791
2022-07-23 15:10:00,0.357858,0.495833,0.476428,0.517123,0.444604,0.323613,0.360038,0.399048,0.254646,0.235346
2022-07-23 15:15:00,0.350707,0.471304,0.480363,0.503456,0.425942,0.276981,0.377179,0.402662,0.266969,0.248821
2022-07-23 15:20:00,0.347611,0.452842,0.470118,0.480971,0.410198,0.256215,0.385546,0.401558,0.273792,0.262856
2022-07-23 15:25:00,0.348692,0.444497,0.440467,0.447566,0.402485,0.274782,0.379151,0.391242,0.269137,0.266834
2022-07-23 15:30:00,0.349503,0.440906,0.401822,0.409252,0.397979,0.31288,0.365397,0.375814,0.258072,0.264502
2022-07-23 15:35:00,0.3457,0.432151,0.357975,0.37878,0.38744,0.332065,0.348515,0.359684,0.249483,0.271427
2022-07-23 15:40:00,0.333949,0.415846,0.318027,0.361495,0.369926,0.318996,0.3308,0.344145,0.247603,0.287116
2022-07-23 15:45:00,0.318087,0.395221,0.282243,0.352372,0.348793,0.288481,0.314027,0.328458,0.249122,0.304791
2022-07-23 15:50:00,0.296282,0.371453,0.261221,0.34741,0.32948,0.263423,0.303279,0.312539,0.250188,0.306433
2022-07-23 15:55:00,0.271222,0.345291,0.259721,0.344911,0.313951,0.251179,0.297908,0.295803,0.248642,0.287847
2022-07-23 16:00:00,0.246876,0.319857,0.268379,0.340846,0.30093,0.246102,0.294171,0.278826,0.2441,0.259942
2022-07-23 16:05:00,0.22846,0.29749,0.279543,0.332571,0.290006,0.23755,0.290459,0.261886,0.23633,0.237896
2022-07-23 16:10:00,0.215638,0.280861,0.286345,0.31631,0.281162,0.223962,0.284396,0.245089,0.224832,0.225631
2022-07-23 16:15:00,0.204931,0.266916,0.287199,0.297053,0.272609,0.208247,0.27545,0.228367,0.211425,0.218063
2022-07-23 16:20:00,0.195048,0.25202,0.277173,0.275172,0.259524,0.195992,0.262938,0.209881,0.194922,0.206901
2022-07-23 16:25:00,0.184498,0.236026,0.25691,0.252573,0.242024,0.18907,0.247487,0.191001,0.177157,0.190327
2022-07-23 16:30:00,0.171789,0.220327,0.23473,0.2313,0.224092,0.184463,0.230249,0.175137,0.160975,0.171804
2022-07-23 16:35:00,0.155487,0.208192,0.217749,0.214207,0.207112,0.18008,0.213273,0.164225,0.149494,0.155381
2022-07-23 16:40:00,0.1398,0.199411,0.205648,0.201419,0.193321,0.174026,0.195574,0.154219,0.141904,0.142924
2022-07-23 16:45:00,0.129512,0.191263,0.194563,0.190322,0.180955,0.1658,0.17818,0.141341,0.134614,0.132902
2022-07-23 16:50:00,0.123581,0.181774,0.181403,0.17899,0.171775,0.153943,0.161573,0.126415,0.125857,0.124706
2022-07-23 16:55:00,0.115079,0.17035,0.167588,0.167579,0.164849,0.140636,0.145406,0.112444,0.116346,0.118683
2022-07-23 17:00:00,0.10141,0.156936,0.15538,0.156821,0.158277,0.129242,0.130075,0.100698,0.107297,0.113895
2022-07-23 17:05:00,0.085131,0.142379,0.145584,0.147426,0.148563,0.12092,0.116317,0.090478,0.098356,0.109386
2022-07-23 17:10:00,0.070872,0.128715,0.13682,0.138971,0.137249,0.113894,0.107605,0.083315,0.089796,0.104394
2022-07-23 17:15:00,0.059443,0.117569,0.127549,0.130521,0.127106,0.106754,0.1056,0.080283,0.082194,0.099114
2022-07-23 17:20:00,0.052052,0.108764,0.117482,0.121335,0.119404,0.098456,0.106902,0.078645,0.075884,0.093662
2022-07-23 17:25:00,0.049809,0.101726,0.107243,0.112419,0.113151,0.089287,0.104399,0.074003,0.070265,0.087882
2022-07-23 17:30:00,0.051758,0.096631,0.0972,0.104627,0.106785,0.080028,0.097608,0.066024,0.064931,0.082031
2022-07-23 17:35:00,0.054223,0.092043,0.085814,0.095272,0.098991,0.071784,0.084898,0.057969,0.059583,0.076261
2022-07-23 17:40:00,0.051629,0.085842,0.07275,0.082087,0.089177,0.06526,0.066884,0.052617,0.054348,0.069961
2022-07-23 17:45:00,0.04613,0.078395,0.059293,0.066116,0.078037,0.059935,0.048452,0.048395,0.049052,0.063973
2022-07-23 17:50:00,0.041239,0.069736,0.048218,0.05208,0.066761,0.055263,0.037425,0.044605,0.043864,0.059282
2022-07-23 17:55:00,0.038307,0.060916,0.042968,0.044234,0.056365,0.050539,0.032877,0.041677,0.038452,0.054694
2022-07-23 18:00:00,0.036544,0.053653,0.041855,0.042109,0.048921,0.045696,0.031718,0.03934,0.03301,0.050202
2022-07-23 18:05:00,0.034985,0.047977,0.041332,0.04121,0.043191,0.041208,0.031566,0.037153,0.028479,0.045109
2022-07-23 18:10:00,0.033373,0.044674,0.04065,0.040343,0.040334,0.037252,0.031201,0.034862,0.025502,0.03939
2022-07-23 18:15:00,0.031491,0.042867,0.039677,0.03934,0.039102,0.033675,0.030805,0.032298,0.023434,0.033392
2022-07-23 18:20:00,0.029233,0.041315,0.038523,0.038197,0.038109,0.030514,0.03023,0.029187,0.020706,0.028047
2022-07-23 18:25:00,0.026625,0.039445,0.03722,0.036905,0.036877,0.02767,0.029404,0.025715,0.016008,0.023961
2022-07-23 18:30:00,0.023654,0.037129,0.03558,0.035293,0.03526,0.024855,0.028281,0.022001,0.009996,0.020933
2022-07-23 18:35:00,0.020316,0.034244,0.033499,0.033215,0.033313,0.021424,0.026725,0.017809,0.004375,0.01771
2022-07-23 18:40:00,0.016731,0.030977,0.030914,0.030651,0.030949,0.017458,0.02465,0.013314,0.000618,0.013687
2022-07-23 18:45:00,0.012938,0.02761,0.027815,0.027573,0.028088,0.013298,0.022301,0.008921,0.0,0.009058
2022-07-23 18:50:00,0.008998,0.023202,0.024438,0.023971,0.024592,0.009484,0.019824,0.005109,0.0,0.004652
2022-07-23 18:55:00,0.005324,0.017741,0.02094,0.019966,0.020697,0.006349,0.017036,0.002239,0.0,0.001481
2022-07-23 19:00:00,0.00191,0.011827,0.017162,0.015529,0.016565,0.003675,0.013939,0.000132,0.0,0.0
2022-07-23 19:05:00,0.0,0.006695,0.013087,0.010846,0.01236,0.001246,0.010409,0.0,0.0,0.0
2022-07-23 19:10:00,0.0,0.003194,0.008839,0.006557,0.008242,0.0,0.006656,0.0,0.0,0.0
2022-07-23 19:15:00,0.0,0.000803,0.004647,0.002898,0.004407,0.0,0.003086,0.0,0.0,0.0
2022-07-23 19:20:00,0.0,0.0,0.001092,0.000117,0.001228,0.0,0.000273,0.0,0.0,0.0
2022-07-23 19:25:00,0.0,0.0,0.0,0.0,0.0,0.0,0.0,0.0,0.0,0.0
2022-07-23 19:30:00,0.0,0.0,0.0,0.0,0.0,0.0,0.0,0.0,0.0,0.0
2022-07-23 19:35:00,0.0,0.0,0.0,0.0,0.0,0.0,0.0,0.0,0.0,0.0
2022-07-23 19:40:00,0.0,0.0,0.0,0.0,0.0,0.0,0.0,0.0,0.0,0.0
2022-07-23 19:45:00,0.0,0.0,0.0,0.0,0.0,0.0,0.0,0.0,0.0,0.0
2022-07-23 19:50:00,0.0,0.0,0.0,0.0,0.0,0.0,0.0,0.0,0.0,0.0
2022-07-23 19:55:00,0.0,0.0,0.0,0.0,0.0,0.0,0.0,0.0,0.0,0.0
2022-07-23 20:00:00,0.0,0.0,0.0,0.0,0.0,0.0,0.0,0.0,0.0,0.0
2022-07-23 20:05:00,0.0,0.0,0.0,0.0,0.0,0.0,0.0,0.0,0.0,0.0
2022-07-23 20:10:00,0.0,0.0,0.0,0.0,0.0,0.0,0.0,0.0,0.0,0.0
2022-07-23 20:15:00,0.0,0.0,0.0,0.0,0.0,0.0,0.0,0.0,0.0,0.0
2022-07-23 20:20:00,0.0,0.0,0.0,0.0,0.0,0.0,0.0,0.0,0.0,0.0
2022-07-23 20:25:00,0.0,0.0,0.0,0.0,0.0,0.0,0.0,0.0,0.0,0.0
2022-07-23 20:30:00,0.0,0.0,0.0,0.0,0.0,0.0,0.0,0.0,0.0,0.0
2022-07-23 20:35:00,0.0,0.0,0.0,0.0,0.0,0.0,0.0,0.0,0.0,0.0
2022-07-23 20:40:00,0.0,0.0,0.0,0.0,0.0,0.0,0.0,0.0,0.0,0.0
2022-07-23 20:45:00,0.0,0.0,0.0,0.0,0.0,0.0,0.0,0.0,0.0,0.0
2022-07-23 20:50:00,0.0,0.0,0.0,0.0,0.0,0.0,0.0,0.0,0.0,0.0
2022-07-23 20:55:00,0.0,0.0,0.0,0.0,0.0,0.0,0.0,0.0,0.0,0.0
2022-07-23 21:00:00,0.0,0.0,0.0,0.0,0.0,0.0,0.0,0.0,0.0,0.0
2022-07-23 21:05:00,0.0,0.0,0.0,0.0,0.0,0.0,0.0,0.0,0.0,0.0
2022-07-23 21:10:00,0.0,0.0,0.0,0.0,0.0,0.0,0.0,0.0,0.0,0.0
2022-07-23 21:15:00,0.0,0.0,0.0,0.0,0.0,0.0,0.0,0.0,0.0,0.0
2022-07-23 21:20:00,0.0,0.0,0.0,0.0,0.0,0.0,0.0,0.0,0.0,0.0
2022-07-23 21:25:00,0.0,0.0,0.0,0.0,0.0,0.0,0.0,0.0,0.0,0.0
2022-07-23 21:30:00,0.0,0.0,0.0,0.0,0.0,0.0,0.0,0.0,0.0,0.0
2022-07-23 21:35:00,0.0,0.0,0.0,0.0,0.0,0.0,0.0,0.0,0.0,0.0
2022-07-23 21:40:00,0.0,0.0,0.0,0.0,0.0,0.0,0.0,0.0,0.0,0.0
2022-07-23 21:45:00,0.0,0.0,0.0,0.0,0.0,0.0,0.0,0.0,0.0,0.0
2022-07-23 21:50:00,0.0,0.0,0.0,0.0,0.0,0.0,0.0,0.0,0.0,0.0
2022-07-23 21:55:00,0.0,0.0,0.0,0.0,0.0,0.0,0.0,0.0,0.0,0.0
2022-07-23 22:00:00,0.0,0.0,0.0,0.0,0.0,0.0,0.0,0.0,0.0,0.0
2022-07-23 22:05:00,0.0,0.0,0.0,0.0,0.0,0.0,0.0,0.0,0.0,0.0
2022-07-23 22:10:00,0.0,0.0,0.0,0.0,0.0,0.0,0.0,0.0,0.0,0.0
2022-07-23 22:15:00,0.0,0.0,0.0,0.0,0.0,0.0,0.0,0.0,0.0,0.0
2022-07-23 22:20:00,0.0,0.0,0.0,0.0,0.0,0.0,0.0,0.0,0.0,0.0
2022-07-23 22:25:00,0.0,0.0,0.0,0.0,0.0,0.0,0.0,0.0,0.0,0.0
2022-07-23 22:30:00,0.0,0.0,0.0,0.0,0.0,0.0,0.0,0.0,0.0,0.0
2022-07-23 22:35:00,0.0,0.0,0.0,0.0,0.0,0.0,0.0,0.0,0.0,0.0
2022-07-23 22:40:00,0.0,0.0,0.0,0.0,0.0,0.0,0.0,0.0,0.0,0.0
2022-07-23 22:45:00,0.0,0.0,0.0,0.0,0.0,0.0,0.0,0.0,0.0,0.0
2022-07-23 22:50:00,0.0,0.0,0.0,0.0,0.0,0.0,0.0,0.0,0.0,0.0
2022-07-23 22:55:00,0.0,0.0,0.0,0.0,0.0,0.0,0.0,0.0,0.0,0.0
2022-07-23 23:00:00,0.0,0.0,0.0,0.0,0.0,0.0,0.0,0.0,0.0,0.0
2022-07-23 23:05:00,0.0,0.0,0.0,0.0,0.0,0.0,0.0,0.0,0.0,0.0
2022-07-23 23:10:00,0.0,0.0,0.0,0.0,0.0,0.0,0.0,0.0,0.0,0.0
2022-07-23 23:15:00,0.0,0.0,0.0,0.0,0.0,0.0,0.0,0.0,0.0,0.0
2022-07-23 23:20:00,0.0,0.0,0.0,0.0,0.0,0.0,0.0,0.0,0.0,0.0
2022-07-23 23:25:00,0.0,0.0,0.0,0.0,0.0,0.0,0.0,0.0,0.0,0.0
2022-07-23 23:30:00,0.0,0.0,0.0,0.0,0.0,0.0,0.0,0.0,0.0,0.0
2022-07-23 23:35:00,0.0,0.0,0.0,0.0,0.0,0.0,0.0,0.0,0.0,0.0
2022-07-23 23:40:00,0.0,0.0,0.0,0.0,0.0,0.0,0.0,0.0,0.0,0.0
2022-07-23 23:45:00,0.0,0.0,0.0,0.0,0.0,0.0,0.0,0.0,0.0,0.0
2022-07-23 23:50:00,0.0,0.0,0.0,0.0,0.0,0.0,0.0,0.0,0.0,0.0
2022-07-23 23:55:00,0.0,0.0,0.0,0.0,0.0,0.0,0.0,0.0,0.0,0.0
2022-07-24 00:00:00,0.0,0.0,0.0,0.0,0.0,0.0,0.0,0.0,0.0,0.0
2022-07-24 00:05:00,0.0,0.0,0.0,0.0,0.0,0.0,0.0,0.0,0.0,0.0
2022-07-24 00:10:00,0.0,0.0,0.0,0.0,0.0,0.0,0.0,0.0,0.0,0.0
2022-07-24 00:15:00,0.0,0.0,0.0,0.0,0.0,0.0,0.0,0.0,0.0,0.0
2022-07-24 00:20:00,0.0,0.0,0.0,0.0,0.0,0.0,0.0,0.0,0.0,0.0
2022-07-24 00:25:00,0.0,0.0,0.0,0.0,0.0,0.0,0.0,0.0,0.0,0.0
2022-07-24 00:30:00,0.0,0.0,0.0,0.0,0.0,0.0,0.0,0.0,0.0,0.0
2022-07-24 00:35:00,0.0,0.0,0.0,0.0,0.0,0.0,0.0,0.0,0.0,0.0
2022-07-24 00:40:00,0.0,0.0,0.0,0.0,0.0,0.0,0.0,0.0,0.0,0.0
2022-07-24 00:45:00,0.0,0.0,0.0,0.0,0.0,0.0,0.0,0.0,0.0,0.0
2022-07-24 00:50:00,0.0,0.0,0.0,0.0,0.0,0.0,0.0,0.0,0.0,0.0
2022-07-24 00:55:00,0.0,0.0,0.0,0.0,0.0,0.0,0.0,0.0,0.0,0.0
2022-07-24 01:00:00,0.0,0.0,0.0,0.0,0.0,0.0,0.0,0.0,0.0,0.0
2022-07-24 01:05:00,0.0,0.0,0.0,0.0,0.0,0.0,0.0,0.0,0.0,0.0
2022-07-24 01:10:00,0.0,0.0,0.0,0.0,0.0,0.0,0.0,0.0,0.0,0.0
2022-07-24 01:15:00,0.0,0.0,0.0,0.0,0.0,0.0,0.0,0.0,0.0,0.0
2022-07-24 01:20:00,0.0,0.0,0.0,0.0,0.0,0.0,0.0,0.0,0.0,0.0
2022-07-24 01:25:00,0.0,0.0,0.0,0.0,0.0,0.0,0.0,0.0,0.0,0.0
2022-07-24 01:30:00,0.0,0.0,0.0,0.0,0.0,0.0,0.0,0.0,0.0,0.0
2022-07-24 01:35:00,0.0,0.0,0.0,0.0,0.0,0.0,0.0,0.0,0.0,0.0
2022-07-24 01:40:00,0.0,0.0,0.0,0.0,0.0,0.0,0.0,0.0,0.0,0.0
2022-07-24 01:45:00,0.0,0.0,0.0,0.0,0.0,0.0,0.0,0.0,0.0,0.0
2022-07-24 01:50:00,0.0,0.0,0.0,0.0,0.0,0.0,0.0,0.0,0.0,0.0
2022-07-24 01:55:00,0.0,0.0,0.0,0.0,0.0,0.0,0.0,0.0,0.0,0.0
2022-07-24 02:00:00,0.0,0.0,0.0,0.0,0.0,0.0,0.0,0.0,0.0,0.0
2022-07-24 02:05:00,0.0,0.0,0.0,0.0,0.0,0.0,0.0,0.0,0.0,0.0
2022-07-24 02:10:00,0.0,0.0,0.0,0.0,0.0,0.0,0.0,0.0,0.0,0.0
2022-07-24 02:15:00,0.0,0.0,0.0,0.0,0.0,0.0,0.0,0.0,0.0,0.0
2022-07-24 02:20:00,0.0,0.0,0.0,0.0,0.0,0.0,0.0,0.0,0.0,0.0
2022-07-24 02:25:00,0.0,0.0,0.0,0.0,0.0,0.0,0.0,0.0,0.0,0.0
2022-07-24 02:30:00,0.0,0.0,0.0,0.0,0.0,0.0,0.0,0.0,0.0,0.0
2022-07-24 02:35:00,0.0,0.0,0.0,0.0,0.0,0.0,0.0,0.0,0.0,0.0
2022-07-24 02:40:00,0.0,0.0,0.0,0.0,0.0,0.0,0.0,0.0,0.0,0.0
2022-07-24 02:45:00,0.0,0.0,0.0,0.0,0.0,0.0,0.0,0.0,0.0,0.0
2022-07-24 02:50:00,0.0,0.0,0.0,0.0,0.0,0.0,0.0,0.0,0.0,0.0
2022-07-24 02:55:00,0.0,0.0,0.0,0.0,0.0,0.0,0.0,0.0,0.0,0.0
2022-07-24 03:00:00,0.0,0.0,0.0,0.0,0.0,0.0,0.0,0.0,0.0,0.0
2022-07-24 03:05:00,0.0,0.0,0.0,0.0,0.0,0.0,0.0,0.0,0.0,0.0
2022-07-24 03:10:00,0.0,0.0,0.0,0.0,0.0,0.0,0.0,0.0,0.0,0.0
2022-07-24 03:15:00,0.0,0.0,0.0,0.0,0.0,0.0,0.0,0.0,0.0,0.0
2022-07-24 03:20:00,0.0,0.0,0.0,0.0,0.0,0.0,0.0,0.0,0.0,0.0
2022-07-24 03:25:00,0.0,0.0,0.0,0.0,0.0,0.0,0.0,0.0,0.0,0.0
2022-07-24 03:30:00,0.003172,0.0,0.0,0.0,0.0,0.0,0.0,0.0,0.0,0.0
2022-07-24 03:35:00,0.007048,0.0,0.0,0.0,0.0,0.0,0.00154,0.000599,0.0,0.0
2022-07-24 03:40:00,0.010701,0.0,0.0,0.0,0.0,0.0,0.003977,0.003029,0.0,0.0
2022-07-24 03:45:00,0.014085,0.0,0.0,0.0,0.0,0.0,0.006662,0.005651,0.0,0.0
2022-07-24 03:50:00,0.017278,0.0,0.0,0.0,0.0,0.0,0.009222,0.008261,0.0,0.0
2022-07-24 03:55:00,0.020253,0.0,0.0,0.0,0.0,0.0,0.0117,0.010792,0.0007,0.0
2022-07-24 04:00:00,0.022953,0.0,0.001299,0.0,0.0,0.002045,0.014126,0.013379,0.004714,0.001126
2022-07-24 04:05:00,0.025319,0.001078,0.004382,0.000525,0.002282,0.005552,0.016818,0.016171,0.008888,0.003778
2022-07-24 04:10:00,0.02739,0.002921,0.007317,0.003213,0.005585,0.00912,0.019888,0.019039,0.012933,0.006699
2022-07-24 04:15:00,0.0293,0.00498,0.010295,0.006462,0.009095,0.01282,0.022902,0.021908,0.017017,0.009989
2022-07-24 04:20:00,0.030801,0.008074,0.013876,0.010616,0.013257,0.016909,0.025532,0.025076,0.021036,0.013784
2022-07-24 04:25:00,0.031674,0.012207,0.017942,0.015531,0.01806,0.021087,0.027585,0.028907,0.024817,0.017871
2022-07-24 04:30:00,0.032248,0.017097,0.02231,0.02087,0.023172,0.025054,0.029037,0.033047,0.028607,0.022189
2022-07-24 04:35:00,0.032772,0.022008,0.026567,0.026154,0.028006,0.02965,0.030133,0.036481,0.032643,0.026872
2022-07-24 04:40:00,0.033323,0.026402,0.030697,0.031016,0.032307,0.034322,0.031014,0.038495,0.036765,0.032018
2022-07-24 04:45:00,0.03388,0.030369,0.034261,0.035495,0.036411,0.038898,0.031679,0.039548,0.040924,0.037266
2022-07-24 04:50:00,0.03431,0.034643,0.036601,0.039516,0.04071,0.039408,0.032285,0.040154,0.04571,0.042463
2022-07-24 04:55:00,0.034552,0.039741,0.037776,0.044001,0.045168,0.035857,0.033054,0.040378,0.051286,0.047631
2022-07-24 05:00:00,0.034679,0.045287,0.038525,0.048501,0.049549,0.029727,0.03383,0.040328,0.057108,0.052637
2022-07-24 05:05:00,0.038091,0.050672,0.040771,0.053145,0.054044,0.028697,0.034552,0.040223,0.061972,0.057649
2022-07-24 05:10:00,0.043762,0.055692,0.045812,0.0579,0.058643,0.036916,0.035337,0.042942,0.065753,0.063079
2022-07-24 05:15:00,0.05166,0.060281,0.053062,0.062711,0.06328,0.0509,0.0372,0.048127,0.069361,0.068588
2022-07-24 05:20:00,0.062207,0.065428,0.060885,0.067442,0.068393,0.064305,0.043288,0.056079,0.072448,0.073677
2022-07-24 05:25:00,0.07535,0.071671,0.068146,0.071911,0.074088,0.074559,0.052637,0.066917,0.076823,0.07921
2022-07-24 05:30:00,0.089989,0.078693,0.076381,0.076288,0.080202,0.082813,0.064695,0.079495,0.08345,0.084772
2022-07-24 05:35:00,0.104982,0.083927,0.084947,0.076613,0.082516,0.088842,0.079717,0.092459,0.092226,0.088983
2022-07-24 05:40:00,0.119974,0.087567,0.093663,0.074031,0.081685,0.093601,0.097126,0.105368,0.101833,0.091766
2022-07-24 05:45:00,0.135399,0.091301,0.102197,0.072215,0.081363,0.099041,0.114649,0.118859,0.111814,0.095314
2022-07-24 05:50:00,0.151461,0.095221,0.106858,0.07597,0.088317,0.107839,0.129885,0.133556,0.122986,0.101721
2022-07-24 05:55:00,0.168142,0.099732,0.109868,0.085757,0.101682,0.119494,0.141417,0.149332,0.135391,0.110968
2022-07-24 06:00:00,0.185452,0.105805,0.114771,0.098481,0.116481,0.131744,0.149678,0.165434,0.148336,0.121999
2022-07-24 06:05:00,0.203455,0.114947,0.125849,0.111932,0.126997,0.14254,0.15706,0.181624,0.161542,0.134244
2022-07-24 06:10:00,0.221998,0.127034,0.140431,0.125548,0.133791,0.152637,0.167288,0.198058,0.175056,0.147607
2022-07-24 06:15:00,0.240925,0.141027,0.154907,0.139682,0.142827,0.163625,0.181752,0.214931,0.189221,0.162101
2022-07-24 06:20:00,0.259931,0.156215,0.166928,0.154798,0.156764,0.175974,0.197698,0.232343,0.204152,0.177581
2022-07-24 06:25:00,0.278213,0.172014,0.178226,0.170546,0.172996,0.18908,0.214904,0.249897,0.219524,0.193511
2022-07-24 06:30:00,0.295472,0.187805,0.192307,0.186255,0.189031,0.202469,0.233981,0.267362,0.235079,0.209531
2022-07-24 06:35:00,0.31297,0.203652,0.209617,0.201989,0.204887,0.216523,0.254511,0.285109,0.250759,0.225749
2022-07-24 06:40:00,0.33092,0.219898,0.22768,0.21814,0.221178,0.232349,0.274166,0.302578,0.266369,0.242011
2022-07-24 06:45:00,0.349518,0.236642,0.245275,0.234773,0.237957,0.25066,0.292582,0.319613,0.281918,0.258321
2022-07-24 06:50:00,0.368208,0.25369,0.262814,0.251661,0.25503,0.270253,0.310499,0.336456,0.297563,0.274769
2022-07-24 06:55:00,0.386351,0.270366,0.279767,0.268621,0.271623,0.288887,0.328132,0.353355,0.313211,0.291245
2022-07-24 07:00:00,0.403906,0.286503,0.29585,0.285757,0.287467,0.306273,0.34561,0.370457,0.329062,0.307966
2022-07-24 07:05:00,0.421197,0.302708,0.311553,0.303242,0.302973,0.323272,0.363199,0.388051,0.345241,0.325121
2022-07-24 07:10:00,0.437688,0.319427,0.328237,0.321017,0.319503,0.339971,0.380842,0.405763,0.361311,0.342056
2022-07-24 07:15:00,0.45306,0.336683,0.345324,0.338863,0.33651,0.356129,0.398366,0.42333,0.376901,0.358371
2022-07-24 07:20:00,0.468376,0.354258,0.362071,0.35624,0.353665,0.372035,0.415678,0.440717,0.392196,0.374364
2022-07-24 07:25:00,0.483651,0.371343,0.377639,0.372321,0.370827,0.388028,0.43246,0.457575,0.407489,0.390361
2022-07-24 07:30:00,0.499078,0.387897,0.392226,0.387313,0.388155,0.404225,0.448828,0.473912,0.422983,0.406506
2022-07-24 07:35:00,0.514821,0.404749,0.407143,0.402427,0.405433,0.420567,0.465193,0.490281,0.438412,0.42274
2022-07-24 07:40:00,0.530763,0.421831,0.423048,0.418506,0.422425,0.436742,0.481365,0.506386,0.45323,0.43824
2022-07-24 07:45:00,0.546547,0.438677,0.439575,0.435198,0.439105,0.452681,0.496951,0.521756,0.467586,0.452966
2022-07-24 07:50:00,0.561713,0.454813,0.456089,0.451177,0.455054,0.468618,0.511407,0.536186,0.481793,0.467681
2022-07-24 07:55:00,0.576105,0.469273,0.472131,0.465317,0.469247,0.484652,0.523852,0.548907,0.49596,0.482542
2022-07-24 08:00:00,0.589932,0.482316,0.487776,0.478205,0.481819,0.500713,0.534946,0.560243,0.510151,0.497337
2022-07-24 08:05:00,0.603688,0.495548,0.503199,0.49118,0.495016,0.516542,0.546683,0.571911,0.524707,0.512034
2022-07-24 08:10:00,0.617419,0.509866,0.518488,0.505383,0.509173,0.532039,0.559956,0.584744,0.539294,0.525878
2022-07-24 08:15:00,0.630997,0.524857,0.53365,0.520295,0.52405,0.547092,0.573849,0.598269,0.553625,0.538724
2022-07-24 08:20:00,0.644104,0.53962,0.548304,0.535124,0.538751,0.561047,0.587316,0.611583,0.567628,0.551351
2022-07-24 08:25:00,0.656084,0.55341,0.562016,0.549188,0.552604,0.573066,0.599667,0.624072,0.580704,0.564076
2022-07-24 08:30:00,0.667135,0.566435,0.574933,0.562464,0.56567,0.583623,0.611006,0.63575,0.592766,0.576634
2022-07-24 08:35:00,0.678272,0.579705,0.587872,0.575696,0.578686,0.594477,0.62245,0.64736,0.596662,0.589941
2022-07-24 08:40:00,0.689487,0.593263,0.601073,0.589096,0.592054,0.606465,0.634355,0.659142,0.591051,0.603309
2022-07-24 08:45:00,0.70039,0.606432,0.614186,0.602332,0.605458,0.619114,0.646164,0.670858,0.579065,0.615873
2022-07-24 08:50:00,0.710527,0.619141,0.626792,0.614974,0.618178,0.631516,0.657243,0.682006,0.563338,0.622804
2022-07-24 08:55:00,0.719518,0.630589,0.638168,0.626647,0.629655,0.642776,0.667002,0.691756,0.555141,0.621162
2022-07-24 09:00:00,0.727744,0.641301,0.648444,0.637471,0.640056,0.65299,0.672792,0.700283,0.552579,0.612473
2022-07-24 09:05:00,0.736568,0.652136,0.65882,0.648331,0.650608,0.663389,0.680769,0.708951,0.554912,0.598923
2022-07-24 09:10:00,0.746677,0.663221,0.66953,0.659271,0.661562,0.673989,0.682754,0.717862,0.566576,0.583373
2022-07-24 09:15:00,0.757343,0.674263,0.680233,0.670051,0.672408,0.684364,0.679697,0.726578,0.584275,0.567106
2022-07-24 09:20:00,0.767001,0.684676,0.690285,0.680345,0.682544,0.694246,0.646401,0.734645,0.610499,0.544248
2022-07-24 09:25:00,0.774266,0.693417,0.698764,0.689778,0.691346,0.702932,0.58184,0.741956,0.643285,0.519411
2022-07-24 09:30:00,0.77975,0.700732,0.705884,0.698464,0.699084,0.71068,0.502263,0.748752,0.678464,0.494154
2022-07-24 09:35:00,0.78558,0.708297,0.713375,0.706971,0.706889,0.719002,0.445506,0.755769,0.709418,0.45601
2022-07-24 09:40:00,0.792756,0.7163,0.721247,0.715161,0.714877,0.728537,0.44734,0.763856,0.727752,0.412449
2022-07-24 09:45:00,0.800492,0.724113,0.728844,0.722912,0.722617,0.73842,0.483957,0.772422,0.736246,0.366709
2022-07-24 09:50:00,0.807244,0.731366,0.735803,0.729989,0.729801,0.747408,0.502326,0.779772,0.727833,0.353581
2022-07-24 09:55:00,0.811958,0.738061,0.741949,0.735789,0.736428,0.75471,0.501841,0.784535,0.697879,0.390462
2022-07-24 10:00:00,0.815303,0.744408,0.74776,0.740764,0.742711,0.760639,0.496399,0.787297,0.652326,0.458309
2022-07-24 10:05:00,0.818571,0.75096,0.753977,0.746625,0.749208,0.765791,0.524423,0.790434,0.593306,0.523581
2022-07-24 10:10:00,0.822364,0.758102,0.761026,0.753813,0.756349,0.770487,0.602434,0.794993,0.533951,0.564935
2022-07-24 10:15:00,0.826474,0.765618,0.768405,0.761504,0.764014,0.77507,0.6969,0.8002,0.476595,0.588579
2022-07-24 10:20:00,0.830174,0.772668,0.775354,0.768701,0.771333,0.779594,0.766027,0.805054,0.436492,0.602111
2022-07-24 10:25:00,0.832627,0.778409,0.780779,0.774464,0.777233,0.783651,0.795457,0.808916,0.428301,0.603198
2022-07-24 10:30:00,0.834149,0.782975,0.784775,0.779059,0.78182,0.787191,0.802788,0.812109,0.442462,0.596546
2022-07-24 10:35:00,0.836195,0.787749,0.788779,0.783608,0.786392,0.791161,0.805529,0.815472,0.454657,0.598113
2022-07-24 10:40:00,0.839443,0.792584,0.793116,0.788135,0.791042,0.795399,0.808517,0.819574,0.459274,0.612482
2022-07-24 10:45:00,0.843016,0.796963,0.797317,0.792277,0.794779,0.798806,0.811377,0.823897,0.459235,0.635466
2022-07-24 10:50:00,0.845372,0.80046,0.800865,0.796124,0.799016,0.80268,0.813465,0.826962,0.463505,0.656287
2022-07-24 10:55:00,0.845096,0.80262,0.803546,0.799391,0.801789,0.805272,0.814464,0.827419,0.479566,0.670712
2022-07-24 11:00:00,0.843299,0.803639,0.805728,0.801964,0.803455,0.807446,0.814109,0.825928,0.50194,0.681228
2022-07-24 11:05:00,0.842037,0.804798,0.808027,0.804287,0.806458,0.80103,0.799374,0.825114,0.525583,0.682846
2022-07-24 11:10:00,0.841695,0.806142,0.811014,0.805951,0.809538,0.785526,0.771037,0.825647,0.543692,0.678023
2022-07-24 11:15:00,0.841715,0.807272,0.814191,0.80689,0.812277,0.764305,0.735751,0.826708,0.555898,0.669213
2022-07-24 11:20:00,0.841923,0.808101,0.816073,0.807611,0.805491,0.753989,0.706159,0.827774,0.551248,0.650013
2022-07-24 11:25:00,0.841739,0.80841,0.815271,0.808067,0.785149,0.763837,0.694311,0.828827,0.521127,0.623821
2022-07-24 11:30:00,0.840761,0.808216,0.812765,0.808088,0.756357,0.785699,0.692016,0.82964,0.476764,0.593494
2022-07-24 11:35:00,0.83939,0.80849,0.810816,0.808438,0.740809,0.804803,0.699006,0.829636,0.452618,0.568961
2022-07-24 11:40:00,0.837235,0.80905,0.809931,0.809058,0.750719,0.813333,0.709133,0.828301,0.464969,0.559344
2022-07-24 11:45:00,0.834237,0.809454,0.809571,0.809523,0.776046,0.814624,0.721339,0.825982,0.501598,0.559433
2022-07-24 11:50:00,0.83101,0.809694,0.809525,0.809967,0.798138,0.813893,0.711203,0.823194,0.54756,0.591685
2022-07-24 11:55:00,0.828168,0.809945,0.809833,0.81041,0.808469,0.813196,0.683676,0.820144,0.592893,0.651952
2022-07-24 12:00:00,0.825477,0.809899,0.810005,0.810498,0.810903,0.812367,0.646928,0.816546,0.634692,0.724415
2022-07-24 12:05:00,0.822472,0.809103,0.809299,0.809746,0.810414,0.810631,0.624361,0.812498,0.657197,0.77912
2022-07-24 12:10:00,0.819037,0.80679,0.806915,0.807654,0.808125,0.807462,0.627474,0.807641,0.653848,0.800969
2022-07-24 12:15:00,0.815225,0.803325,0.803367,0.804567,0.80467,0.80332,0.64367,0.802298,0.633795,0.802494
2022-07-24 12:20:00,0.810785,0.799449,0.799626,0.801053,0.800873,0.798816,0.656993,0.797394,0.600727,0.790511
2022-07-24 12:25:00,0.805621,0.795519,0.79625,0.797138,0.796919,0.794335,0.661682,0.793505,0.562454,0.768977
2022-07-24 12:30:00,0.799915,0.791301,0.79281,0.792736,0.792478,0.790026,0.661071,0.790231,0.521327,0.742016
2022-07-24 12:35:00,0.793701,0.787177,0.789238,0.788641,0.788377,0.785473,0.657095,0.786429,0.496551,0.72652
2022-07-24 12:40:00,0.78682,0.783046,0.785249,0.784657,0.784525,0.780746,0.651315,0.781274,0.496587,0.730692
2022-07-24 12:45:00,0.779507,0.778605,0.780844,0.780256,0.780528,0.775873,0.644342,0.775019,0.512553,0.746619
2022-07-24 12:50:00,0.772298,0.773795,0.776393,0.775309,0.776535,0.770621,0.632878,0.768429,0.528631,0.759631
2022-07-24 12:55:00,0.765062,0.768398,0.771648,0.769659,0.772746,0.764719,0.619192,0.762268,0.536944,0.76279
2022-07-24 13:00:00,0.757317,0.762324,0.766149,0.763445,0.768681,0.758251,0.604298,0.756187,0.539685,0.75936
2022-07-24 13:05:00,0.749104,0.75577,0.760143,0.756886,0.763573,0.751637,0.602297,0.749128,0.560977,0.753921
2022-07-24 13:10:00,0.739917,0.748774,0.75342,0.749949,0.757103,0.744543,0.611774,0.740417,0.599783,0.747945
2022-07-24 13:15:00,0.729907,0.741386,0.746087,0.74274,0.74984,0.736916,0.626538,0.730676,0.645812,0.741561
2022-07-24 13:20:00,0.719891,0.734052,0.738825,0.735533,0.742511,0.728987,0.631538,0.720984,0.668756,0.734425
2022-07-24 13:25:00,0.710281,0.727129,0.731867,0.728037,0.735011,0.721139,0.624698,0.711861,0.658778,0.726171
2022-07-24 13:30:00,0.700917,0.72023,0.724628,0.719965,0.726855,0.713473,0.613904,0.703108,0.628095,0.717009
2022-07-24 13:35:00,0.691309,0.712988,0.716259,0.712071,0.71823,0.705592,0.613364,0.694005,0.601487,0.708018
2022-07-24 13:40:00,0.681407,0.705453,0.706428,0.704617,0.708824,0.697236,0.628827,0.684479,0.589553,0.699232
2022-07-24 13:45:00,0.671214,0.697642,0.695828,0.697115,0.698813,0.688408,0.647725,0.674626,0.586849,0.690168
2022-07-24 13:50:00,0.660617,0.689474,0.685444,0.689116,0.688774,0.679126,0.661154,0.664372,0.576605,0.680687
2022-07-24 13:55:00,0.649379,0.680653,0.675619,0.680572,0.679266,0.669207,0.659538,0.653475,0.553997,0.670675
2022-07-24 14:00:00,0.637607,0.671248,0.66606,0.671697,0.670052,0.658769,0.650194,0.642043,0.524654,0.66014
2022-07-24 14:05:00,0.62551,0.661547,0.656447,0.662211,0.660547,0.648036,0.638233,0.630282,0.504678,0.649095
2022-07-24 14:10:00,0.613296,0.651609,0.646492,0.652259,0.65057,0.637067,0.624907,0.618399,0.501479,0.637772
2022-07-24 14:15:00,0.60084,0.641247,0.636052,0.641919,0.640151,0.625758,0.611083,0.606283,0.50746,0.626183
2022-07-24 14:20:00,0.587503,0.630213,0.625059,0.631094,0.629211,0.613967,0.597649,0.593556,0.498912,0.614292
2022-07-24 14:25:00,0.573161,0.618117,0.613536,0.619715,0.617739,0.601716,0.584625,0.580159,0.470225,0.602431
2022-07-24 14:30:00,0.558213,0.605255,0.601532,0.607956,0.605806,0.589122,0.571914,0.566285,0.43118,0.590087
2022-07-24 14:35:00,0.543534,0.592489,0.589151,0.595843,0.593632,0.576304,0.560033,0.552192,0.406936,0.577678
2022-07-24 14:40:00,0.528712,0.579997,0.576365,0.583496,0.581315,0.563125,0.549255,0.53779,0.409005,0.563998
2022-07-24 14:45:00,0.513886,0.567398,0.563319,0.570902,0.56869,0.549782,0.538522,0.523136,0.424046,0.549633
2022-07-24 14:50:00,0.49889,0.554246,0.55084,0.557752,0.5556,0.536918,0.52655,0.508136,0.441266,0.536434
2022-07-24 14:55:00,0.483521,0.540485,0.538995,0.543988,0.541913,0.524655,0.512943,0.492353,0.450333,0.523189
2022-07-24 15:00:00,0.467808,0.526448,0.527038,0.529978,0.527917,0.512329,0.498275,0.476132,0.453246,0.51007
2022-07-24 15:05:00,0.451854,0.512929,0.514323,0.516579,0.514507,0.498934,0.483258,0.460723,0.451188,0.496267
2022-07-24 15:10:00,0.435762,0.500252,0.500449,0.504069,0.501985,0.484309,0.468114,0.446412,0.441879,0.481258
2022-07-24 15:15:00,0.419707,0.487742,0.48564,0.491651,0.489528,0.469093,0.452864,0.432187,0.428003,0.465588
2022-07-24 15:20:00,0.404085,0.474391,0.470422,0.478348,0.476112,0.454005,0.437331,0.417111,0.41308,0.450112
2022-07-24 15:25:00,0.389186,0.460052,0.454701,0.463733,0.461323,0.439249,0.421498,0.400921,0.396788,0.435268
2022-07-24 15:30:00,0.374582,0.445164,0.438754,0.448191,0.445556,0.42464,0.405514,0.384161,0.379782,0.420472
2022-07-24 15:35:00,0.358804,0.42959,0.423401,0.43239,0.429352,0.409492,0.389474,0.367612,0.363721,0.404843
2022-07-24 15:40:00,0.341845,0.413529,0.408917,0.416482,0.412998,0.393284,0.373313,0.351762,0.347955,0.388183
2022-07-24 15:45:00,0.324342,0.397285,0.394509,0.400415,0.396611,0.376478,0.357054,0.336048,0.332223,0.371039
2022-07-24 15:50:00,0.307118,0.380812,0.379375,0.383991,0.380114,0.360131,0.340724,0.319633,0.312631,0.354058
2022-07-24 15:55:00,0.290478,0.364079,0.363191,0.367201,0.363478,0.344694,0.324168,0.302582,0.290253,0.337539
2022-07-24 16:00:00,0.273871,0.347287,0.346247,0.350257,0.346799,0.329429,0.30754,0.28534,0.268478,0.321142
2022-07-24 16:05:00,0.257089,0.330421,0.329073,0.333206,0.330091,0.31319,0.291128,0.267755,0.252053,0.304372
2022-07-24 16:10:00,0.23954,0.313549,0.311892,0.316268,0.313366,0.295926,0.274914,0.250124,0.240703,0.287133
2022-07-24 16:15:00,0.222085,0.296903,0.29477,0.299677,0.296827,0.278305,0.258994,0.232869,0.229972,0.269836
2022-07-24 16:20:00,0.204874,0.280468,0.277606,0.283335,0.28051,0.260798,0.243347,0.215812,0.216679,0.252858
2022-07-24 16:25:00,0.187913,0.264443,0.260566,0.267447,0.264663,0.24351,0.227791,0.199124,0.201249,0.236283
2022-07-24 16:30:00,0.171332,0.24869,0.24394,0.251813,0.249118,0.226664,0.212221,0.182936,0.185528,0.219834
2022-07-24 16:35:00,0.15511,0.232842,0.227745,0.236029,0.233424,0.210287,0.196891,0.16721,0.170363,0.203141
2022-07-24 16:40:00,0.139063,0.216757,0.211769,0.219999,0.217429,0.194205,0.181491,0.151579,0.155472,0.186445
2022-07-24 16:45:00,0.123079,0.200486,0.195737,0.203735,0.201224,0.178164,0.166709,0.135916,0.140678,0.169875
2022-07-24 16:50:00,0.107846,0.184157,0.179753,0.187261,0.184978,0.162211,0.152518,0.120741,0.126378,0.153498
2022-07-24 16:55:00,0.093469,0.168243,0.164297,0.170985,0.169125,0.146932,0.139023,0.106761,0.113349,0.137832
2022-07-24 17:00:00,0.080574,0.153013,0.149589,0.1553,0.153851,0.132626,0.126356,0.094026,0.101715,0.123174
2022-07-24 17:05:00,0.069092,0.138138,0.13502,0.140279,0.139138,0.119146,0.114445,0.081967,0.090707,0.109022
2022-07-24 17:10:00,0.05906,0.123195,0.120404,0.125901,0.125019,0.106481,0.103386,0.069912,0.07973,0.094835
2022-07-24 17:15:00,0.050637,0.108225,0.106003,0.112306,0.11169,0.094754,0.093162,0.05821,0.069198,0.080818
2022-07-24 17:20:00,0.043893,0.093922,0.092271,0.099773,0.099403,0.083709,0.083228,0.048076,0.059951,0.067997
2022-07-24 17:25:00,0.039059,0.081153,0.080027,0.08844,0.088277,0.07269,0.073111,0.040731,0.053141,0.057399
2022-07-24 17:30:00,0.036482,0.070086,0.069652,0.07826,0.078302,0.062004,0.063423,0.036299,0.04868,0.04905
2022-07-24 17:35:00,0.036429,0.060443,0.060766,0.068572,0.068859,0.052857,0.05535,0.034645,0.045312,0.042704
2022-07-24 17:40:00,0.036133,0.052266,0.053264,0.05883,0.059281,0.046379,0.04972,0.034807,0.042846,0.038384
2022-07-24 17:45:00,0.035659,0.045777,0.047318,0.049641,0.050156,0.042588,0.046612,0.034813,0.039584,0.036211
2022-07-24 17:50:00,0.035149,0.040966,0.043123,0.042169,0.044008,0.041504,0.045794,0.034734,0.036732,0.036606
2022-07-24 17:55:00,0.034572,0.038059,0.04122,0.037612,0.042074,0.041375,0.04474,0.034413,0.034914,0.036629
2022-07-24 18:00:00,0.033774,0.037983,0.040874,0.036785,0.044409,0.040806,0.043483,0.033724,0.033742,0.036418
2022-07-24 18:05:00,0.032773,0.037792,0.041031,0.036512,0.045593,0.039427,0.041997,0.032783,0.032439,0.036029
2022-07-24 18:10:00,0.03166,0.037532,0.041732,0.036154,0.043901,0.036998,0.040279,0.031732,0.030541,0.035416
2022-07-24 18:15:00,0.030271,0.037237,0.042606,0.035735,0.040523,0.033862,0.038488,0.030412,0.028037,0.034326
2022-07-24 18:20:00,0.028413,0.03683,0.042594,0.035188,0.037256,0.030755,0.036661,0.028538,0.024792,0.03221
2022-07-24 18:25:00,0.025953,0.036203,0.040913,0.034429,0.035172,0.0282,0.03462,0.026125,0.020957,0.028828
2022-07-24 18:30:00,0.022927,0.035098,0.038158,0.033318,0.033677,0.02594,0.032281,0.023284,0.016704,0.024733
2022-07-24 18:35:00,0.019284,0.032889,0.034438,0.031745,0.031871,0.02356,0.029058,0.019539,0.012405,0.020588
2022-07-24 18:40:00,0.015309,0.029184,0.03036,0.029728,0.029553,0.020772,0.02566,0.015136,0.008277,0.016794
2022-07-24 18:45:00,0.011235,0.024646,0.025968,0.027288,0.026885,0.01748,0.022006,0.010421,0.00446,0.013296
2022-07-24 18:50:00,0.007492,0.020287,0.021116,0.023351,0.022918,0.013863,0.0175,0.006174,0.001286,0.009931
2022-07-24 18:55:00,0.004407,0.016571,0.016117,0.018012,0.017738,0.010076,0.013135,0.003037,0.0,0.006741
2022-07-24 19:00:00,0.001776,0.013323,0.011179,0.011765,0.012141,0.00612,0.008908,0.000686,0.0,0.003584
2022-07-24 19:05:00,0.0,0.010133,0.006673,0.006046,0.006956,0.002373,0.005086,0.0,0.0,0.000683
2022-07-24 19:10:00,0.0,0.006773,0.002994,0.002204,0.00301,0.0,0.001983,0.0,0.0,0.0
2022-07-24 19:15:00,0.0,0.003304,0.000134,0.0,0.000111,0.0,0.0,0.0,0.0,0.0
2022-07-24 19:20:00,0.0,0.000293,0.0,0.0,0.0,0.0,0.0,0.0,0.0,0.0
2022-07-24 19:25:00,0.0,0.0,0.0,0.0,0.0,0.0,0.0,0.0,0.0,0.0
2022-07-24 19:30:00,0.0,0.0,0.0,0.0,0.0,0.0,0.0,0.0,0.0,0.0
2022-07-24 19:35:00,0.0,0.0,0.0,0.0,0.0,0.0,0.0,0.0,0.0,0.0
2022-07-24 19:40:00,0.0,0.0,0.0,0.0,0.0,0.0,0.0,0.0,0.0,0.0
2022-07-24 19:45:00,0.0,0.0,0.0,0.0,0.0,0.0,0.0,0.0,0.0,0.0
2022-07-24 19:50:00,0.0,0.0,0.0,0.0,0.0,0.0,0.0,0.0,0.0,0.0
2022-07-24 19:55:00,0.0,0.0,0.0,0.0,0.0,0.0,0.0,0.0,0.0,0.0
2022-07-24 20:00:00,0.0,0.0,0.0,0.0,0.0,0.0,0.0,0.0,0.0,0.0
2022-07-24 20:05:00,0.0,0.0,0.0,0.0,0.0,0.0,0.0,0.0,0.0,0.0
2022-07-24 20:10:00,0.0,0.0,0.0,0.0,0.0,0.0,0.0,0.0,0.0,0.0
2022-07-24 20:15:00,0.0,0.0,0.0,0.0,0.0,0.0,0.0,0.0,0.0,0.0
2022-07-24 20:20:00,0.0,0.0,0.0,0.0,0.0,0.0,0.0,0.0,0.0,0.0
2022-07-24 20:25:00,0.0,0.0,0.0,0.0,0.0,0.0,0.0,0.0,0.0,0.0
2022-07-24 20:30:00,0.0,0.0,0.0,0.0,0.0,0.0,0.0,0.0,0.0,0.0
2022-07-24 20:35:00,0.0,0.0,0.0,0.0,0.0,0.0,0.0,0.0,0.0,0.0
2022-07-24 20:40:00,0.0,0.0,0.0,0.0,0.0,0.0,0.0,0.0,0.0,0.0
2022-07-24 20:45:00,0.0,0.0,0.0,0.0,0.0,0.0,0.0,0.0,0.0,0.0
2022-07-24 20:50:00,0.0,0.0,0.0,0.0,0.0,0.0,0.0,0.0,0.0,0.0
2022-07-24 20:55:00,0.0,0.0,0.0,0.0,0.0,0.0,0.0,0.0,0.0,0.0
2022-07-24 21:00:00,0.0,0.0,0.0,0.0,0.0,0.0,0.0,0.0,0.0,0.0
2022-07-24 21:05:00,0.0,0.0,0.0,0.0,0.0,0.0,0.0,0.0,0.0,0.0
2022-07-24 21:10:00,0.0,0.0,0.0,0.0,0.0,0.0,0.0,0.0,0.0,0.0
2022-07-24 21:15:00,0.0,0.0,0.0,0.0,0.0,0.0,0.0,0.0,0.0,0.0
2022-07-24 21:20:00,0.0,0.0,0.0,0.0,0.0,0.0,0.0,0.0,0.0,0.0
2022-07-24 21:25:00,0.0,0.0,0.0,0.0,0.0,0.0,0.0,0.0,0.0,0.0
2022-07-24 21:30:00,0.0,0.0,0.0,0.0,0.0,0.0,0.0,0.0,0.0,0.0
2022-07-24 21:35:00,0.0,0.0,0.0,0.0,0.0,0.0,0.0,0.0,0.0,0.0
2022-07-24 21:40:00,0.0,0.0,0.0,0.0,0.0,0.0,0.0,0.0,0.0,0.0
2022-07-24 21:45:00,0.0,0.0,0.0,0.0,0.0,0.0,0.0,0.0,0.0,0.0
2022-07-24 21:50:00,0.0,0.0,0.0,0.0,0.0,0.0,0.0,0.0,0.0,0.0
2022-07-24 21:55:00,0.0,0.0,0.0,0.0,0.0,0.0,0.0,0.0,0.0,0.0
2022-07-24 22:00:00,0.0,0.0,0.0,0.0,0.0,0.0,0.0,0.0,0.0,0.0
2022-07-24 22:05:00,0.0,0.0,0.0,0.0,0.0,0.0,0.0,0.0,0.0,0.0
2022-07-24 22:10:00,0.0,0.0,0.0,0.0,0.0,0.0,0.0,0.0,0.0,0.0
2022-07-24 22:15:00,0.0,0.0,0.0,0.0,0.0,0.0,0.0,0.0,0.0,0.0
2022-07-24 22:20:00,0.0,0.0,0.0,0.0,0.0,0.0,0.0,0.0,0.0,0.0
2022-07-24 22:25:00,0.0,0.0,0.0,0.0,0.0,0.0,0.0,0.0,0.0,0.0
2022-07-24 22:30:00,0.0,0.0,0.0,0.0,0.0,0.0,0.0,0.0,0.0,0.0
2022-07-24 22:35:00,0.0,0.0,0.0,0.0,0.0,0.0,0.0,0.0,0.0,0.0
2022-07-24 22:40:00,0.0,0.0,0.0,0.0,0.0,0.0,0.0,0.0,0.0,0.0
2022-07-24 22:45:00,0.0,0.0,0.0,0.0,0.0,0.0,0.0,0.0,0.0,0.0
2022-07-24 22:50:00,0.0,0.0,0.0,0.0,0.0,0.0,0.0,0.0,0.0,0.0
2022-07-24 22:55:00,0.0,0.0,0.0,0.0,0.0,0.0,0.0,0.0,0.0,0.0
2022-07-24 23:00:00,0.0,0.0,0.0,0.0,0.0,0.0,0.0,0.0,0.0,0.0
2022-07-24 23:05:00,0.0,0.0,0.0,0.0,0.0,0.0,0.0,0.0,0.0,0.0
2022-07-24 23:10:00,0.0,0.0,0.0,0.0,0.0,0.0,0.0,0.0,0.0,0.0
2022-07-24 23:15:00,0.0,0.0,0.0,0.0,0.0,0.0,0.0,0.0,0.0,0.0
2022-07-24 23:20:00,0.0,0.0,0.0,0.0,0.0,0.0,0.0,0.0,0.0,0.0
2022-07-24 23:25:00,0.0,0.0,0.0,0.0,0.0,0.0,0.0,0.0,0.0,0.0
2022-07-24 23:30:00,0.0,0.0,0.0,0.0,0.0,0.0,0.0,0.0,0.0,0.0
2022-07-24 23:35:00,0.0,0.0,0.0,0.0,0.0,0.0,0.0,0.0,0.0,0.0
2022-07-24 23:40:00,0.0,0.0,0.0,0.0,0.0,0.0,0.0,0.0,0.0,0.0
2022-07-24 23:45:00,0.0,0.0,0.0,0.0,0.0,0.0,0.0,0.0,0.0,0.0
2022-07-24 23:50:00,0.0,0.0,0.0,0.0,0.0,0.0,0.0,0.0,0.0,0.0
2022-07-24 23:55:00,0.0,0.0,0.0,0.0,0.0,0.0,0.0,0.0,0.0,0.0
2022-07-25 00:00:00,0.0,0.0,0.0,0.0,0.0,0.0,0.0,0.0,0.0,0.0
2022-07-25 00:05:00,0.0,0.0,0.0,0.0,0.0,0.0,0.0,0.0,0.0,0.0
2022-07-25 00:10:00,0.0,0.0,0.0,0.0,0.0,0.0,0.0,0.0,0.0,0.0
2022-07-25 00:15:00,0.0,0.0,0.0,0.0,0.0,0.0,0.0,0.0,0.0,0.0
2022-07-25 00:20:00,0.0,0.0,0.0,0.0,0.0,0.0,0.0,0.0,0.0,0.0
2022-07-25 00:25:00,0.0,0.0,0.0,0.0,0.0,0.0,0.0,0.0,0.0,0.0
2022-07-25 00:30:00,0.0,0.0,0.0,0.0,0.0,0.0,0.0,0.0,0.0,0.0
2022-07-25 00:35:00,0.0,0.0,0.0,0.0,0.0,0.0,0.0,0.0,0.0,0.0
2022-07-25 00:40:00,0.0,0.0,0.0,0.0,0.0,0.0,0.0,0.0,0.0,0.0
2022-07-25 00:45:00,0.0,0.0,0.0,0.0,0.0,0.0,0.0,0.0,0.0,0.0
2022-07-25 00:50:00,0.0,0.0,0.0,0.0,0.0,0.0,0.0,0.0,0.0,0.0
2022-07-25 00:55:00,0.0,0.0,0.0,0.0,0.0,0.0,0.0,0.0,0.0,0.0
2022-07-25 01:00:00,0.0,0.0,0.0,0.0,0.0,0.0,0.0,0.0,0.0,0.0
2022-07-25 01:05:00,0.0,0.0,0.0,0.0,0.0,0.0,0.0,0.0,0.0,0.0
2022-07-25 01:10:00,0.0,0.0,0.0,0.0,0.0,0.0,0.0,0.0,0.0,0.0
2022-07-25 01:15:00,0.0,0.0,0.0,0.0,0.0,0.0,0.0,0.0,0.0,0.0
2022-07-25 01:20:00,0.0,0.0,0.0,0.0,0.0,0.0,0.0,0.0,0.0,0.0
2022-07-25 01:25:00,0.0,0.0,0.0,0.0,0.0,0.0,0.0,0.0,0.0,0.0
2022-07-25 01:30:00,0.0,0.0,0.0,0.0,0.0,0.0,0.0,0.0,0.0,0.0
2022-07-25 01:35:00,0.0,0.0,0.0,0.0,0.0,0.0,0.0,0.0,0.0,0.0
2022-07-25 01:40:00,0.0,0.0,0.0,0.0,0.0,0.0,0.0,0.0,0.0,0.0
2022-07-25 01:45:00,0.0,0.0,0.0,0.0,0.0,0.0,0.0,0.0,0.0,0.0
2022-07-25 01:50:00,0.0,0.0,0.0,0.0,0.0,0.0,0.0,0.0,0.0,0.0
2022-07-25 01:55:00,0.0,0.0,0.0,0.0,0.0,0.0,0.0,0.0,0.0,0.0
2022-07-25 02:00:00,0.0,0.0,0.0,0.0,0.0,0.0,0.0,0.0,0.0,0.0
2022-07-25 02:05:00,0.0,0.0,0.0,0.0,0.0,0.0,0.0,0.0,0.0,0.0
2022-07-25 02:10:00,0.0,0.0,0.0,0.0,0.0,0.0,0.0,0.0,0.0,0.0
2022-07-25 02:15:00,0.0,0.0,0.0,0.0,0.0,0.0,0.0,0.0,0.0,0.0
2022-07-25 02:20:00,0.0,0.0,0.0,0.0,0.0,0.0,0.0,0.0,0.0,0.0
2022-07-25 02:25:00,0.0,0.0,0.0,0.0,0.0,0.0,0.0,0.0,0.0,0.0
2022-07-25 02:30:00,0.0,0.0,0.0,0.0,0.0,0.0,0.0,0.0,0.0,0.0
2022-07-25 02:35:00,0.0,0.0,0.0,0.0,0.0,0.0,0.0,0.0,0.0,0.0
2022-07-25 02:40:00,0.0,0.0,0.0,0.0,0.0,0.0,0.0,0.0,0.0,0.0
2022-07-25 02:45:00,0.0,0.0,0.0,0.0,0.0,0.0,0.0,0.0,0.0,0.0
2022-07-25 02:50:00,0.0,0.0,0.0,0.0,0.0,0.0,0.0,0.0,0.0,0.0
2022-07-25 02:55:00,0.0,0.0,0.0,0.0,0.0,0.0,0.0,0.0,0.0,0.0
2022-07-25 03:00:00,0.0,0.0,0.0,0.0,0.0,0.0,0.0,0.0,0.0,0.0
2022-07-25 03:05:00,0.0,0.0,0.0,0.0,0.0,0.0,0.0,0.0,0.0,0.0
2022-07-25 03:10:00,0.0,0.0,0.0,0.0,0.0,0.0,0.0,0.0,0.0,0.0
2022-07-25 03:15:00,0.0,0.0,0.0,0.0,0.0,0.0,0.0,0.0,0.0,0.0
2022-07-25 03:20:00,0.0,0.0,0.0,0.0,0.0,0.0,0.0,0.0,0.0,0.0
2022-07-25 03:25:00,0.0,0.0,0.0,0.0,0.0,0.0,0.0,0.0,0.0,0.0
2022-07-25 03:30:00,0.0,0.0,0.0,0.0,0.0,0.0,0.0,0.0,0.0,0.0
2022-07-25 03:35:00,0.001057,0.0,0.0,0.0,0.0,0.0,0.0,0.0,0.0,0.0
2022-07-25 03:40:00,0.004624,0.0,0.0,0.0,0.0,0.0,0.000788,0.001037,0.0,0.0
2022-07-25 03:45:00,0.008601,0.0,0.0,0.0,0.0,0.0,0.002877,0.002966,0.0,0.0
2022-07-25 03:50:00,0.012194,0.0,0.0,0.0,0.0,0.0,0.005716,0.00553,0.0,0.0
2022-07-25 03:55:00,0.015125,0.0,0.0,0.0,0.0,0.0,0.009513,0.009094,0.002203,0.0
2022-07-25 04:00:00,0.017486,0.001004,0.001875,0.0,0.0,0.001311,0.013517,0.013179,0.006396,0.001391
2022-07-25 04:05:00,0.019876,0.003624,0.005252,0.000985,0.001862,0.004571,0.016992,0.017201,0.010307,0.004649
2022-07-25 04:10:00,0.022379,0.006201,0.008703,0.003561,0.004444,0.008221,0.020857,0.020797,0.014466,0.00814
2022-07-25 04:15:00,0.024933,0.008775,0.012314,0.006226,0.007167,0.012173,0.024416,0.023935,0.018441,0.011853
2022-07-25 04:20:00,0.028427,0.011841,0.015958,0.008496,0.009083,0.016333,0.028778,0.027172,0.022215,0.015831
2022-07-25 04:25:00,0.033132,0.015529,0.019601,0.01055,0.010482,0.020292,0.03318,0.031099,0.025673,0.019872
2022-07-25 04:30:00,0.038437,0.019622,0.023332,0.012544,0.011548,0.02402,0.037804,0.035452,0.028959,0.023878
2022-07-25 04:35:00,0.042458,0.023811,0.027142,0.014934,0.014819,0.028031,0.04249,0.039319,0.031958,0.028148
2022-07-25 04:40:00,0.044125,0.027867,0.031055,0.017499,0.020754,0.032606,0.046718,0.042084,0.034433,0.032931
2022-07-25 04:45:00,0.044162,0.03175,0.035094,0.020298,0.028288,0.037246,0.050735,0.044016,0.036612,0.037741
2022-07-25 04:50:00,0.043837,0.034489,0.038798,0.024222,0.035152,0.041272,0.053745,0.045343,0.03909,0.04181
2022-07-25 04:55:00,0.043817,0.035732,0.041926,0.029788,0.039958,0.044221,0.056626,0.04605,0.042289,0.044721
2022-07-25 05:00:00,0.044005,0.035922,0.044675,0.036376,0.043404,0.046242,0.059363,0.046534,0.045772,0.046668
2022-07-25 05:05:00,0.046975,0.03491,0.048512,0.043477,0.047454,0.047779,0.062879,0.046884,0.048612,0.048114
2022-07-25 05:10:00,0.051846,0.032866,0.052982,0.050748,0.051988,0.049097,0.06751,0.049488,0.050085,0.04929
2022-07-25 05:15:00,0.058636,0.030826,0.057567,0.057825,0.056853,0.050306,0.072689,0.05409,0.052905,0.050214
2022-07-25 05:20:00,0.067814,0.031969,0.060795,0.058952,0.061421,0.051324,0.079651,0.061198,0.05803,0.050752
2022-07-25 05:25:00,0.079463,0.039884,0.061396,0.053487,0.065333,0.053541,0.088172,0.07096,0.065784,0.053414
2022-07-25 05:30:00,0.092623,0.051558,0.060708,0.044318,0.068747,0.057328,0.097197,0.082309,0.075301,0.057573
2022-07-25 05:35:00,0.106153,0.06484,0.060365,0.03966,0.072169,0.062766,0.106119,0.09403,0.085487,0.06337
2022-07-25 05:40:00,0.119454,0.076855,0.062995,0.046063,0.075042,0.070011,0.11434,0.105688,0.095811,0.070707
2022-07-25 05:45:00,0.132857,0.088142,0.066906,0.059821,0.077963,0.078919,0.122108,0.117676,0.106725,0.07966
2022-07-25 05:50:00,0.146982,0.098878,0.071204,0.075467,0.079442,0.08974,0.128363,0.130444,0.118996,0.090698
2022-07-25 05:55:00,0.161823,0.107365,0.073824,0.090186,0.079783,0.102228,0.133553,0.144025,0.132694,0.103716
2022-07-25 06:00:00,0.177279,0.114142,0.076037,0.103949,0.079441,0.115512,0.137849,0.158384,0.147206,0.117843
2022-07-25 06:05:00,0.193363,0.120468,0.081729,0.115442,0.081407,0.129083,0.144215,0.173466,0.161957,0.132262
2022-07-25 06:10:00,0.209982,0.12649,0.093284,0.122529,0.086855,0.142902,0.154131,0.189092,0.176736,0.146743
2022-07-25 06:15:00,0.226997,0.131497,0.108493,0.125942,0.095416,0.157367,0.167279,0.205183,0.192049,0.161842
2022-07-25 06:20:00,0.244234,0.136065,0.125469,0.127636,0.107982,0.172699,0.181792,0.221811,0.208225,0.1778
2022-07-25 06:25:00,0.260989,0.139049,0.141089,0.127908,0.127969,0.188454,0.196556,0.238383,0.224645,0.194133
2022-07-25 06:30:00,0.276938,0.139771,0.155563,0.126918,0.154024,0.204014,0.211745,0.254252,0.240796,0.210442
2022-07-25 06:35:00,0.293018,0.132239,0.164898,0.134657,0.179171,0.219813,0.228425,0.270317,0.256873,0.226895
2022-07-25 06:40:00,0.309616,0.113179,0.165081,0.15266,0.194424,0.235516,0.244026,0.286175,0.272971,0.243379
2022-07-25 06:45:00,0.326889,0.087717,0.158487,0.178249,0.200242,0.251394,0.25914,0.301784,0.289143,0.259831
2022-07-25 06:50:00,0.34419,0.083546,0.149001,0.191902,0.203606,0.267254,0.276437,0.317352,0.30541,0.276372
2022-07-25 06:55:00,0.361016,0.112063,0.141071,0.180221,0.209006,0.28299,0.295434,0.333056,0.32171,0.292977
2022-07-25 07:00:00,0.377405,0.160474,0.135397,0.150859,0.215838,0.298848,0.315499,0.348902,0.338174,0.309763
2022-07-25 07:05:00,0.393549,0.19965,0.133372,0.120221,0.222687,0.315254,0.334175,0.365216,0.354852,0.326689
2022-07-25 07:10:00,0.408603,0.208829,0.137625,0.107008,0.226449,0.332182,0.346477,0.381477,0.370925,0.342973
2022-07-25 07:15:00,0.422356,0.196512,0.146408,0.106671,0.227116,0.349423,0.35461,0.397357,0.386069,0.358453
2022-07-25 07:20:00,0.436064,0.178086,0.153324,0.127566,0.231668,0.366589,0.359246,0.413328,0.401073,0.37402
2022-07-25 07:25:00,0.450391,0.160734,0.157679,0.17011,0.240816,0.383118,0.363909,0.429019,0.416416,0.389927
2022-07-25 07:30:00,0.464918,0.146384,0.161454,0.224524,0.254123,0.399152,0.367913,0.4442,0.432023,0.405988
2022-07-25 07:35:00,0.479609,0.149466,0.166769,0.26175,0.272226,0.415516,0.378922,0.459581,0.447988,0.422108
2022-07-25 07:40:00,0.494542,0.175781,0.179553,0.259082,0.294528,0.432103,0.397625,0.47515,0.464173,0.437481
2022-07-25 07:45:00,0.509447,0.21507,0.197559,0.228525,0.318229,0.448403,0.421515,0.490469,0.480351,0.452058
2022-07-25 07:50:00,0.523832,0.240269,0.223662,0.196462,0.331011,0.463831,0.443132,0.504841,0.496097,0.466536
2022-07-25 07:55:00,0.537488,0.233264,0.259782,0.178259,0.320238,0.477421,0.457988,0.517385,0.511105,0.481167
2022-07-25 08:00:00,0.55054,0.204234,0.30191,0.170526,0.292107,0.489706,0.469155,0.528167,0.525617,0.495882
2022-07-25 08:05:00,0.563438,0.173123,0.341031,0.161843,0.268888,0.502037,0.483505,0.539401,0.540136,0.510843
2022-07-25 08:10:00,0.576287,0.150239,0.367977,0.148371,0.261725,0.515235,0.503342,0.551633,0.554698,0.52573
2022-07-25 08:15:00,0.588889,0.134369,0.386063,0.132525,0.265695,0.52858,0.52508,0.564642,0.569014,0.540315
2022-07-25 08:20:00,0.600993,0.12686,0.398467,0.127268,0.269763,0.541493,0.542118,0.577405,0.58251,0.554579
2022-07-25 08:25:00,0.612148,0.128982,0.404251,0.138348,0.26578,0.552894,0.548361,0.589121,0.594106,0.568035
2022-07-25 08:30:00,0.622578,0.139127,0.404842,0.160165,0.256512,0.562978,0.548651,0.599928,0.60399,0.580694
2022-07-25 08:35:00,0.633108,0.13754,0.406575,0.202111,0.251378,0.573652,0.556236,0.610861,0.614059,0.593527
2022-07-25 08:40:00,0.64372,0.125552,0.409609,0.260725,0.253069,0.585117,0.57448,0.622019,0.625323,0.606595
2022-07-25 08:45:00,0.654032,0.109382,0.411784,0.329254,0.261271,0.596939,0.59556,0.633052,0.637196,0.619253
2022-07-25 08:50:00,0.663764,0.121387,0.401677,0.381258,0.296347,0.608523,0.585813,0.64366,0.64877,0.630735
2022-07-25 08:55:00,0.672117,0.180561,0.371021,0.400032,0.361846,0.618369,0.537091,0.653565,0.65947,0.639927
2022-07-25 09:00:00,0.679462,0.268226,0.329345,0.396358,0.445279,0.626952,0.467174,0.662906,0.669284,0.647186
2022-07-25 09:05:00,0.687536,0.348106,0.29357,0.386238,0.516623,0.635729,0.44123,0.671961,0.6789,0.654707
2022-07-25 09:10:00,0.697158,0.397818,0.282947,0.381135,0.555153,0.644743,0.488107,0.680613,0.688431,0.663465
2022-07-25 09:15:00,0.70728,0.426479,0.291827,0.377667,0.571189,0.653486,0.570804,0.688884,0.697659,0.672718
2022-07-25 09:20:00,0.716203,0.433621,0.331294,0.366179,0.580321,0.66174,0.621835,0.696707,0.706307,0.681669
2022-07-25 09:25:00,0.722706,0.419924,0.405732,0.338881,0.587533,0.66942,0.623253,0.703475,0.713957,0.689704
2022-07-25 09:30:00,0.727744,0.389725,0.497594,0.300718,0.592217,0.676631,0.59445,0.709205,0.72077,0.697029
2022-07-25 09:35:00,0.733293,0.352761,0.563356,0.248322,0.585677,0.6718,0.566796,0.715591,0.727649,0.705061
2022-07-25 09:40:00,0.740051,0.313645,0.576854,0.18477,0.561366,0.653651,0.553967,0.72337,0.734746,0.714213
2022-07-25 09:45:00,0.747124,0.273747,0.552672,0.117525,0.522201,0.623143,0.549107,0.73165,0.741649,0.723551
2022-07-25 09:50:00,0.752944,0.229374,0.513377,0.076983,0.459781,0.597506,0.528103,0.739392,0.747764,0.7316
2022-07-25 09:55:00,0.756407,0.181198,0.469036,0.084253,0.37417,0.580323,0.489126,0.746379,0.752402,0.737358
2022-07-25 10:00:00,0.758426,0.132403,0.423384,0.120114,0.277719,0.571775,0.440593,0.752865,0.755982,0.741472
2022-07-25 10:05:00,0.761053,0.095228,0.376831,0.157882,0.211917,0.585136,0.400641,0.7589,0.760165,0.745305
2022-07-25 10:10:00,0.764637,0.080309,0.3364,0.176941,0.204596,0.622471,0.381009,0.764443,0.765397,0.748713
2022-07-25 10:15:00,0.768476,0.082162,0.300518,0.184856,0.236472,0.67285,0.373396,0.769627,0.770904,0.751612
2022-07-25 10:20:00,0.772139,0.096368,0.268027,0.193194,0.27252,0.713688,0.369265,0.774103,0.77617,0.754867
2022-07-25 10:25:00,0.77512,0.125259,0.239541,0.208037,0.297482,0.732571,0.366363,0.776961,0.780882,0.758254
2022-07-25 10:30:00,0.776956,0.160237,0.215357,0.227891,0.314543,0.736415,0.363958,0.778508,0.785045,0.76128
2022-07-25 10:35:00,0.7689637,0.1630057999999999,0.2608964,0.2455592,0.3195913,0.7202251000000001,0.3730856,0.7795411,0.7865431,0.7428494999999999
2022-07-25 10:40:00,0.7609714,0.1657746,0.3064358,0.2632274,0.3246396,0.7040352000000001,0.3822132,0.7805742,0.7880412,0.7244189999999999
2022-07-25 10:45:00,0.7529791,0.1685434,0.3519751999999999,0.2808956,0.3296879,0.6878453,0.3913408,0.7816073,0.7895392999999999,0.7059885
2022-07-25 10:50:00,0.7449868,0.1713122,0.3975145999999999,0.2985638,0.3347362,0.6716554,0.4004684,0.7826404,0.7910374,0.687558
2022-07-25 10:55:00,0.7369945,0.1740809999999999,0.4430539999999999,0.316232,0.3397845,0.6554655,0.409596,0.7836734999999999,0.7925355000000001,0.6691275
2022-07-25 11:00:00,0.7290022,0.1768498,0.4885933999999999,0.3339002,0.3448328,0.6392756,0.4187236,0.7847065999999999,0.7940336,0.650697
2022-07-25 11:05:00,0.7210099,0.1796186,0.5341328,0.3515684,0.3498811,0.6230857000000001,0.4278512,0.7857396999999999,0.7955317,0.6322665
2022-07-25 11:10:00,0.7130176,0.1823874,0.5796722,0.3692366,0.3549294,0.6068958,0.4369788,0.7867727999999999,0.7970298,0.613836
2022-07-25 11:15:00,0.7050253,0.1851562,0.6252116,0.3869048,0.3599777,0.5907059,0.4461064,0.7878059,0.7985279000000001,0.5954055
2022-07-25 11:20:00,0.697033,0.187925,0.670751,0.404573,0.365026,0.574516,0.455234,0.788839,0.800026,0.576975
2022-07-25 11:25:00,0.695997,0.187742,0.6707,0.404726,0.364644,0.573818,0.454916,0.788889,0.80057,0.576843
2022-07-25 11:30:00,0.695443,0.190122,0.668195,0.404046,0.364363,0.572726,0.46002,0.788259,0.800191,0.575531
2022-07-25 11:35:00,0.675518,0.174416,0.601567,0.405988,0.374006,0.473208,0.492528,0.787431,0.799309,0.600367
2022-07-25 11:40:00,0.665823,0.169161,0.571165,0.407021,0.378589,0.429803,0.51407,0.785984,0.798189,0.609932
2022-07-25 11:45:00,0.645335,0.159058,0.497564,0.40811,0.388162,0.327888,0.554307,0.783732,0.796117,0.634865
2022-07-25 11:50:00,0.632391,0.16734,0.431422,0.400598,0.39902,0.269988,0.603376,0.781231,0.793757,0.637918
2022-07-25 11:55:00,0.636991,0.208048,0.412015,0.378834,0.402183,0.317382,0.64419,0.778846,0.791516,0.610738
2022-07-25 12:00:00,0.651308,0.270451,0.42099,0.34963,0.399517,0.428306,0.6725,0.776264,0.78907,0.563544
2022-07-25 12:05:00,0.645354,0.342314,0.41703,0.329792,0.388706,0.519352,0.674378,0.772891,0.785854,0.526455
2022-07-25 12:10:00,0.610504,0.417134,0.377953,0.328672,0.366335,0.552727,0.631599,0.768112,0.781427,0.519785
2022-07-25 12:15:00,0.559659,0.489625,0.320961,0.340756,0.337858,0.542955,0.566483,0.76231,0.77636,0.532328
2022-07-25 12:20:00,0.527598,0.543275,0.273255,0.340704,0.333572,0.540936,0.509505,0.756639,0.771537,0.535585
2022-07-25 12:25:00,0.54359,0.568228,0.263122,0.325558,0.36156,0.546185,0.481312,0.751967,0.767355,0.517954
2022-07-25 12:30:00,0.586987,0.569376,0.280815,0.303966,0.40638,0.552819,0.464695,0.747982,0.763546,0.486719
2022-07-25 12:35:00,0.61978,0.549769,0.296177,0.284014,0.417683,0.562826,0.418917,0.743625,0.75928,0.451991
2022-07-25 12:40:00,0.628521,0.499449,0.314162,0.286251,0.370277,0.552575,0.334759,0.737972,0.753711,0.422452
2022-07-25 12:45:00,0.621923,0.432592,0.332387,0.304491,0.288996,0.529543,0.238159,0.73126,0.747116,0.39935
2022-07-25 12:50:00,0.622729,0.379638,0.352887,0.299486,0.219361,0.498637,0.20769,0.724349,0.740401,0.383341
2022-07-25 12:55:00,0.637452,0.359376,0.380608,0.277074,0.197733,0.454817,0.263426,0.717776,0.734031,0.383499
2022-07-25 13:00:00,0.657898,0.362091,0.410326,0.243177,0.208277,0.406572,0.356511,0.711101,0.727708,0.394678
2022-07-25 13:05:00,0.646516,0.399391,0.45676,0.215241,0.234496,0.380874,0.408737,0.703941,0.721162,0.409406
2022-07-25 13:10:00,0.591898,0.464044,0.512481,0.214099,0.269249,0.391637,0.38551,0.69542,0.714209,0.427718
2022-07-25 13:15:00,0.50752,0.538901,0.565813,0.230956,0.30753,0.421242,0.323698,0.68513,0.706834,0.445366
2022-07-25 13:20:00,0.42843,0.581548,0.576847,0.246491,0.357276,0.43276,0.289215,0.646955,0.69899,0.448092
2022-07-25 13:25:00,0.382167,0.569048,0.519779,0.258223,0.409806,0.400728,0.295206,0.576255,0.690595,0.428054
2022-07-25 13:30:00,0.360374,0.522423,0.42243,0.265533,0.458751,0.344024,0.322518,0.483621,0.681647,0.393509
2022-07-25 13:35:00,0.357815,0.489289,0.357252,0.269539,0.486584,0.30575,0.326008,0.408619,0.672208,0.361189
2022-07-25 13:40:00,0.371936,0.48989,0.361302,0.268032,0.474718,0.308155,0.298224,0.377398,0.66252,0.337859
2022-07-25 13:45:00,0.39385,0.509973,0.409187,0.265316,0.437247,0.3342,0.254854,0.376653,0.652658,0.320418
2022-07-25 13:50:00,0.397209,0.529374,0.466461,0.264326,0.403399,0.325263,0.228889,0.382904,0.642248,0.296253
2022-07-25 13:55:00,0.3705,0.531701,0.511436,0.272519,0.378412,0.260457,0.231303,0.387516,0.631015,0.260576
2022-07-25 14:00:00,0.327218,0.523958,0.543135,0.285669,0.359775,0.162072,0.248753,0.390535,0.619309,0.218511
2022-07-25 14:05:00,0.320202,0.509714,0.532971,0.289845,0.341421,0.092613,0.240524,0.401542,0.608067,0.19718
2022-07-25 14:10:00,0.364106,0.492094,0.470582,0.282752,0.317819,0.09203,0.204908,0.419925,0.597675,0.207149
2022-07-25 14:15:00,0.432444,0.472547,0.378074,0.267402,0.292303,0.136444,0.155168,0.44049,0.587501,0.237457
2022-07-25 14:20:00,0.485892,0.440401,0.313617,0.257039,0.269922,0.183051,0.11866,0.460818,0.576576,0.27682
2022-07-25 14:25:00,0.502596,0.39702,0.309257,0.254802,0.255947,0.212102,0.106952,0.472714,0.564607,0.312683
2022-07-25 14:30:00,0.496809,0.347366,0.342057,0.257313,0.247465,0.229429,0.109425,0.475337,0.552086,0.343858
2022-07-25 14:35:00,0.46811,0.29467,0.38838,0.256679,0.246219,0.25533,0.107363,0.459897,0.539205,0.370889
2022-07-25 14:40:00,0.420636,0.247951,0.427145,0.246916,0.250109,0.294076,0.098194,0.415781,0.526571,0.387179
2022-07-25 14:45:00,0.362092,0.20631,0.455864,0.231412,0.256344,0.336026,0.084637,0.356192,0.514135,0.395017
2022-07-25 14:50:00,0.306135,0.169913,0.464985,0.211989,0.255453,0.356657,0.073808,0.299098,0.500867,0.386862
2022-07-25 14:55:00,0.261772,0.145099,0.443713,0.191073,0.242479,0.339827,0.06729,0.254253,0.485933,0.36025
2022-07-25 15:00:00,0.225567,0.129876,0.404762,0.170012,0.221989,0.303708,0.062987,0.218177,0.470029,0.325201
2022-07-25 15:05:00,0.200258,0.128917,0.360708,0.153326,0.203553,0.263931,0.054232,0.188561,0.454336,0.303708
2022-07-25 15:10:00,0.18631,0.14844,0.315252,0.145034,0.192692,0.238891,0.040212,0.166944,0.439334,0.307515
2022-07-25 15:15:00,0.179618,0.179126,0.270846,0.143434,0.186771,0.223894,0.025264,0.151155,0.424396,0.325032
2022-07-25 15:20:00,0.172272,0.202814,0.231045,0.147411,0.180956,0.207015,0.02272,0.157683,0.408604,0.342415
2022-07-25 15:25:00,0.161042,0.209737,0.201201,0.158351,0.172623,0.192732,0.036612,0.186241,0.39159,0.352301
2022-07-25 15:30:00,0.147985,0.205338,0.178202,0.173932,0.163125,0.181088,0.058946,0.223766,0.374007,0.355824
2022-07-25 15:35:00,0.143658,0.197459,0.163697,0.196728,0.159281,0.176727,0.070818,0.241446,0.356813,0.333109
2022-07-25 15:40:00,0.152352,0.1898,0.158804,0.225036,0.163616,0.187003,0.068972,0.221142,0.340302,0.284765
2022-07-25 15:45:00,0.169294,0.182668,0.158934,0.254611,0.173935,0.204422,0.060117,0.179616,0.324049,0.223233
2022-07-25 15:50:00,0.18387,0.174861,0.154683,0.274411,0.193746,0.211459,0.057067,0.142858,0.307503,0.176063
2022-07-25 15:55:00,0.192514,0.166965,0.140381,0.279385,0.220578,0.202069,0.063796,0.122188,0.290709,0.154648
2022-07-25 16:00:00,0.194842,0.159854,0.120504,0.275292,0.248474,0.182718,0.074336,0.110835,0.273959,0.148977
2022-07-25 16:05:00,0.183649,0.150363,0.109111,0.273799,0.255857,0.164344,0.074435,0.098542,0.257038,0.15091
2022-07-25 16:10:00,0.157061,0.14156,0.112237,0.276699,0.238214,0.152425,0.060847,0.079189,0.240136,0.154252
2022-07-25 16:15:00,0.123363,0.134061,0.124942,0.279485,0.208287,0.14535,0.041463,0.057569,0.223701,0.158372
2022-07-25 16:20:00,0.096171,0.13606,0.142979,0.276178,0.186174,0.141351,0.028592,0.042509,0.206893,0.156538
2022-07-25 16:25:00,0.083314,0.151351,0.161239,0.265731,0.18207,0.140485,0.0301,0.042573,0.190715,0.146393
2022-07-25 16:30:00,0.07903,0.172261,0.176889,0.250587,0.187839,0.141045,0.04019,0.051943,0.176431,0.132031
2022-07-25 16:35:00,0.073009,0.185247,0.180258,0.22736,0.193373,0.139571,0.049881,0.06213,0.164446,0.120441
2022-07-25 16:40:00,0.06121,0.183581,0.168679,0.197008,0.194111,0.134237,0.059685,0.068839,0.152636,0.117195
2022-07-25 16:45:00,0.045985,0.173512,0.150371,0.167286,0.189591,0.126625,0.068395,0.072318,0.139498,0.118658
2022-07-25 16:50:00,0.031406,0.163103,0.137787,0.146594,0.178018,0.119156,0.074203,0.072665,0.125964,0.121823
2022-07-25 16:55:00,0.0205,0.154638,0.135949,0.135045,0.161022,0.11293,0.076005,0.067791,0.114526,0.122564
2022-07-25 17:00:00,0.012457,0.147033,0.138528,0.127202,0.143959,0.10748,0.075899,0.059821,0.106132,0.119431
2022-07-25 17:05:00,0.006164,0.14025,0.137427,0.119637,0.12866,0.10355,0.078229,0.048277,0.098612,0.112663
2022-07-25 17:10:00,0.00271,0.132612,0.129811,0.111112,0.114317,0.100297,0.082954,0.033936,0.09046,0.102564
2022-07-25 17:15:00,0.001041,0.124421,0.118173,0.102475,0.100145,0.096895,0.088228,0.018548,0.082511,0.091725
2022-07-25 17:20:00,0.001345,0.113853,0.10614,0.09748,0.087077,0.091687,0.089182,0.010455,0.075832,0.082095
2022-07-25 17:25:00,0.003428,0.101212,0.097137,0.096628,0.077942,0.084169,0.085512,0.014686,0.07005,0.075067
2022-07-25 17:30:00,0.006372,0.08813,0.091688,0.097468,0.071896,0.075436,0.079244,0.026197,0.06427,0.070714
2022-07-25 17:35:00,0.008857,0.076566,0.085919,0.095914,0.068556,0.067984,0.073425,0.036741,0.057919,0.067807
2022-07-25 17:40:00,0.010096,0.067152,0.076829,0.090512,0.067956,0.062333,0.068259,0.041123,0.051809,0.064379
2022-07-25 17:45:00,0.010882,0.059063,0.06582,0.083087,0.067676,0.058184,0.063655,0.041403,0.044991,0.060538
2022-07-25 17:50:00,0.012719,0.050249,0.056508,0.075775,0.066109,0.054738,0.058616,0.040566,0.038854,0.057204
2022-07-25 17:55:00,0.016529,0.041346,0.051148,0.069017,0.063945,0.051535,0.052189,0.039665,0.035112,0.05335
2022-07-25 18:00:00,0.021163,0.032947,0.048479,0.063582,0.062728,0.048339,0.045206,0.038688,0.032994,0.049202
2022-07-25 18:05:00,0.023811,0.028149,0.046909,0.058995,0.0594,0.045147,0.039067,0.03695,0.030861,0.044799
2022-07-25 18:10:00,0.022618,0.029982,0.045772,0.055164,0.053611,0.041652,0.034421,0.033995,0.027435,0.040331
2022-07-25 18:15:00,0.018874,0.035558,0.044676,0.051864,0.04673,0.037987,0.03074,0.03022,0.022981,0.035807
2022-07-25 18:20:00,0.014599,0.039492,0.042945,0.048104,0.041138,0.034666,0.027272,0.025805,0.018048,0.031285
2022-07-25 18:25:00,0.010542,0.039083,0.039997,0.043552,0.037748,0.031057,0.0238,0.020601,0.013257,0.026914
2022-07-25 18:30:00,0.006853,0.035857,0.036175,0.038785,0.035524,0.02751,0.020276,0.014983,0.008841,0.02274
2022-07-25 18:35:00,0.003403,0.031891,0.031976,0.034621,0.033359,0.023209,0.016854,0.009208,0.004995,0.018504
2022-07-25 18:40:00,0.000693,0.027821,0.027637,0.031155,0.030775,0.017908,0.013412,0.004034,0.00186,0.014191
2022-07-25 18:45:00,0.0,0.023758,0.023505,0.02793,0.027687,0.011953,0.010261,0.0,0.0,0.009796
2022-07-25 18:50:00,0.0,0.019253,0.019235,0.024096,0.023825,0.006621,0.007877,0.0,0.0,0.005857
2022-07-25 18:55:00,0.0,0.014316,0.014851,0.019641,0.019444,0.003017,0.006414,0.0,0.0,0.002707
2022-07-25 19:00:00,0.0,0.009107,0.010627,0.014776,0.014695,0.000603,0.005335,0.0,0.0,9.9e-05
2022-07-25 19:05:00,0.0,0.004558,0.007068,0.010278,0.009973,0.0,0.003922,0.0,0.0,0.0
2022-07-25 19:10:00,0.0,0.001324,0.003666,0.006509,0.005675,0.0,0.001794,0.0,0.0,0.0
2022-07-25 19:15:00,0.0,0.0,0.000769,0.003416,0.002014,0.0,0.0,0.0,0.0,0.0
2022-07-25 19:20:00,0.0,0.0,0.0,0.000867,0.0,0.0,0.0,0.0,0.0,0.0
2022-07-25 19:25:00,0.0,0.0,0.0,0.0,0.0,0.0,0.0,0.0,0.0,0.0
2022-07-25 19:30:00,0.0,0.0,0.0,0.0,0.0,0.0,0.0,0.0,0.0,0.0
2022-07-25 19:35:00,0.0,0.0,0.0,0.0,0.0,0.0,0.0,0.0,0.0,0.0
2022-07-25 19:40:00,0.0,0.0,0.0,0.0,0.0,0.0,0.0,0.0,0.0,0.0
2022-07-25 19:45:00,0.0,0.0,0.0,0.0,0.0,0.0,0.0,0.0,0.0,0.0
2022-07-25 19:50:00,0.0,0.0,0.0,0.0,0.0,0.0,0.0,0.0,0.0,0.0
2022-07-25 19:55:00,0.0,0.0,0.0,0.0,0.0,0.0,0.0,0.0,0.0,0.0
2022-07-25 20:00:00,0.0,0.0,0.0,0.0,0.0,0.0,0.0,0.0,0.0,0.0
2022-07-25 20:05:00,0.0,0.0,0.0,0.0,0.0,0.0,0.0,0.0,0.0,0.0
2022-07-25 20:10:00,0.0,0.0,0.0,0.0,0.0,0.0,0.0,0.0,0.0,0.0
2022-07-25 20:15:00,0.0,0.0,0.0,0.0,0.0,0.0,0.0,0.0,0.0,0.0
2022-07-25 20:20:00,0.0,0.0,0.0,0.0,0.0,0.0,0.0,0.0,0.0,0.0
2022-07-25 20:25:00,0.0,0.0,0.0,0.0,0.0,0.0,0.0,0.0,0.0,0.0
2022-07-25 20:30:00,0.0,0.0,0.0,0.0,0.0,0.0,0.0,0.0,0.0,0.0
2022-07-25 20:35:00,0.0,0.0,0.0,0.0,0.0,0.0,0.0,0.0,0.0,0.0
2022-07-25 20:40:00,0.0,0.0,0.0,0.0,0.0,0.0,0.0,0.0,0.0,0.0
2022-07-25 20:45:00,0.0,0.0,0.0,0.0,0.0,0.0,0.0,0.0,0.0,0.0
2022-07-25 20:50:00,0.0,0.0,0.0,0.0,0.0,0.0,0.0,0.0,0.0,0.0
2022-07-25 20:55:00,0.0,0.0,0.0,0.0,0.0,0.0,0.0,0.0,0.0,0.0
2022-07-25 21:00:00,0.0,0.0,0.0,0.0,0.0,0.0,0.0,0.0,0.0,0.0
2022-07-25 21:05:00,0.0,0.0,0.0,0.0,0.0,0.0,0.0,0.0,0.0,0.0
2022-07-25 21:10:00,0.0,0.0,0.0,0.0,0.0,0.0,0.0,0.0,0.0,0.0
2022-07-25 21:15:00,0.0,0.0,0.0,0.0,0.0,0.0,0.0,0.0,0.0,0.0
2022-07-25 21:20:00,0.0,0.0,0.0,0.0,0.0,0.0,0.0,0.0,0.0,0.0
2022-07-25 21:25:00,0.0,0.0,0.0,0.0,0.0,0.0,0.0,0.0,0.0,0.0
2022-07-25 21:30:00,0.0,0.0,0.0,0.0,0.0,0.0,0.0,0.0,0.0,0.0
2022-07-25 21:35:00,0.0,0.0,0.0,0.0,0.0,0.0,0.0,0.0,0.0,0.0
2022-07-25 21:40:00,0.0,0.0,0.0,0.0,0.0,0.0,0.0,0.0,0.0,0.0
2022-07-25 21:45:00,0.0,0.0,0.0,0.0,0.0,0.0,0.0,0.0,0.0,0.0
2022-07-25 21:50:00,0.0,0.0,0.0,0.0,0.0,0.0,0.0,0.0,0.0,0.0
2022-07-25 21:55:00,0.0,0.0,0.0,0.0,0.0,0.0,0.0,0.0,0.0,0.0
2022-07-25 22:00:00,0.0,0.0,0.0,0.0,0.0,0.0,0.0,0.0,0.0,0.0
2022-07-25 22:05:00,0.0,0.0,0.0,0.0,0.0,0.0,0.0,0.0,0.0,0.0
2022-07-25 22:10:00,0.0,0.0,0.0,0.0,0.0,0.0,0.0,0.0,0.0,0.0
2022-07-25 22:15:00,0.0,0.0,0.0,0.0,0.0,0.0,0.0,0.0,0.0,0.0
2022-07-25 22:20:00,0.0,0.0,0.0,0.0,0.0,0.0,0.0,0.0,0.0,0.0
2022-07-25 22:25:00,0.0,0.0,0.0,0.0,0.0,0.0,0.0,0.0,0.0,0.0
2022-07-25 22:30:00,0.0,0.0,0.0,0.0,0.0,0.0,0.0,0.0,0.0,0.0
2022-07-25 22:35:00,0.0,0.0,0.0,0.0,0.0,0.0,0.0,0.0,0.0,0.0
2022-07-25 22:40:00,0.0,0.0,0.0,0.0,0.0,0.0,0.0,0.0,0.0,0.0
2022-07-25 22:45:00,0.0,0.0,0.0,0.0,0.0,0.0,0.0,0.0,0.0,0.0
2022-07-25 22:50:00,0.0,0.0,0.0,0.0,0.0,0.0,0.0,0.0,0.0,0.0
2022-07-25 22:55:00,0.0,0.0,0.0,0.0,0.0,0.0,0.0,0.0,0.0,0.0
2022-07-25 23:00:00,0.0,0.0,0.0,0.0,0.0,0.0,0.0,0.0,0.0,0.0
2022-07-25 23:05:00,0.0,0.0,0.0,0.0,0.0,0.0,0.0,0.0,0.0,0.0
2022-07-25 23:10:00,0.0,0.0,0.0,0.0,0.0,0.0,0.0,0.0,0.0,0.0
2022-07-25 23:15:00,0.0,0.0,0.0,0.0,0.0,0.0,0.0,0.0,0.0,0.0
2022-07-25 23:20:00,0.0,0.0,0.0,0.0,0.0,0.0,0.0,0.0,0.0,0.0
2022-07-25 23:25:00,0.0,0.0,0.0,0.0,0.0,0.0,0.0,0.0,0.0,0.0
2022-07-25 23:30:00,0.0,0.0,0.0,0.0,0.0,0.0,0.0,0.0,0.0,0.0
2022-07-25 23:35:00,0.0,0.0,0.0,0.0,0.0,0.0,0.0,0.0,0.0,0.0
2022-07-25 23:40:00,0.0,0.0,0.0,0.0,0.0,0.0,0.0,0.0,0.0,0.0
2022-07-25 23:45:00,0.0,0.0,0.0,0.0,0.0,0.0,0.0,0.0,0.0,0.0
2022-07-25 23:50:00,0.0,0.0,0.0,0.0,0.0,0.0,0.0,0.0,0.0,0.0
2022-07-25 23:55:00,0.0,0.0,0.0,0.0,0.0,0.0,0.0,0.0,0.0,0.0
2022-07-26 00:00:00,0.0,0.0,0.0,0.0,0.0,0.0,0.0,0.0,0.0,0.0
2022-07-26 00:05:00,0.0,0.0,0.0,0.0,0.0,0.0,0.0,0.0,0.0,0.0
2022-07-26 00:10:00,0.0,0.0,0.0,0.0,0.0,0.0,0.0,0.0,0.0,0.0
2022-07-26 00:15:00,0.0,0.0,0.0,0.0,0.0,0.0,0.0,0.0,0.0,0.0
2022-07-26 00:20:00,0.0,0.0,0.0,0.0,0.0,0.0,0.0,0.0,0.0,0.0
2022-07-26 00:25:00,0.0,0.0,0.0,0.0,0.0,0.0,0.0,0.0,0.0,0.0
2022-07-26 00:30:00,0.0,0.0,0.0,0.0,0.0,0.0,0.0,0.0,0.0,0.0
2022-07-26 00:35:00,0.0,0.0,0.0,0.0,0.0,0.0,0.0,0.0,0.0,0.0
2022-07-26 00:40:00,0.0,0.0,0.0,0.0,0.0,0.0,0.0,0.0,0.0,0.0
2022-07-26 00:45:00,0.0,0.0,0.0,0.0,0.0,0.0,0.0,0.0,0.0,0.0
2022-07-26 00:50:00,0.0,0.0,0.0,0.0,0.0,0.0,0.0,0.0,0.0,0.0
2022-07-26 00:55:00,0.0,0.0,0.0,0.0,0.0,0.0,0.0,0.0,0.0,0.0
2022-07-26 01:00:00,0.0,0.0,0.0,0.0,0.0,0.0,0.0,0.0,0.0,0.0
2022-07-26 01:05:00,0.0,0.0,0.0,0.0,0.0,0.0,0.0,0.0,0.0,0.0
2022-07-26 01:10:00,0.0,0.0,0.0,0.0,0.0,0.0,0.0,0.0,0.0,0.0
2022-07-26 01:15:00,0.0,0.0,0.0,0.0,0.0,0.0,0.0,0.0,0.0,0.0
2022-07-26 01:20:00,0.0,0.0,0.0,0.0,0.0,0.0,0.0,0.0,0.0,0.0
2022-07-26 01:25:00,0.0,0.0,0.0,0.0,0.0,0.0,0.0,0.0,0.0,0.0
2022-07-26 01:30:00,0.0,0.0,0.0,0.0,0.0,0.0,0.0,0.0,0.0,0.0
2022-07-26 01:35:00,0.0,0.0,0.0,0.0,0.0,0.0,0.0,0.0,0.0,0.0
2022-07-26 01:40:00,0.0,0.0,0.0,0.0,0.0,0.0,0.0,0.0,0.0,0.0
2022-07-26 01:45:00,0.0,0.0,0.0,0.0,0.0,0.0,0.0,0.0,0.0,0.0
2022-07-26 01:50:00,0.0,0.0,0.0,0.0,0.0,0.0,0.0,0.0,0.0,0.0
2022-07-26 01:55:00,0.0,0.0,0.0,0.0,0.0,0.0,0.0,0.0,0.0,0.0
2022-07-26 02:00:00,0.0,0.0,0.0,0.0,0.0,0.0,0.0,0.0,0.0,0.0
2022-07-26 02:05:00,0.0,0.0,0.0,0.0,0.0,0.0,0.0,0.0,0.0,0.0
2022-07-26 02:10:00,0.0,0.0,0.0,0.0,0.0,0.0,0.0,0.0,0.0,0.0
2022-07-26 02:15:00,0.0,0.0,0.0,0.0,0.0,0.0,0.0,0.0,0.0,0.0
2022-07-26 02:20:00,0.0,0.0,0.0,0.0,0.0,0.0,0.0,0.0,0.0,0.0
2022-07-26 02:25:00,0.0,0.0,0.0,0.0,0.0,0.0,0.0,0.0,0.0,0.0
2022-07-26 02:30:00,0.0,0.0,0.0,0.0,0.0,0.0,0.0,0.0,0.0,0.0
2022-07-26 02:35:00,0.0,0.0,0.0,0.0,0.0,0.0,0.0,0.0,0.0,0.0
2022-07-26 02:40:00,0.0,0.0,0.0,0.0,0.0,0.0,0.0,0.0,0.0,0.0
2022-07-26 02:45:00,0.0,0.0,0.0,0.0,0.0,0.0,0.0,0.0,0.0,0.0
2022-07-26 02:50:00,0.0,0.0,0.0,0.0,0.0,0.0,0.0,0.0,0.0,0.0
2022-07-26 02:55:00,0.0,0.0,0.0,0.0,0.0,0.0,0.0,0.0,0.0,0.0
2022-07-26 03:00:00,0.0,0.0,0.0,0.0,0.0,0.0,0.0,0.0,0.0,0.0
2022-07-26 03:05:00,0.0,0.0,0.0,0.0,0.0,0.0,0.0,0.0,0.0,0.0
2022-07-26 03:10:00,0.0,0.0,0.0,0.0,0.0,0.0,0.0,0.0,0.0,0.0
2022-07-26 03:15:00,0.0,0.0,0.0,0.0,0.0,0.0,0.0,0.0,0.0,0.0
2022-07-26 03:20:00,0.0,0.0,0.0,0.0,0.0,0.0,0.0,0.0,0.0,0.0
2022-07-26 03:25:00,0.0,0.0,0.0,0.0,0.0,0.0,0.0,0.0,0.0,0.0
2022-07-26 03:30:00,0.0,0.0,0.0,0.0,0.0,0.0,0.0,0.0,0.0,0.0
2022-07-26 03:35:00,0.0,0.0,0.0,0.0,0.0,0.0,0.0,0.0,0.0,0.0
2022-07-26 03:40:00,0.00021,0.0,0.0,0.0,0.0,0.0,0.0,0.0,0.0,0.0
2022-07-26 03:45:00,0.002541,0.0,0.0,0.0,0.0,0.0,0.001027,0.0,0.0,0.0
2022-07-26 03:50:00,0.006383,0.0,0.0,0.0,0.0,0.0,0.00327,0.0,0.0,0.0
2022-07-26 03:55:00,0.010874,0.0,0.0,0.0,0.0,0.0,0.006705,0.001569,0.0,0.0
2022-07-26 04:00:00,0.015813,0.0,0.0,0.0,0.0,0.002776,0.01078,0.005478,0.0,0.0
2022-07-26 04:05:00,0.020821,0.001182,0.000853,0.0,0.000195,0.006331,0.015724,0.009749,0.0,0.0
2022-07-26 04:10:00,0.02539,0.003842,0.002931,0.001104,0.002046,0.009886,0.020587,0.01384,0.0,0.0
2022-07-26 04:15:00,0.029489,0.006547,0.005054,0.002909,0.004115,0.013654,0.025228,0.01809,0.002076,0.002237
2022-07-26 04:20:00,0.030752,0.009927,0.007162,0.004765,0.006269,0.017272,0.028427,0.021436,0.006032,0.006556
2022-07-26 04:25:00,0.028316,0.014073,0.009164,0.006836,0.008546,0.020431,0.029606,0.0238,0.010293,0.011254
2022-07-26 04:30:00,0.024111,0.0187,0.01103,0.009303,0.011013,0.02298,0.029974,0.025636,0.014713,0.016406
2022-07-26 04:35:00,0.024036,0.022435,0.012498,0.011304,0.013652,0.026261,0.032416,0.028214,0.018896,0.022424
2022-07-26 04:40:00,0.031221,0.025018,0.013889,0.012961,0.016337,0.030551,0.037707,0.032384,0.022496,0.029151
2022-07-26 04:45:00,0.043085,0.026775,0.015404,0.014427,0.018972,0.035396,0.044126,0.037817,0.025127,0.035942
2022-07-26 04:50:00,0.050244,0.027888,0.017656,0.015779,0.021387,0.03817,0.051778,0.04486,0.025994,0.041683
2022-07-26 04:55:00,0.050224,0.028635,0.021381,0.017365,0.023489,0.036643,0.058513,0.054314,0.023996,0.045631
2022-07-26 05:00:00,0.04556,0.029261,0.026163,0.019213,0.025493,0.032523,0.064649,0.064384,0.020239,0.048255
2022-07-26 05:05:00,0.042516,0.030468,0.029331,0.020913,0.027737,0.028942,0.071101,0.073478,0.016895,0.048849
2022-07-26 05:10:00,0.044662,0.032622,0.030246,0.022758,0.030012,0.027437,0.076351,0.080112,0.014917,0.047977
2022-07-26 05:15:00,0.050961,0.035338,0.029776,0.02482,0.032384,0.027877,0.080452,0.085959,0.01426,0.046971
2022-07-26 05:20:00,0.061801,0.037477,0.029137,0.027237,0.034487,0.028444,0.083206,0.091012,0.015787,0.047587
2022-07-26 05:25:00,0.078901,0.038245,0.029694,0.029909,0.03592,0.033134,0.082131,0.095226,0.020645,0.055263
2022-07-26 05:30:00,0.099721,0.038132,0.031248,0.032745,0.037174,0.042172,0.078554,0.097625,0.027574,0.06685
2022-07-26 05:35:00,0.119337,0.038489,0.034407,0.034948,0.039436,0.050836,0.069855,0.099817,0.033053,0.0779
2022-07-26 05:40:00,0.132758,0.039989,0.039996,0.036219,0.043497,0.060636,0.059507,0.104379,0.036021,0.085103
2022-07-26 05:45:00,0.141682,0.041961,0.046741,0.036892,0.048654,0.071409,0.049009,0.111196,0.037363,0.087866
2022-07-26 05:50:00,0.150223,0.043082,0.054443,0.039965,0.054629,0.084109,0.040525,0.121503,0.0337,0.088084
2022-07-26 05:55:00,0.160984,0.041762,0.062518,0.046166,0.060974,0.098656,0.036642,0.135564,0.026506,0.093294
2022-07-26 06:00:00,0.174712,0.039023,0.070716,0.054265,0.067263,0.114057,0.036805,0.153057,0.017415,0.107558
2022-07-26 06:05:00,0.189911,0.037374,0.078838,0.060766,0.073377,0.129733,0.044389,0.170658,0.012803,0.127535
2022-07-26 06:10:00,0.204487,0.03821,0.085837,0.063291,0.079113,0.145599,0.061025,0.185175,0.016493,0.147466
2022-07-26 06:15:00,0.218041,0.040715,0.092545,0.063321,0.084962,0.161971,0.083837,0.197275,0.025186,0.165403
2022-07-26 06:20:00,0.230246,0.043516,0.103727,0.063394,0.09622,0.17913,0.110719,0.201498,0.033189,0.182958
2022-07-26 06:25:00,0.238161,0.04586,0.121234,0.064443,0.114313,0.196846,0.142155,0.195209,0.036625,0.200928
2022-07-26 06:30:00,0.241824,0.047946,0.142464,0.066589,0.136689,0.214683,0.175746,0.181874,0.036913,0.218929
2022-07-26 06:35:00,0.247484,0.051379,0.162068,0.072251,0.15765,0.232312,0.206271,0.176216,0.034235,0.23677
2022-07-26 06:40:00,0.260571,0.05659,0.175232,0.08288,0.172835,0.249719,0.229678,0.191919,0.028951,0.254457
2022-07-26 06:45:00,0.280414,0.062976,0.183666,0.097008,0.184345,0.267073,0.246436,0.223358,0.023189,0.272067
2022-07-26 06:50:00,0.299258,0.070772,0.18959,0.112546,0.194472,0.284441,0.249717,0.256017,0.026036,0.288345
2022-07-26 06:55:00,0.310346,0.07968,0.192993,0.128935,0.204502,0.301821,0.230704,0.284578,0.041784,0.301904
2022-07-26 07:00:00,0.314981,0.089481,0.195255,0.145224,0.214109,0.319194,0.199016,0.310561,0.065134,0.3127
2022-07-26 07:05:00,0.321846,0.102386,0.20057,0.158259,0.224588,0.337509,0.178276,0.334011,0.08467,0.3249
2022-07-26 07:10:00,0.336436,0.118424,0.211719,0.16512,0.235157,0.356101,0.178984,0.35298,0.09366,0.342818
2022-07-26 07:15:00,0.357282,0.135853,0.226921,0.168061,0.246242,0.374223,0.192716,0.368866,0.095276,0.366195
2022-07-26 07:20:00,0.37368,0.153607,0.248427,0.173342,0.267543,0.393678,0.205676,0.388216,0.090492,0.390544
2022-07-26 07:25:00,0.378606,0.167787,0.274321,0.183563,0.304412,0.412054,0.211503,0.415627,0.080359,0.412005
2022-07-26 07:30:00,0.376087,0.178687,0.303607,0.19684,0.353108,0.429472,0.213384,0.449163,0.068157,0.430946
2022-07-26 07:35:00,0.377643,0.191091,0.328441,0.207909,0.386361,0.440966,0.222759,0.481465,0.068627,0.448668
2022-07-26 07:40:00,0.395213,0.201482,0.341765,0.214544,0.384962,0.441749,0.238651,0.506154,0.089535,0.465145
2022-07-26 07:45:00,0.425206,0.210873,0.346111,0.219533,0.355768,0.43483,0.260818,0.524202,0.121688,0.480491
2022-07-26 07:50:00,0.460912,0.218378,0.357302,0.233684,0.333137,0.435059,0.293825,0.539755,0.134302,0.495463
2022-07-26 07:55:00,0.499696,0.222871,0.381586,0.263306,0.343324,0.455784,0.33918,0.552864,0.113286,0.510524
2022-07-26 08:00:00,0.539392,0.226235,0.416075,0.302641,0.37796,0.491755,0.391956,0.564558,0.070919,0.525367
2022-07-26 08:05:00,0.562939,0.229995,0.446331,0.329695,0.411106,0.515494,0.448878,0.576529,0.033436,0.531268
2022-07-26 08:10:00,0.561921,0.237164,0.462769,0.333864,0.425466,0.514565,0.503163,0.589666,0.015769,0.524537
2022-07-26 08:15:00,0.541148,0.246685,0.467004,0.322072,0.423107,0.493847,0.550343,0.602777,0.012847,0.507575
2022-07-26 08:20:00,0.51642,0.252073,0.459469,0.315675,0.402885,0.470488,0.577409,0.603505,0.021191,0.486202
2022-07-26 08:25:00,0.499983,0.253162,0.436394,0.32561,0.361674,0.461782,0.568057,0.586299,0.040391,0.471523
2022-07-26 08:30:00,0.489164,0.253699,0.403946,0.346984,0.30786,0.463606,0.530763,0.55603,0.065274,0.462176
2022-07-26 08:35:00,0.458522,0.256444,0.389454,0.339423,0.263481,0.447935,0.487505,0.523272,0.088249,0.463737
2022-07-26 08:40:00,0.401615,0.271296,0.409557,0.293982,0.244084,0.407527,0.437752,0.505651,0.101732,0.479192
2022-07-26 08:45:00,0.329959,0.293174,0.448298,0.227715,0.241952,0.351189,0.389608,0.499876,0.111057,0.505016
2022-07-26 08:50:00,0.288657,0.315479,0.462651,0.206139,0.237304,0.325127,0.349307,0.502619,0.124727,0.514799
2022-07-26 08:55:00,0.307652,0.335512,0.420896,0.271328,0.222236,0.355727,0.329832,0.514592,0.150505,0.50142
2022-07-26 09:00:00,0.3629,0.355123,0.341633,0.388751,0.205703,0.422189,0.324095,0.533643,0.182284,0.473359
2022-07-26 09:05:00,0.419614,0.383043,0.260131,0.495066,0.199994,0.482866,0.331014,0.544803,0.213156,0.457306
2022-07-26 09:10:00,0.446772,0.424753,0.203706,0.550918,0.227044,0.510868,0.3501,0.547373,0.23557,0.476895
2022-07-26 09:15:00,0.453241,0.473951,0.17023,0.570582,0.274746,0.515757,0.374928,0.546623,0.251013,0.519343
2022-07-26 09:20:00,0.445713,0.510227,0.172376,0.559082,0.338974,0.487302,0.384737,0.552071,0.259663,0.557745
2022-07-26 09:25:00,0.421102,0.523371,0.221937,0.514743,0.416211,0.426921,0.377986,0.579993,0.257366,0.579307
2022-07-26 09:30:00,0.390037,0.5225,0.296607,0.447662,0.497353,0.349764,0.362837,0.620435,0.248751,0.58795
2022-07-26 09:35:00,0.4084,0.513455,0.351533,0.367751,0.561895,0.309164,0.381128,0.64745,0.245018,0.574084
2022-07-26 09:40:00,0.495976,0.509638,0.356705,0.293076,0.591415,0.342745,0.433115,0.651938,0.251656,0.536748
2022-07-26 09:45:00,0.618295,0.508803,0.328872,0.224251,0.594831,0.42177,0.501121,0.639939,0.267086,0.483903
2022-07-26 09:50:00,0.691144,0.513581,0.279688,0.172146,0.575075,0.494922,0.534818,0.609371,0.303513,0.435928
2022-07-26 09:55:00,0.676984,0.525841,0.221141,0.146796,0.52879,0.530638,0.520511,0.567088,0.364526,0.413224
2022-07-26 10:00:00,0.599965,0.541245,0.163903,0.143702,0.465574,0.538948,0.478338,0.518454,0.438464,0.410236
2022-07-26 10:05:00,0.490488,0.543218,0.148284,0.170646,0.398689,0.498679,0.438103,0.485815,0.498096,0.430019
2022-07-26 10:10:00,0.384954,0.523286,0.207831,0.235712,0.346524,0.406246,0.413826,0.489969,0.526656,0.47525
2022-07-26 10:15:00,0.286695,0.489328,0.310681,0.323692,0.304962,0.282143,0.405576,0.516061,0.532781,0.535579
2022-07-26 10:20:00,0.209332,0.452027,0.401229,0.421626,0.252864,0.213333,0.438257,0.518132,0.537553,0.585011
2022-07-26 10:25:00,0.166798,0.425666,0.447254,0.515198,0.188019,0.245282,0.51476,0.476884,0.543655,0.611794
2022-07-26 10:30:00,0.14967,0.41076,0.458991,0.598177,0.119803,0.339281,0.603351,0.406534,0.549581,0.622737
2022-07-26 10:35:00,0.157973,0.420608,0.451476,0.647459,0.060122,0.422364,0.64047,0.333024,0.554735,0.61482
2022-07-26 10:40:00,0.190936,0.468188,0.417059,0.642247,0.037677,0.451139,0.602587,0.277562,0.550914,0.592384
2022-07-26 10:45:00,0.240661,0.534921,0.366219,0.597969,0.042647,0.443915,0.523776,0.235828,0.540021,0.561566
2022-07-26 10:50:00,0.313329,0.59949,0.300905,0.534188,0.073035,0.432107,0.453449,0.198774,0.526529,0.534893
2022-07-26 10:55:00,0.404707,0.641103,0.225741,0.460835,0.137533,0.426449,0.421125,0.167791,0.506905,0.52678
2022-07-26 11:00:00,0.505493,0.665832,0.150911,0.385077,0.219689,0.425872,0.412365,0.148515,0.484627,0.529974
2022-07-26 11:05:00,0.572523,0.666417,0.109312,0.33209,0.29239,0.419662,0.433565,0.137555,0.471958,0.533959
2022-07-26 11:10:00,0.591537,0.635745,0.133478,0.317717,0.339138,0.406208,0.475405,0.158974,0.472331,0.533117
2022-07-26 11:15:00,0.574594,0.581129,0.197966,0.328394,0.370556,0.388806,0.525177,0.200555,0.480698,0.530485
2022-07-26 11:20:00,0.542058,0.493686,0.246338,0.369835,0.402734,0.386766,0.538201,0.301366,0.490802,0.553518
2022-07-26 11:25:00,0.497138,0.377489,0.257664,0.430018,0.446133,0.407647,0.507172,0.458651,0.494908,0.607003
2022-07-26 11:30:00,0.447191,0.245183,0.24531,0.496458,0.495789,0.444367,0.455218,0.631027,0.495151,0.674488
2022-07-26 11:35:00,0.432783,0.132358,0.239437,0.535678,0.536371,0.480123,0.454148,0.726967,0.489268,0.721855
2022-07-26 11:40:00,0.466125,0.068595,0.25742,0.517596,0.563872,0.509043,0.514199,0.691917,0.477013,0.730397
2022-07-26 11:45:00,0.524569,0.039991,0.292087,0.462568,0.581397,0.528415,0.601283,0.567722,0.461522,0.71434
2022-07-26 11:50:00,0.53123,0.024176,0.330102,0.452892,0.599869,0.517826,0.65994,0.417799,0.433675,0.68719
2022-07-26 11:55:00,0.449823,0.01746,0.368473,0.50634,0.621447,0.464992,0.669359,0.294245,0.398005,0.659285
2022-07-26 12:00:00,0.313593,0.018469,0.407943,0.592409,0.642225,0.388645,0.652642,0.198842,0.356434,0.631918
2022-07-26 12:05:00,0.199054,0.025305,0.459713,0.62801,0.64939,0.331608,0.645912,0.116846,0.318181,0.624648
2022-07-26 12:10:00,0.155188,0.044668,0.527755,0.564408,0.632811,0.323958,0.656334,0.070425,0.289261,0.643629
2022-07-26 12:15:00,0.159946,0.073633,0.60098,0.43826,0.600862,0.351813,0.676996,0.049461,0.266225,0.677784
2022-07-26 12:20:00,0.174826,0.142144,0.646384,0.31691,0.565274,0.410351,0.712874,0.044816,0.24945,0.703707
2022-07-26 12:25:00,0.185288,0.255175,0.651134,0.249139,0.535465,0.494425,0.755247,0.06603,0.235812,0.710475
2022-07-26 12:30:00,0.192595,0.387407,0.630448,0.221649,0.508211,0.585522,0.795725,0.102046,0.223476,0.703548
2022-07-26 12:35:00,0.2133,0.480901,0.605711,0.216001,0.47724,0.652275,0.824054,0.116013,0.21407,0.692358
2022-07-26 12:40:00,0.251104,0.492584,0.592822,0.232433,0.436494,0.672499,0.83145,0.100916,0.203383,0.677229
2022-07-26 12:45:00,0.296557,0.453689,0.587373,0.262656,0.392942,0.661156,0.827217,0.06943,0.192853,0.659531
2022-07-26 12:50:00,0.327164,0.425685,0.57252,0.278255,0.391732,0.653769,0.820486,0.048588,0.188887,0.642898
2022-07-26 12:55:00,0.324859,0.435306,0.545598,0.274366,0.446157,0.652676,0.81151,0.06314,0.192025,0.627281
2022-07-26 13:00:00,0.30093,0.467958,0.50832,0.25553,0.53118,0.65658,0.800262,0.100581,0.199499,0.613882
2022-07-26 13:05:00,0.269437,0.533091,0.480977,0.237347,0.578778,0.675168,0.794299,0.154349,0.199803,0.600979
2022-07-26 13:10:00,0.235228,0.610964,0.463627,0.224273,0.561618,0.701158,0.789239,0.218494,0.188543,0.59214
2022-07-26 13:15:00,0.202273,0.686982,0.452425,0.214158,0.502022,0.728049,0.78498,0.28498,0.172447,0.585221
2022-07-26 13:20:00,0.173833,0.74564,0.428157,0.19393,0.443189,0.75071,0.780641,0.333403,0.158346,0.580073
2022-07-26 13:25:00,0.159051,0.76601,0.381958,0.159244,0.409019,0.755384,0.773366,0.347151,0.158516,0.575922
2022-07-26 13:30:00,0.15363,0.763011,0.327939,0.117841,0.391504,0.749367,0.763382,0.337531,0.168718,0.572893
2022-07-26 13:35:00,0.152994,0.746732,0.336401,0.082487,0.393659,0.733569,0.754407,0.308871,0.199234,0.572176
2022-07-26 13:40:00,0.158417,0.716622,0.431619,0.068484,0.409886,0.707501,0.74311,0.263732,0.252758,0.574311
2022-07-26 13:45:00,0.167939,0.67903,0.56679,0.072146,0.42991,0.674647,0.728111,0.210262,0.316307,0.576117
2022-07-26 13:50:00,0.187855,0.657548,0.646332,0.084633,0.419524,0.634686,0.705685,0.174361,0.346907,0.563243
2022-07-26 13:55:00,0.219222,0.659519,0.631362,0.114526,0.35545,0.58988,0.670113,0.171917,0.324862,0.529155
2022-07-26 14:00:00,0.255306,0.669287,0.555112,0.155614,0.259977,0.541501,0.628303,0.190933,0.268451,0.484902
2022-07-26 14:05:00,0.276605,0.659519,0.478492,0.214363,0.183046,0.51953,0.595568,0.210677,0.214635,0.462749
2022-07-26 14:10:00,0.270263,0.603809,0.434122,0.290719,0.151804,0.524904,0.574182,0.21999,0.181569,0.479383
2022-07-26 14:15:00,0.246731,0.517737,0.412102,0.373081,0.150948,0.543734,0.559605,0.222171,0.164002,0.515075
2022-07-26 14:20:00,0.225939,0.424144,0.390675,0.440793,0.152142,0.557666,0.546476,0.223163,0.162052,0.539724
2022-07-26 14:25:00,0.216818,0.336234,0.359297,0.476881,0.142768,0.548518,0.532261,0.224257,0.176119,0.537544
2022-07-26 14:30:00,0.216236,0.255783,0.323033,0.492018,0.12785,0.527459,0.51643,0.224824,0.199271,0.51965
2022-07-26 14:35:00,0.219241,0.187891,0.302229,0.495353,0.119133,0.509865,0.522814,0.223244,0.207995,0.500611
2022-07-26 14:40:00,0.224947,0.14123,0.304557,0.491488,0.124882,0.50194,0.538085,0.217502,0.193127,0.485829
2022-07-26 14:45:00,0.231972,0.110814,0.319287,0.482965,0.141593,0.499215,0.553353,0.21003,0.163591,0.474453
2022-07-26 14:50:00,0.2434,0.091254,0.343611,0.463054,0.166415,0.488329,0.54018,0.203909,0.1465,0.453501
2022-07-26 14:55:00,0.257745,0.085436,0.362962,0.433274,0.200334,0.465841,0.494402,0.203519,0.153994,0.424046
2022-07-26 15:00:00,0.273027,0.089378,0.376116,0.399166,0.237244,0.438043,0.434402,0.207955,0.177704,0.389583
2022-07-26 15:05:00,0.293088,0.100309,0.367947,0.365284,0.26942,0.418368,0.397628,0.221862,0.206018,0.379906
2022-07-26 15:10:00,0.314062,0.119463,0.327403,0.340815,0.287517,0.413764,0.390991,0.247017,0.231122,0.397719
2022-07-26 15:15:00,0.332249,0.143772,0.268737,0.32297,0.295299,0.416892,0.396617,0.276512,0.25275,0.426251
2022-07-26 15:20:00,0.342673,0.17654,0.218473,0.315361,0.292433,0.42222,0.389228,0.291433,0.272306,0.424847
2022-07-26 15:25:00,0.34064,0.215949,0.189027,0.319941,0.277844,0.425125,0.362888,0.285488,0.287442,0.381793
2022-07-26 15:30:00,0.32974,0.257255,0.173971,0.330007,0.256829,0.424634,0.329934,0.267371,0.298642,0.318182
2022-07-26 15:35:00,0.318222,0.288291,0.16162,0.328808,0.23708,0.414584,0.302431,0.247903,0.298527,0.273315
2022-07-26 15:40:00,0.302725,0.302207,0.150474,0.311031,0.223898,0.393833,0.28623,0.233719,0.289316,0.264889
2022-07-26 15:45:00,0.28515,0.303519,0.141207,0.284147,0.215324,0.368028,0.276021,0.222774,0.275211,0.276431
2022-07-26 15:50:00,0.270269,0.295204,0.140016,0.266944,0.209702,0.34932,0.272746,0.213404,0.26923,0.289915
2022-07-26 15:55:00,0.255145,0.278678,0.151358,0.265075,0.208099,0.338688,0.272817,0.205799,0.272327,0.294876
2022-07-26 16:00:00,0.24025,0.259011,0.169783,0.271356,0.208416,0.330739,0.272446,0.19916,0.277008,0.292432
2022-07-26 16:05:00,0.231594,0.242579,0.183659,0.271377,0.213328,0.320796,0.271211,0.197858,0.271361,0.280648
2022-07-26 16:10:00,0.225155,0.233809,0.187586,0.260412,0.220664,0.305331,0.264476,0.200221,0.253989,0.26075
2022-07-26 16:15:00,0.217334,0.228548,0.184814,0.244054,0.22779,0.287462,0.254394,0.202504,0.232317,0.238637
2022-07-26 16:20:00,0.205865,0.2171,0.174345,0.230974,0.225664,0.264759,0.247352,0.196109,0.210025,0.224418
2022-07-26 16:25:00,0.190525,0.196281,0.158095,0.223656,0.210888,0.239628,0.238181,0.179715,0.186953,0.216874
2022-07-26 16:30:00,0.174226,0.170969,0.139397,0.219237,0.189667,0.21652,0.226766,0.160461,0.164964,0.210564
2022-07-26 16:35:00,0.157934,0.14854,0.121613,0.213045,0.172292,0.19839,0.206736,0.146687,0.146992,0.198574
2022-07-26 16:40:00,0.143308,0.134106,0.110504,0.204401,0.162433,0.184637,0.184054,0.140284,0.130901,0.182163
2022-07-26 16:45:00,0.132555,0.125229,0.103567,0.194241,0.156961,0.172606,0.166361,0.136656,0.115635,0.166864
2022-07-26 16:50:00,0.125168,0.120789,0.104335,0.185822,0.153347,0.162539,0.155893,0.12966,0.102341,0.155561
2022-07-26 16:55:00,0.11836,0.120712,0.112041,0.176459,0.149745,0.153849,0.145705,0.118098,0.092889,0.144421
2022-07-26 17:00:00,0.111547,0.123082,0.122973,0.164041,0.145768,0.145597,0.131225,0.104467,0.085981,0.129841
2022-07-26 17:05:00,0.104789,0.120872,0.124351,0.146792,0.141971,0.136689,0.115448,0.093272,0.078957,0.112394
2022-07-26 17:10:00,0.097182,0.11216,0.110693,0.129824,0.137103,0.127575,0.103838,0.086627,0.071679,0.095302
2022-07-26 17:15:00,0.088713,0.100162,0.088555,0.119123,0.130689,0.118948,0.09837,0.082629,0.064886,0.080098
2022-07-26 17:20:00,0.080819,0.092343,0.071526,0.113161,0.118848,0.110781,0.096216,0.07894,0.061216,0.068349
2022-07-26 17:25:00,0.075157,0.091662,0.065916,0.106037,0.10281,0.102567,0.093063,0.075091,0.062126,0.062985
2022-07-26 17:30:00,0.071596,0.094066,0.067789,0.096137,0.085917,0.094398,0.089102,0.071298,0.065229,0.064648
2022-07-26 17:35:00,0.068034,0.093705,0.07108,0.085089,0.070277,0.086794,0.081472,0.067734,0.066011,0.068311
2022-07-26 17:40:00,0.062645,0.089298,0.074045,0.074713,0.057774,0.080248,0.06801,0.064349,0.062137,0.067408
2022-07-26 17:45:00,0.056577,0.083325,0.075767,0.064969,0.047448,0.07479,0.052808,0.060753,0.054891,0.062379
2022-07-26 17:50:00,0.051212,0.07541,0.072739,0.058671,0.041575,0.068475,0.043181,0.05653,0.048165,0.056651
2022-07-26 17:55:00,0.047204,0.065625,0.064223,0.056966,0.041121,0.060432,0.039117,0.051494,0.043631,0.0497
2022-07-26 18:00:00,0.043906,0.054461,0.052262,0.058185,0.044154,0.051751,0.038061,0.045786,0.040436,0.042698
2022-07-26 18:05:00,0.040289,0.044227,0.042985,0.058869,0.046708,0.045006,0.038485,0.040237,0.036717,0.037542
2022-07-26 18:10:00,0.035911,0.036837,0.039725,0.05712,0.04693,0.041438,0.039917,0.035553,0.031618,0.035353
2022-07-26 18:15:00,0.031352,0.031679,0.040445,0.053858,0.04531,0.03953,0.041505,0.031528,0.025888,0.034753
2022-07-26 18:20:00,0.027176,0.028687,0.041244,0.050286,0.041058,0.037431,0.041283,0.027682,0.020798,0.033585
2022-07-26 18:25:00,0.023347,0.028343,0.039923,0.046642,0.034468,0.034539,0.038568,0.023632,0.016824,0.030603
2022-07-26 18:30:00,0.019624,0.029655,0.037269,0.042614,0.026503,0.031141,0.034452,0.019162,0.013532,0.026394
2022-07-26 18:35:00,0.015878,0.029639,0.032914,0.037765,0.019662,0.026579,0.029673,0.014179,0.010348,0.021915
2022-07-26 18:40:00,0.012049,0.026794,0.026826,0.032188,0.01579,0.021239,0.025379,0.009051,0.006993,0.017551
2022-07-26 18:45:00,0.008104,0.022179,0.019612,0.026455,0.013843,0.015357,0.021038,0.004172,0.00351,0.013346
2022-07-26 18:50:00,0.004568,0.01634,0.012417,0.020376,0.011433,0.009932,0.016166,0.000349,0.00046,0.009542
2022-07-26 18:55:00,0.001964,0.010136,0.007002,0.01437,0.00778,0.005831,0.011329,0.0,0.0,0.00636
2022-07-26 19:00:00,0.0,0.004024,0.003021,0.008624,0.00334,0.002615,0.006959,0.0,0.0,0.003467
2022-07-26 19:05:00,0.0,0.0,0.0,0.003877,0.0,0.0,0.003578,0.0,0.0,0.000724
2022-07-26 19:10:00,0.0,0.0,0.0,0.000615,0.0,0.0,0.000378,0.0,0.0,0.0
2022-07-26 19:15:00,0.0,0.0,0.0,0.0,0.0,0.0,0.0,0.0,0.0,0.0
2022-07-26 19:20:00,0.0,0.0,0.0,0.0,0.0,0.0,0.0,0.0,0.0,0.0
2022-07-26 19:25:00,0.0,0.0,0.0,0.0,0.0,0.0,0.0,0.0,0.0,0.0
2022-07-26 19:30:00,0.0,0.0,0.0,0.0,0.0,0.0,0.0,0.0,0.0,0.0
2022-07-26 19:35:00,0.0,0.0,0.0,0.0,0.0,0.0,0.0,0.0,0.0,0.0
2022-07-26 19:40:00,0.0,0.0,0.0,0.0,0.0,0.0,0.0,0.0,0.0,0.0
2022-07-26 19:45:00,0.0,0.0,0.0,0.0,0.0,0.0,0.0,0.0,0.0,0.0
2022-07-26 19:50:00,0.0,0.0,0.0,0.0,0.0,0.0,0.0,0.0,0.0,0.0
2022-07-26 19:55:00,0.0,0.0,0.0,0.0,0.0,0.0,0.0,0.0,0.0,0.0
2022-07-26 20:00:00,0.0,0.0,0.0,0.0,0.0,0.0,0.0,0.0,0.0,0.0
2022-07-26 20:05:00,0.0,0.0,0.0,0.0,0.0,0.0,0.0,0.0,0.0,0.0
2022-07-26 20:10:00,0.0,0.0,0.0,0.0,0.0,0.0,0.0,0.0,0.0,0.0
2022-07-26 20:15:00,0.0,0.0,0.0,0.0,0.0,0.0,0.0,0.0,0.0,0.0
2022-07-26 20:20:00,0.0,0.0,0.0,0.0,0.0,0.0,0.0,0.0,0.0,0.0
2022-07-26 20:25:00,0.0,0.0,0.0,0.0,0.0,0.0,0.0,0.0,0.0,0.0
2022-07-26 20:30:00,0.0,0.0,0.0,0.0,0.0,0.0,0.0,0.0,0.0,0.0
2022-07-26 20:35:00,0.0,0.0,0.0,0.0,0.0,0.0,0.0,0.0,0.0,0.0
2022-07-26 20:40:00,0.0,0.0,0.0,0.0,0.0,0.0,0.0,0.0,0.0,0.0
2022-07-26 20:45:00,0.0,0.0,0.0,0.0,0.0,0.0,0.0,0.0,0.0,0.0
2022-07-26 20:50:00,0.0,0.0,0.0,0.0,0.0,0.0,0.0,0.0,0.0,0.0
2022-07-26 20:55:00,0.0,0.0,0.0,0.0,0.0,0.0,0.0,0.0,0.0,0.0
2022-07-26 21:00:00,0.0,0.0,0.0,0.0,0.0,0.0,0.0,0.0,0.0,0.0
2022-07-26 21:05:00,0.0,0.0,0.0,0.0,0.0,0.0,0.0,0.0,0.0,0.0
2022-07-26 21:10:00,0.0,0.0,0.0,0.0,0.0,0.0,0.0,0.0,0.0,0.0
2022-07-26 21:15:00,0.0,0.0,0.0,0.0,0.0,0.0,0.0,0.0,0.0,0.0
2022-07-26 21:20:00,0.0,0.0,0.0,0.0,0.0,0.0,0.0,0.0,0.0,0.0
2022-07-26 21:25:00,0.0,0.0,0.0,0.0,0.0,0.0,0.0,0.0,0.0,0.0
2022-07-26 21:30:00,0.0,0.0,0.0,0.0,0.0,0.0,0.0,0.0,0.0,0.0
2022-07-26 21:35:00,0.0,0.0,0.0,0.0,0.0,0.0,0.0,0.0,0.0,0.0
2022-07-26 21:40:00,0.0,0.0,0.0,0.0,0.0,0.0,0.0,0.0,0.0,0.0
2022-07-26 21:45:00,0.0,0.0,0.0,0.0,0.0,0.0,0.0,0.0,0.0,0.0
2022-07-26 21:50:00,0.0,0.0,0.0,0.0,0.0,0.0,0.0,0.0,0.0,0.0
2022-07-26 21:55:00,0.0,0.0,0.0,0.0,0.0,0.0,0.0,0.0,0.0,0.0
2022-07-26 22:00:00,0.0,0.0,0.0,0.0,0.0,0.0,0.0,0.0,0.0,0.0
2022-07-26 22:05:00,0.0,0.0,0.0,0.0,0.0,0.0,0.0,0.0,0.0,0.0
2022-07-26 22:10:00,0.0,0.0,0.0,0.0,0.0,0.0,0.0,0.0,0.0,0.0
2022-07-26 22:15:00,0.0,0.0,0.0,0.0,0.0,0.0,0.0,0.0,0.0,0.0
2022-07-26 22:20:00,0.0,0.0,0.0,0.0,0.0,0.0,0.0,0.0,0.0,0.0
2022-07-26 22:25:00,0.0,0.0,0.0,0.0,0.0,0.0,0.0,0.0,0.0,0.0
2022-07-26 22:30:00,0.0,0.0,0.0,0.0,0.0,0.0,0.0,0.0,0.0,0.0
2022-07-26 22:35:00,0.0,0.0,0.0,0.0,0.0,0.0,0.0,0.0,0.0,0.0
2022-07-26 22:40:00,0.0,0.0,0.0,0.0,0.0,0.0,0.0,0.0,0.0,0.0
2022-07-26 22:45:00,0.0,0.0,0.0,0.0,0.0,0.0,0.0,0.0,0.0,0.0
2022-07-26 22:50:00,0.0,0.0,0.0,0.0,0.0,0.0,0.0,0.0,0.0,0.0
2022-07-26 22:55:00,0.0,0.0,0.0,0.0,0.0,0.0,0.0,0.0,0.0,0.0
2022-07-26 23:00:00,0.0,0.0,0.0,0.0,0.0,0.0,0.0,0.0,0.0,0.0
2022-07-26 23:05:00,0.0,0.0,0.0,0.0,0.0,0.0,0.0,0.0,0.0,0.0
2022-07-26 23:10:00,0.0,0.0,0.0,0.0,0.0,0.0,0.0,0.0,0.0,0.0
2022-07-26 23:15:00,0.0,0.0,0.0,0.0,0.0,0.0,0.0,0.0,0.0,0.0
2022-07-26 23:20:00,0.0,0.0,0.0,0.0,0.0,0.0,0.0,0.0,0.0,0.0
2022-07-26 23:25:00,0.0,0.0,0.0,0.0,0.0,0.0,0.0,0.0,0.0,0.0
2022-07-26 23:30:00,0.0,0.0,0.0,0.0,0.0,0.0,0.0,0.0,0.0,0.0
2022-07-26 23:35:00,0.0,0.0,0.0,0.0,0.0,0.0,0.0,0.0,0.0,0.0
2022-07-26 23:40:00,0.0,0.0,0.0,0.0,0.0,0.0,0.0,0.0,0.0,0.0
2022-07-26 23:45:00,0.0,0.0,0.0,0.0,0.0,0.0,0.0,0.0,0.0,0.0
2022-07-26 23:50:00,0.0,0.0,0.0,0.0,0.0,0.0,0.0,0.0,0.0,0.0
2022-07-26 23:55:00,0.0,0.0,0.0,0.0,0.0,0.0,0.0,0.0,0.0,0.0
2022-07-27 00:00:00,0.0,0.0,0.0,0.0,0.0,0.0,0.0,0.0,0.0,0.0
2022-07-27 00:05:00,0.0,0.0,0.0,0.0,0.0,0.0,0.0,0.0,0.0,0.0
2022-07-27 00:10:00,0.0,0.0,0.0,0.0,0.0,0.0,0.0,0.0,0.0,0.0
2022-07-27 00:15:00,0.0,0.0,0.0,0.0,0.0,0.0,0.0,0.0,0.0,0.0
2022-07-27 00:20:00,0.0,0.0,0.0,0.0,0.0,0.0,0.0,0.0,0.0,0.0
2022-07-27 00:25:00,0.0,0.0,0.0,0.0,0.0,0.0,0.0,0.0,0.0,0.0
2022-07-27 00:30:00,0.0,0.0,0.0,0.0,0.0,0.0,0.0,0.0,0.0,0.0
2022-07-27 00:35:00,0.0,0.0,0.0,0.0,0.0,0.0,0.0,0.0,0.0,0.0
2022-07-27 00:40:00,0.0,0.0,0.0,0.0,0.0,0.0,0.0,0.0,0.0,0.0
2022-07-27 00:45:00,0.0,0.0,0.0,0.0,0.0,0.0,0.0,0.0,0.0,0.0
2022-07-27 00:50:00,0.0,0.0,0.0,0.0,0.0,0.0,0.0,0.0,0.0,0.0
2022-07-27 00:55:00,0.0,0.0,0.0,0.0,0.0,0.0,0.0,0.0,0.0,0.0
2022-07-27 01:00:00,0.0,0.0,0.0,0.0,0.0,0.0,0.0,0.0,0.0,0.0
2022-07-27 01:05:00,0.0,0.0,0.0,0.0,0.0,0.0,0.0,0.0,0.0,0.0
2022-07-27 01:10:00,0.0,0.0,0.0,0.0,0.0,0.0,0.0,0.0,0.0,0.0
2022-07-27 01:15:00,0.0,0.0,0.0,0.0,0.0,0.0,0.0,0.0,0.0,0.0
2022-07-27 01:20:00,0.0,0.0,0.0,0.0,0.0,0.0,0.0,0.0,0.0,0.0
2022-07-27 01:25:00,0.0,0.0,0.0,0.0,0.0,0.0,0.0,0.0,0.0,0.0
2022-07-27 01:30:00,0.0,0.0,0.0,0.0,0.0,0.0,0.0,0.0,0.0,0.0
2022-07-27 01:35:00,0.0,0.0,0.0,0.0,0.0,0.0,0.0,0.0,0.0,0.0
2022-07-27 01:40:00,0.0,0.0,0.0,0.0,0.0,0.0,0.0,0.0,0.0,0.0
2022-07-27 01:45:00,0.0,0.0,0.0,0.0,0.0,0.0,0.0,0.0,0.0,0.0
2022-07-27 01:50:00,0.0,0.0,0.0,0.0,0.0,0.0,0.0,0.0,0.0,0.0
2022-07-27 01:55:00,0.0,0.0,0.0,0.0,0.0,0.0,0.0,0.0,0.0,0.0
2022-07-27 02:00:00,0.0,0.0,0.0,0.0,0.0,0.0,0.0,0.0,0.0,0.0
2022-07-27 02:05:00,0.0,0.0,0.0,0.0,0.0,0.0,0.0,0.0,0.0,0.0
2022-07-27 02:10:00,0.0,0.0,0.0,0.0,0.0,0.0,0.0,0.0,0.0,0.0
2022-07-27 02:15:00,0.0,0.0,0.0,0.0,0.0,0.0,0.0,0.0,0.0,0.0
2022-07-27 02:20:00,0.0,0.0,0.0,0.0,0.0,0.0,0.0,0.0,0.0,0.0
2022-07-27 02:25:00,0.0,0.0,0.0,0.0,0.0,0.0,0.0,0.0,0.0,0.0
2022-07-27 02:30:00,0.0,0.0,0.0,0.0,0.0,0.0,0.0,0.0,0.0,0.0
2022-07-27 02:35:00,0.0,0.0,0.0,0.0,0.0,0.0,0.0,0.0,0.0,0.0
2022-07-27 02:40:00,0.0,0.0,0.0,0.0,0.0,0.0,0.0,0.0,0.0,0.0
2022-07-27 02:45:00,0.0,0.0,0.0,0.0,0.0,0.0,0.0,0.0,0.0,0.0
2022-07-27 02:50:00,0.0,0.0,0.0,0.0,0.0,0.0,0.0,0.0,0.0,0.0
2022-07-27 02:55:00,0.0,0.0,0.0,0.0,0.0,0.0,0.0,0.0,0.0,0.0
2022-07-27 03:00:00,0.0,0.0,0.0,0.0,0.0,0.0,0.0,0.0,0.0,0.0
2022-07-27 03:05:00,0.0,0.0,0.0,0.0,0.0,0.0,0.0,0.0,0.0,0.0
2022-07-27 03:10:00,0.0,0.0,0.0,0.0,0.0,0.0,0.0,0.0,0.0,0.0
2022-07-27 03:15:00,0.0,0.0,0.0,0.0,0.0,0.0,0.0,0.0,0.0,0.0
2022-07-27 03:20:00,0.0,0.0,0.0,0.0,0.0,0.0,0.0,0.0,0.0,0.0
2022-07-27 03:25:00,0.0,0.0,0.0,0.0,0.0,0.0,0.0,0.0,0.0,0.0
2022-07-27 03:30:00,0.000269,0.0,0.0,0.0,0.0,0.0,0.0,0.0,0.0,0.0
2022-07-27 03:35:00,0.002987,0.0,0.0,0.0,0.0,0.0,0.0,0.0,0.0,0.0
2022-07-27 03:40:00,0.005743,0.0,0.0,0.0,0.0,0.0,0.0,0.0,0.0,0.0
2022-07-27 03:45:00,0.008653,0.0,0.0,0.0,0.0,0.0,0.0,0.0,0.0,0.0
2022-07-27 03:50:00,0.011378,0.0,0.0,0.0,0.0,0.0,0.000309,0.0,0.0,0.0
2022-07-27 03:55:00,0.013671,0.0,0.0,0.0,0.0,0.0,0.002812,0.000444,0.0,0.0
2022-07-27 04:00:00,0.015878,0.000368,0.00217,0.0,0.001494,0.0,0.005665,0.004048,0.0,0.0
2022-07-27 04:05:00,0.018847,0.00309,0.005761,0.002177,0.004544,0.000537,0.010019,0.008126,3.6e-05,0.000299
2022-07-27 04:10:00,0.023358,0.006068,0.009564,0.004907,0.007488,0.002973,0.01487,0.012004,0.0042,0.00239
2022-07-27 04:15:00,0.028492,0.009381,0.013593,0.007878,0.010471,0.005626,0.020284,0.015882,0.009212,0.004882
2022-07-27 04:20:00,0.033688,0.012807,0.017453,0.011534,0.013329,0.008328,0.026011,0.019533,0.014149,0.008117
2022-07-27 04:25:00,0.03928,0.016046,0.020861,0.015762,0.015814,0.011028,0.031697,0.022725,0.018062,0.012018
2022-07-27 04:30:00,0.045264,0.018956,0.023935,0.020163,0.017882,0.013773,0.037408,0.02557,0.021321,0.016131
2022-07-27 04:35:00,0.050704,0.021436,0.026712,0.023587,0.019601,0.016103,0.042219,0.028223,0.023838,0.020067
2022-07-27 04:40:00,0.055098,0.023467,0.029004,0.025574,0.021318,0.018167,0.046799,0.03092,0.025738,0.023506
2022-07-27 04:45:00,0.058704,0.025438,0.030947,0.026504,0.023204,0.020155,0.05093,0.033617,0.02728,0.026516
2022-07-27 04:50:00,0.062272,0.027963,0.032319,0.027049,0.025673,0.022171,0.054233,0.035734,0.029594,0.028987
2022-07-27 04:55:00,0.066046,0.031294,0.03277,0.027379,0.028916,0.024861,0.056769,0.037402,0.033037,0.030632
2022-07-27 05:00:00,0.069983,0.034872,0.032602,0.027598,0.032391,0.028031,0.058695,0.038824,0.037205,0.031798
2022-07-27 05:05:00,0.074621,0.03771,0.032469,0.027885,0.035144,0.031347,0.059911,0.040274,0.042876,0.034473
2022-07-27 05:10:00,0.079579,0.039359,0.032512,0.027981,0.036715,0.034306,0.059887,0.042145,0.049604,0.039356
2022-07-27 05:15:00,0.085001,0.040196,0.03266,0.028077,0.037404,0.037193,0.060281,0.044509,0.057212,0.045471
2022-07-27 05:20:00,0.092151,0.040609,0.032798,0.028996,0.037636,0.041927,0.056241,0.043027,0.060234,0.050922
2022-07-27 05:25:00,0.10126,0.040546,0.032786,0.031419,0.037566,0.04902,0.055341,0.037076,0.058501,0.054059
2022-07-27 05:30:00,0.111826,0.041378,0.035776,0.035648,0.038913,0.057628,0.060079,0.028497,0.053791,0.055655
2022-07-27 05:35:00,0.121749,0.045331,0.041336,0.042697,0.043384,0.065884,0.072602,0.024129,0.053142,0.057884
2022-07-27 05:40:00,0.131754,0.051444,0.049114,0.05021,0.050037,0.072595,0.092265,0.027611,0.060291,0.061654
2022-07-27 05:45:00,0.143476,0.059667,0.059113,0.058669,0.058849,0.078623,0.112457,0.036173,0.072281,0.066673
2022-07-27 05:50:00,0.157253,0.070514,0.071477,0.06937,0.070194,0.087094,0.126739,0.045595,0.087049,0.072119
2022-07-27 05:55:00,0.170935,0.083738,0.086032,0.082548,0.083902,0.100182,0.131043,0.053411,0.10137,0.077615
2022-07-27 06:00:00,0.183292,0.098157,0.101752,0.097112,0.098836,0.116329,0.127963,0.059974,0.115077,0.083551
2022-07-27 06:05:00,0.189781,0.112961,0.117816,0.112009,0.114106,0.132328,0.124515,0.064378,0.130702,0.091973
2022-07-27 06:10:00,0.18652,0.127931,0.134086,0.126974,0.129535,0.146835,0.123899,0.066392,0.147584,0.104485
2022-07-27 06:15:00,0.174925,0.143399,0.150975,0.142433,0.145493,0.161273,0.12574,0.066571,0.165133,0.11958
2022-07-27 06:20:00,0.164211,0.159693,0.168784,0.158631,0.162158,0.175996,0.131259,0.066035,0.178218,0.13341
2022-07-27 06:25:00,0.163427,0.176812,0.187159,0.175498,0.179452,0.188846,0.137753,0.065178,0.181415,0.144607
2022-07-27 06:30:00,0.17049,0.194785,0.205419,0.193056,0.197412,0.199376,0.145098,0.064653,0.177848,0.153785
2022-07-27 06:35:00,0.179218,0.213015,0.223359,0.211372,0.215577,0.210024,0.16015,0.067101,0.173263,0.164913
2022-07-27 06:40:00,0.186029,0.229822,0.239198,0.230217,0.231871,0.223351,0.179606,0.074596,0.173831,0.179371
2022-07-27 06:45:00,0.191363,0.244319,0.25257,0.249335,0.244958,0.239866,0.199947,0.085371,0.178532,0.196192
2022-07-27 06:50:00,0.198993,0.257131,0.266085,0.268548,0.25619,0.257794,0.206945,0.095361,0.190846,0.21098
2022-07-27 06:55:00,0.210408,0.269965,0.284008,0.287173,0.268679,0.275085,0.1944,0.103899,0.212853,0.220794
2022-07-27 07:00:00,0.224296,0.283305,0.307373,0.304896,0.28322,0.291713,0.173047,0.111259,0.24068,0.226982
2022-07-27 07:05:00,0.23751,0.299249,0.333037,0.322886,0.294006,0.311276,0.164781,0.124122,0.268655,0.233964
2022-07-27 07:10:00,0.247622,0.321128,0.356521,0.34146,0.299056,0.335661,0.180957,0.142827,0.289185,0.243946
2022-07-27 07:15:00,0.255643,0.348837,0.377336,0.360216,0.298513,0.364934,0.213912,0.165126,0.304172,0.255685
2022-07-27 07:20:00,0.270541,0.377029,0.39189,0.374307,0.298052,0.394004,0.261227,0.182357,0.325734,0.269534
2022-07-27 07:25:00,0.29513,0.399554,0.397422,0.378598,0.305237,0.417436,0.325016,0.190487,0.354657,0.283714
2022-07-27 07:30:00,0.326335,0.417122,0.394544,0.374076,0.318776,0.436118,0.396882,0.192604,0.388946,0.298025
2022-07-27 07:35:00,0.350176,0.433665,0.390422,0.365329,0.334044,0.453408,0.457145,0.200118,0.41974,0.306604
2022-07-27 07:40:00,0.358613,0.45108,0.391245,0.358544,0.350059,0.470987,0.493279,0.216793,0.433995,0.305697
2022-07-27 07:45:00,0.355204,0.469188,0.39622,0.354252,0.367381,0.488891,0.514127,0.239242,0.435757,0.298011
2022-07-27 07:50:00,0.344281,0.478614,0.415109,0.351725,0.376471,0.506102,0.531097,0.264616,0.428899,0.285852
2022-07-27 07:55:00,0.330038,0.476199,0.449105,0.354204,0.377594,0.521522,0.547845,0.288321,0.416387,0.274354
2022-07-27 08:00:00,0.31455,0.464461,0.493659,0.360529,0.372564,0.535546,0.561741,0.310983,0.401422,0.263835
2022-07-27 08:05:00,0.308186,0.451238,0.536264,0.358075,0.369344,0.549873,0.571713,0.333038,0.395531,0.262964
2022-07-27 08:10:00,0.317716,0.449648,0.563368,0.346034,0.376821,0.565373,0.567975,0.35263,0.409437,0.275025
2022-07-27 08:15:00,0.337423,0.457561,0.579363,0.327969,0.390987,0.58164,0.552239,0.369668,0.436967,0.296195
2022-07-27 08:20:00,0.348394,0.463292,0.581344,0.301428,0.41647,0.597624,0.505376,0.375568,0.454903,0.330239
2022-07-27 08:25:00,0.342498,0.465866,0.569037,0.2782,0.448877,0.612437,0.425536,0.366312,0.453585,0.374665
2022-07-27 08:30:00,0.325891,0.464585,0.544105,0.258558,0.483629,0.626192,0.329951,0.347311,0.437438,0.425306
2022-07-27 08:35:00,0.318315,0.450128,0.51615,0.262409,0.49393,0.640195,0.245167,0.330083,0.413266,0.469586
2022-07-27 08:40:00,0.330092,0.421742,0.49223,0.299721,0.460755,0.654679,0.202428,0.323308,0.388482,0.496939
2022-07-27 08:45:00,0.354405,0.384766,0.472261,0.357407,0.396702,0.668448,0.189931,0.32294,0.365217,0.512811
2022-07-27 08:50:00,0.38408,0.342828,0.463955,0.415124,0.328213,0.682527,0.21926,0.323994,0.341762,0.520543
2022-07-27 08:55:00,0.411283,0.309956,0.471891,0.453874,0.281326,0.694694,0.29006,0.322724,0.326388,0.522921
2022-07-27 09:00:00,0.435365,0.286631,0.488908,0.476229,0.254122,0.705692,0.378136,0.32216,0.317159,0.521222
2022-07-27 09:05:00,0.449743,0.299452,0.491618,0.464655,0.273256,0.716708,0.440861,0.340657,0.312744,0.530804
2022-07-27 09:10:00,0.447235,0.363303,0.463325,0.405506,0.35003,0.72777,0.457602,0.386767,0.316368,0.555857
2022-07-27 09:15:00,0.434214,0.45527,0.414472,0.317426,0.458629,0.738312,0.454228,0.448566,0.325714,0.589393
2022-07-27 09:20:00,0.397569,0.52407,0.366402,0.254543,0.537387,0.748726,0.46203,0.514781,0.339765,0.608676
2022-07-27 09:25:00,0.343032,0.534918,0.333671,0.251323,0.546325,0.757676,0.503697,0.566474,0.35822,0.59875
2022-07-27 09:30:00,0.279705,0.506213,0.314797,0.288948,0.507338,0.76527,0.552713,0.606209,0.379228,0.568589
2022-07-27 09:35:00,0.25467,0.472311,0.324108,0.352703,0.451822,0.763717,0.561387,0.642008,0.394838,0.544562
2022-07-27 09:40:00,0.29276,0.450933,0.368516,0.427934,0.402111,0.751124,0.505609,0.665347,0.403341,0.541328
2022-07-27 09:45:00,0.368732,0.439091,0.43111,0.506209,0.360163,0.730141,0.418377,0.679395,0.406168,0.552642
2022-07-27 09:50:00,0.405011,0.416242,0.467421,0.558665,0.337635,0.703151,0.376077,0.66748,0.385765,0.566799
2022-07-27 09:55:00,0.370782,0.378484,0.448666,0.563287,0.347377,0.677151,0.404061,0.620396,0.342283,0.575255
2022-07-27 10:00:00,0.290714,0.3312,0.394039,0.534431,0.37723,0.653248,0.465186,0.548782,0.288114,0.580692
2022-07-27 10:05:00,0.237072,0.307899,0.330098,0.482104,0.38805,0.632544,0.486984,0.488059,0.26894,0.592891
2022-07-27 10:10:00,0.24648,0.321052,0.277203,0.416998,0.368045,0.624893,0.443861,0.464058,0.315208,0.615641
2022-07-27 10:15:00,0.296913,0.359305,0.234845,0.346841,0.327081,0.625756,0.370603,0.466616,0.400469,0.643296
2022-07-27 10:20:00,0.345594,0.41736,0.21889,0.310274,0.285868,0.631905,0.345528,0.476075,0.474828,0.653344
2022-07-27 10:25:00,0.370289,0.485208,0.240792,0.328955,0.259427,0.644082,0.390903,0.483003,0.511144,0.636145
2022-07-27 10:30:00,0.380542,0.557451,0.286784,0.382507,0.245534,0.658913,0.46813,0.487265,0.520218,0.60084
2022-07-27 10:35:00,0.401344,0.617762,0.348309,0.438129,0.257853,0.665443,0.492849,0.499155,0.515567,0.580594
2022-07-27 10:40:00,0.442463,0.6554,0.414389,0.473789,0.302932,0.659223,0.442694,0.51725,0.499678,0.592142
2022-07-27 10:45:00,0.49583,0.674866,0.48028,0.496161,0.366768,0.643094,0.358863,0.539428,0.477693,0.624145
2022-07-27 10:50:00,0.54071,0.672373,0.527452,0.531327,0.421937,0.6198,0.328369,0.555798,0.446843,0.655728
2022-07-27 10:55:00,0.566081,0.640777,0.541108,0.583089,0.451745,0.591518,0.385013,0.560627,0.413214,0.674561
2022-07-27 11:00:00,0.575309,0.589631,0.532099,0.641862,0.462663,0.562152,0.483466,0.558884,0.379664,0.683094
2022-07-27 11:05:00,0.57013,0.539731,0.517298,0.681751,0.460125,0.545554,0.55834,0.561269,0.359854,0.681629
2022-07-27 11:10:00,0.546387,0.5047,0.503735,0.685923,0.442351,0.553862,0.583232,0.574338,0.36492,0.666276
2022-07-27 11:15:00,0.512265,0.483706,0.492191,0.666863,0.416502,0.576889,0.576809,0.595341,0.385495,0.640606
2022-07-27 11:20:00,0.505954,0.607671,0.387384,0.71649,0.444029,0.60776,0.646847,0.668,0.264313,0.569109
2022-07-27 11:25:00,0.495254,0.619412,0.369963,0.71634,0.43998,0.618742,0.651041,0.681487,0.25494,0.551349
2022-07-27 11:30:00,0.492311,0.622238,0.367156,0.712547,0.438686,0.618621,0.646544,0.683855,0.253761,0.545592
2022-07-27 11:35:00,0.476644,0.608983,0.373297,0.620436,0.427798,0.615721,0.58458,0.632993,0.2793,0.552853
2022-07-27 11:40:00,0.469043,0.603083,0.377117,0.578045,0.423385,0.612992,0.543127,0.610621,0.290663,0.555812
2022-07-27 11:45:00,0.450117,0.588014,0.385507,0.471946,0.413513,0.60602,0.465328,0.559148,0.317408,0.560292
2022-07-27 11:50:00,0.421133,0.568754,0.390867,0.382522,0.419985,0.616054,0.40923,0.499505,0.333487,0.553693
2022-07-27 11:55:00,0.384939,0.550421,0.388854,0.35731,0.451051,0.642952,0.394132,0.460627,0.325522,0.523063
2022-07-27 12:00:00,0.345719,0.533191,0.382065,0.377376,0.496784,0.67782,0.401809,0.436038,0.302638,0.479288
2022-07-27 12:05:00,0.323968,0.499962,0.416076,0.427215,0.529812,0.666825,0.409815,0.421472,0.307769,0.44916
2022-07-27 12:10:00,0.330324,0.453656,0.493089,0.492933,0.539077,0.59302,0.406807,0.418667,0.350861,0.447661
2022-07-27 12:15:00,0.354882,0.400135,0.593152,0.561077,0.530025,0.477732,0.39805,0.42404,0.41699,0.462676
2022-07-27 12:20:00,0.380765,0.356524,0.676068,0.586703,0.490428,0.377263,0.405452,0.44231,0.488033,0.484463
2022-07-27 12:25:00,0.399139,0.338227,0.717664,0.543271,0.416842,0.333676,0.424725,0.474365,0.54495,0.497405
2022-07-27 12:30:00,0.412415,0.336642,0.72896,0.45822,0.327571,0.329095,0.448366,0.511775,0.590149,0.505939
2022-07-27 12:35:00,0.417743,0.341748,0.691991,0.377231,0.259505,0.334214,0.492948,0.527323,0.592086,0.512219
2022-07-27 12:40:00,0.415834,0.348678,0.597534,0.336398,0.249749,0.336207,0.537374,0.508765,0.545495,0.518402
2022-07-27 12:45:00,0.40891,0.357082,0.465637,0.325934,0.277585,0.337276,0.577604,0.471147,0.465693,0.521938
2022-07-27 12:50:00,0.394425,0.35979,0.354506,0.329403,0.327648,0.354601,0.572677,0.440232,0.370242,0.537522
2022-07-27 12:55:00,0.372812,0.356122,0.305222,0.351863,0.389043,0.393373,0.517043,0.43672,0.278416,0.55777
2022-07-27 13:00:00,0.347039,0.348048,0.298995,0.382808,0.452569,0.444915,0.435673,0.449271,0.192569,0.580262
2022-07-27 13:05:00,0.338318,0.330015,0.323744,0.413136,0.476418,0.507494,0.403189,0.474518,0.132864,0.581011
2022-07-27 13:10:00,0.351723,0.304975,0.365714,0.432796,0.441262,0.568833,0.430104,0.502696,0.117603,0.551855
2022-07-27 13:15:00,0.378944,0.276398,0.415774,0.442918,0.368645,0.62457,0.483749,0.529813,0.133112,0.502965
2022-07-27 13:20:00,0.417412,0.252677,0.448559,0.430342,0.310709,0.674842,0.503708,0.535581,0.160511,0.447793
2022-07-27 13:25:00,0.457154,0.24288,0.44656,0.386755,0.292207,0.709222,0.470124,0.509199,0.193502,0.395874
2022-07-27 13:30:00,0.494028,0.242129,0.423568,0.324772,0.302278,0.730551,0.410686,0.464002,0.228925,0.349952
2022-07-27 13:35:00,0.504664,0.255753,0.416122,0.271405,0.323195,0.744374,0.354732,0.437455,0.280948,0.346663
2022-07-27 13:40:00,0.478399,0.280838,0.435718,0.241924,0.348729,0.743278,0.32234,0.443605,0.345189,0.398412
2022-07-27 13:45:00,0.42996,0.312357,0.470729,0.228508,0.375551,0.732804,0.305843,0.467302,0.412454,0.478746
2022-07-27 13:50:00,0.384998,0.340284,0.515701,0.230972,0.411567,0.722397,0.339494,0.492117,0.452587,0.549139
2022-07-27 13:55:00,0.357814,0.355779,0.55489,0.245064,0.451875,0.71102,0.41075,0.49959,0.44717,0.580709
2022-07-27 14:00:00,0.343132,0.363964,0.587118,0.266449,0.492532,0.698643,0.494253,0.495713,0.412705,0.5865
2022-07-27 14:05:00,0.347804,0.356541,0.601473,0.302293,0.519088,0.689806,0.558008,0.480917,0.364294,0.59705
2022-07-27 14:10:00,0.36932,0.337861,0.590565,0.346525,0.524247,0.680494,0.579671,0.452889,0.311953,0.612539
2022-07-27 14:15:00,0.398318,0.312542,0.564866,0.394351,0.514866,0.670501,0.576008,0.418556,0.259064,0.627086
2022-07-27 14:20:00,0.412961,0.303813,0.531889,0.457344,0.491582,0.660747,0.552119,0.38305,0.216438,0.639373
2022-07-27 14:25:00,0.399768,0.321247,0.499351,0.52217,0.456771,0.648513,0.508143,0.355058,0.193774,0.635803
2022-07-27 14:30:00,0.369829,0.354552,0.468852,0.577859,0.417434,0.634106,0.457047,0.333766,0.18569,0.620048
2022-07-27 14:35:00,0.343915,0.370733,0.468699,0.606342,0.415878,0.62113,0.450304,0.330616,0.193547,0.579469
2022-07-27 14:40:00,0.328119,0.359665,0.502365,0.590667,0.460269,0.606799,0.484673,0.351469,0.217707,0.503614
2022-07-27 14:45:00,0.319272,0.332028,0.548978,0.550995,0.523037,0.592355,0.533521,0.383997,0.251795,0.411015
2022-07-27 14:50:00,0.303517,0.308609,0.582873,0.526655,0.572784,0.577376,0.562676,0.413068,0.267909,0.348013
2022-07-27 14:55:00,0.277245,0.301474,0.587777,0.529303,0.586462,0.561795,0.564221,0.427568,0.259892,0.342821
2022-07-27 15:00:00,0.24557,0.30474,0.574772,0.545052,0.578546,0.545711,0.550749,0.432305,0.236757,0.371468
2022-07-27 15:05:00,0.242838,0.306426,0.546925,0.556595,0.566505,0.529756,0.525072,0.428163,0.230139,0.407542
2022-07-27 15:10:00,0.274408,0.304032,0.503589,0.551786,0.551523,0.51332,0.490447,0.417328,0.251275,0.433731
2022-07-27 15:15:00,0.321764,0.299466,0.453039,0.536402,0.534609,0.496812,0.453554,0.403145,0.286047,0.449664
2022-07-27 15:20:00,0.345425,0.301934,0.40913,0.521646,0.510853,0.480913,0.41378,0.394997,0.305146,0.456341
2022-07-27 15:25:00,0.330051,0.314136,0.380265,0.504521,0.478389,0.466074,0.378604,0.39349,0.293857,0.449843
2022-07-27 15:30:00,0.293148,0.330772,0.361697,0.48681,0.441764,0.450983,0.348813,0.392951,0.265332,0.434997
2022-07-27 15:35:00,0.255115,0.354404,0.342888,0.470373,0.392016,0.435915,0.341767,0.388393,0.2372,0.414574
2022-07-27 15:40:00,0.223736,0.377918,0.323468,0.4544,0.332507,0.418788,0.3538,0.374775,0.218038,0.387276
2022-07-27 15:45:00,0.197378,0.397209,0.304341,0.438694,0.269515,0.400727,0.36986,0.356457,0.204571,0.357441
2022-07-27 15:50:00,0.185734,0.40417,0.29134,0.422165,0.222757,0.383435,0.374798,0.337667,0.191388,0.332241
2022-07-27 15:55:00,0.190655,0.396152,0.286415,0.404408,0.202476,0.366292,0.364401,0.318455,0.178046,0.311483
2022-07-27 16:00:00,0.204137,0.38005,0.285201,0.385394,0.198448,0.34905,0.347019,0.299332,0.165047,0.292773
2022-07-27 16:05:00,0.217872,0.36234,0.284697,0.366955,0.199019,0.331228,0.328045,0.280854,0.155586,0.278736
2022-07-27 16:10:00,0.222832,0.344995,0.282027,0.34785,0.198344,0.312661,0.308823,0.263006,0.1517,0.265917
2022-07-27 16:15:00,0.2191,0.327618,0.276621,0.328018,0.196672,0.293798,0.289742,0.245096,0.152176,0.254187
2022-07-27 16:20:00,0.208368,0.305643,0.259434,0.297357,0.194312,0.275284,0.270743,0.226726,0.156217,0.244364
2022-07-27 16:25:00,0.192463,0.280614,0.231734,0.257685,0.191478,0.257183,0.251784,0.208332,0.163231,0.234695
2022-07-27 16:30:00,0.174795,0.256157,0.201227,0.21792,0.188816,0.239229,0.23317,0.190368,0.168362,0.223307
2022-07-27 16:35:00,0.156886,0.234407,0.18049,0.188518,0.184015,0.221256,0.215106,0.172729,0.165706,0.208811
2022-07-27 16:40:00,0.141291,0.21658,0.172745,0.171717,0.178788,0.203236,0.197187,0.155218,0.153833,0.191988
2022-07-27 16:45:00,0.13098,0.201376,0.170744,0.161001,0.173108,0.185164,0.179195,0.13775,0.139273,0.174604
2022-07-27 16:50:00,0.123604,0.187779,0.169077,0.15674,0.162907,0.167139,0.161354,0.120555,0.129292,0.156447
2022-07-27 16:55:00,0.111676,0.17589,0.163682,0.156143,0.149772,0.149494,0.14395,0.104449,0.12276,0.140805
2022-07-27 17:00:00,0.094143,0.164971,0.155909,0.153609,0.135764,0.132565,0.127269,0.089718,0.116204,0.130746
2022-07-27 17:05:00,0.077859,0.154453,0.144535,0.144702,0.125801,0.116509,0.111716,0.076404,0.107362,0.123458
2022-07-27 17:10:00,0.070327,0.143861,0.129656,0.130069,0.122819,0.101458,0.097122,0.064722,0.095741,0.110985
2022-07-27 17:15:00,0.07254,0.132839,0.114224,0.113669,0.12279,0.087637,0.083798,0.054842,0.083027,0.092125
2022-07-27 17:20:00,0.078163,0.121595,0.101995,0.097587,0.120757,0.076624,0.074559,0.046674,0.072364,0.072987
2022-07-27 17:25:00,0.079104,0.111798,0.094992,0.083005,0.114753,0.070351,0.07203,0.040361,0.06592,0.058853
2022-07-27 17:30:00,0.075453,0.104141,0.090737,0.070452,0.106292,0.069531,0.076227,0.03616,0.063233,0.049483
2022-07-27 17:35:00,0.070758,0.09778,0.085437,0.059253,0.096709,0.068415,0.081487,0.034711,0.061826,0.042106
2022-07-27 17:40:00,0.065469,0.091261,0.078355,0.050049,0.088021,0.061443,0.081002,0.03484,0.05981,0.035129
2022-07-27 17:45:00,0.059961,0.084358,0.070424,0.042967,0.081236,0.050165,0.076249,0.034827,0.056127,0.029776
2022-07-27 17:50:00,0.054393,0.077446,0.064263,0.037657,0.073775,0.041151,0.071703,0.034797,0.051845,0.029383
2022-07-27 17:55:00,0.049034,0.070964,0.061502,0.034552,0.064851,0.035546,0.067161,0.034694,0.04744,0.032595
2022-07-27 18:00:00,0.043928,0.065237,0.060711,0.034548,0.055063,0.031714,0.062545,0.034209,0.042994,0.038369
2022-07-27 18:05:00,0.039191,0.0608,0.059311,0.036113,0.047311,0.029164,0.057962,0.032748,0.038125,0.04285
2022-07-27 18:10:00,0.035122,0.056657,0.055792,0.039004,0.043879,0.028205,0.053458,0.030004,0.032473,0.042618
2022-07-27 18:15:00,0.031478,0.052697,0.05099,0.04266,0.043153,0.028236,0.049102,0.026517,0.026647,0.039084
2022-07-27 18:20:00,0.027981,0.04852,0.046231,0.044436,0.042206,0.028164,0.044118,0.023207,0.020888,0.034801
2022-07-27 18:25:00,0.023762,0.044168,0.042159,0.04248,0.039752,0.027341,0.039302,0.020619,0.015451,0.030593
2022-07-27 18:30:00,0.019699,0.039879,0.038573,0.037948,0.036122,0.025806,0.034673,0.018541,0.010214,0.026493
2022-07-27 18:35:00,0.015296,0.03473,0.034879,0.032363,0.032104,0.023361,0.03,0.015944,0.005734,0.021927
2022-07-27 18:40:00,0.011247,0.028429,0.030717,0.026587,0.028124,0.019796,0.026171,0.012432,0.002732,0.016655
2022-07-27 18:45:00,0.007389,0.021448,0.026342,0.020919,0.02403,0.015536,0.022576,0.008534,0.000937,0.011173
2022-07-27 18:50:00,0.003875,0.014129,0.021458,0.015005,0.019671,0.011198,0.018928,0.004929,0.0,0.006511
2022-07-27 18:55:00,0.001173,0.007725,0.01602,0.009083,0.01529,0.00727,0.015359,0.002189,0.0,0.003232
2022-07-27 19:00:00,0.0,0.002262,0.010416,0.003358,0.010929,0.00376,0.011977,0.000206,0.0,0.000824
2022-07-27 19:05:00,0.0,0.0,0.005374,0.0,0.006804,0.000753,0.008529,0.0,0.0,0.0
2022-07-27 19:10:00,0.0,0.0,0.001493,0.0,0.003238,0.0,0.004627,0.0,0.0,0.0
2022-07-27 19:15:00,0.0,0.0,0.0,0.0,0.000332,0.0,0.000672,0.0,0.0,0.0
2022-07-27 19:20:00,0.0,0.0,0.0,0.0,0.0,0.0,0.0,0.0,0.0,0.0
2022-07-27 19:25:00,0.0,0.0,0.0,0.0,0.0,0.0,0.0,0.0,0.0,0.0
2022-07-27 19:30:00,0.0,0.0,0.0,0.0,0.0,0.0,0.0,0.0,0.0,0.0
2022-07-27 19:35:00,0.0,0.0,0.0,0.0,0.0,0.0,0.0,0.0,0.0,0.0
2022-07-27 19:40:00,0.0,0.0,0.0,0.0,0.0,0.0,0.0,0.0,0.0,0.0
2022-07-27 19:45:00,0.0,0.0,0.0,0.0,0.0,0.0,0.0,0.0,0.0,0.0
2022-07-27 19:50:00,0.0,0.0,0.0,0.0,0.0,0.0,0.0,0.0,0.0,0.0
2022-07-27 19:55:00,0.0,0.0,0.0,0.0,0.0,0.0,0.0,0.0,0.0,0.0
2022-07-27 20:00:00,0.0,0.0,0.0,0.0,0.0,0.0,0.0,0.0,0.0,0.0
2022-07-27 20:05:00,0.0,0.0,0.0,0.0,0.0,0.0,0.0,0.0,0.0,0.0
2022-07-27 20:10:00,0.0,0.0,0.0,0.0,0.0,0.0,0.0,0.0,0.0,0.0
2022-07-27 20:15:00,0.0,0.0,0.0,0.0,0.0,0.0,0.0,0.0,0.0,0.0
2022-07-27 20:20:00,0.0,0.0,0.0,0.0,0.0,0.0,0.0,0.0,0.0,0.0
2022-07-27 20:25:00,0.0,0.0,0.0,0.0,0.0,0.0,0.0,0.0,0.0,0.0
2022-07-27 20:30:00,0.0,0.0,0.0,0.0,0.0,0.0,0.0,0.0,0.0,0.0
2022-07-27 20:35:00,0.0,0.0,0.0,0.0,0.0,0.0,0.0,0.0,0.0,0.0
2022-07-27 20:40:00,0.0,0.0,0.0,0.0,0.0,0.0,0.0,0.0,0.0,0.0
2022-07-27 20:45:00,0.0,0.0,0.0,0.0,0.0,0.0,0.0,0.0,0.0,0.0
2022-07-27 20:50:00,0.0,0.0,0.0,0.0,0.0,0.0,0.0,0.0,0.0,0.0
2022-07-27 20:55:00,0.0,0.0,0.0,0.0,0.0,0.0,0.0,0.0,0.0,0.0
2022-07-27 21:00:00,0.0,0.0,0.0,0.0,0.0,0.0,0.0,0.0,0.0,0.0
2022-07-27 21:05:00,0.0,0.0,0.0,0.0,0.0,0.0,0.0,0.0,0.0,0.0
2022-07-27 21:10:00,0.0,0.0,0.0,0.0,0.0,0.0,0.0,0.0,0.0,0.0
2022-07-27 21:15:00,0.0,0.0,0.0,0.0,0.0,0.0,0.0,0.0,0.0,0.0
2022-07-27 21:20:00,0.0,0.0,0.0,0.0,0.0,0.0,0.0,0.0,0.0,0.0
2022-07-27 21:25:00,0.0,0.0,0.0,0.0,0.0,0.0,0.0,0.0,0.0,0.0
2022-07-27 21:30:00,0.0,0.0,0.0,0.0,0.0,0.0,0.0,0.0,0.0,0.0
2022-07-27 21:35:00,0.0,0.0,0.0,0.0,0.0,0.0,0.0,0.0,0.0,0.0
2022-07-27 21:40:00,0.0,0.0,0.0,0.0,0.0,0.0,0.0,0.0,0.0,0.0
2022-07-27 21:45:00,0.0,0.0,0.0,0.0,0.0,0.0,0.0,0.0,0.0,0.0
2022-07-27 21:50:00,0.0,0.0,0.0,0.0,0.0,0.0,0.0,0.0,0.0,0.0
2022-07-27 21:55:00,0.0,0.0,0.0,0.0,0.0,0.0,0.0,0.0,0.0,0.0
2022-07-27 22:00:00,0.0,0.0,0.0,0.0,0.0,0.0,0.0,0.0,0.0,0.0
2022-07-27 22:05:00,0.0,0.0,0.0,0.0,0.0,0.0,0.0,0.0,0.0,0.0
2022-07-27 22:10:00,0.0,0.0,0.0,0.0,0.0,0.0,0.0,0.0,0.0,0.0
2022-07-27 22:15:00,0.0,0.0,0.0,0.0,0.0,0.0,0.0,0.0,0.0,0.0
2022-07-27 22:20:00,0.0,0.0,0.0,0.0,0.0,0.0,0.0,0.0,0.0,0.0
2022-07-27 22:25:00,0.0,0.0,0.0,0.0,0.0,0.0,0.0,0.0,0.0,0.0
2022-07-27 22:30:00,0.0,0.0,0.0,0.0,0.0,0.0,0.0,0.0,0.0,0.0
2022-07-27 22:35:00,0.0,0.0,0.0,0.0,0.0,0.0,0.0,0.0,0.0,0.0
2022-07-27 22:40:00,0.0,0.0,0.0,0.0,0.0,0.0,0.0,0.0,0.0,0.0
2022-07-27 22:45:00,0.0,0.0,0.0,0.0,0.0,0.0,0.0,0.0,0.0,0.0
2022-07-27 22:50:00,0.0,0.0,0.0,0.0,0.0,0.0,0.0,0.0,0.0,0.0
2022-07-27 22:55:00,0.0,0.0,0.0,0.0,0.0,0.0,0.0,0.0,0.0,0.0
2022-07-27 23:00:00,0.0,0.0,0.0,0.0,0.0,0.0,0.0,0.0,0.0,0.0
2022-07-27 23:05:00,0.0,0.0,0.0,0.0,0.0,0.0,0.0,0.0,0.0,0.0
2022-07-27 23:10:00,0.0,0.0,0.0,0.0,0.0,0.0,0.0,0.0,0.0,0.0
2022-07-27 23:15:00,0.0,0.0,0.0,0.0,0.0,0.0,0.0,0.0,0.0,0.0
2022-07-27 23:20:00,0.0,0.0,0.0,0.0,0.0,0.0,0.0,0.0,0.0,0.0
2022-07-27 23:25:00,0.0,0.0,0.0,0.0,0.0,0.0,0.0,0.0,0.0,0.0
2022-07-27 23:30:00,0.0,0.0,0.0,0.0,0.0,0.0,0.0,0.0,0.0,0.0
2022-07-27 23:35:00,0.0,0.0,0.0,0.0,0.0,0.0,0.0,0.0,0.0,0.0
2022-07-27 23:40:00,0.0,0.0,0.0,0.0,0.0,0.0,0.0,0.0,0.0,0.0
2022-07-27 23:45:00,0.0,0.0,0.0,0.0,0.0,0.0,0.0,0.0,0.0,0.0
2022-07-27 23:50:00,0.0,0.0,0.0,0.0,0.0,0.0,0.0,0.0,0.0,0.0
2022-07-27 23:55:00,0.0,0.0,0.0,0.0,0.0,0.0,0.0,0.0,0.0,0.0
2022-07-28 00:00:00,0.0,0.0,0.0,0.0,0.0,0.0,0.0,0.0,0.0,0.0
2022-07-28 00:05:00,0.0,0.0,0.0,0.0,0.0,0.0,0.0,0.0,0.0,0.0
2022-07-28 00:10:00,0.0,0.0,0.0,0.0,0.0,0.0,0.0,0.0,0.0,0.0
2022-07-28 00:15:00,0.0,0.0,0.0,0.0,0.0,0.0,0.0,0.0,0.0,0.0
2022-07-28 00:20:00,0.0,0.0,0.0,0.0,0.0,0.0,0.0,0.0,0.0,0.0
2022-07-28 00:25:00,0.0,0.0,0.0,0.0,0.0,0.0,0.0,0.0,0.0,0.0
2022-07-28 00:30:00,0.0,0.0,0.0,0.0,0.0,0.0,0.0,0.0,0.0,0.0
2022-07-28 00:35:00,0.0,0.0,0.0,0.0,0.0,0.0,0.0,0.0,0.0,0.0
2022-07-28 00:40:00,0.0,0.0,0.0,0.0,0.0,0.0,0.0,0.0,0.0,0.0
2022-07-28 00:45:00,0.0,0.0,0.0,0.0,0.0,0.0,0.0,0.0,0.0,0.0
2022-07-28 00:50:00,0.0,0.0,0.0,0.0,0.0,0.0,0.0,0.0,0.0,0.0
2022-07-28 00:55:00,0.0,0.0,0.0,0.0,0.0,0.0,0.0,0.0,0.0,0.0
2022-07-28 01:00:00,0.0,0.0,0.0,0.0,0.0,0.0,0.0,0.0,0.0,0.0
2022-07-28 01:05:00,0.0,0.0,0.0,0.0,0.0,0.0,0.0,0.0,0.0,0.0
2022-07-28 01:10:00,0.0,0.0,0.0,0.0,0.0,0.0,0.0,0.0,0.0,0.0
2022-07-28 01:15:00,0.0,0.0,0.0,0.0,0.0,0.0,0.0,0.0,0.0,0.0
2022-07-28 01:20:00,0.0,0.0,0.0,0.0,0.0,0.0,0.0,0.0,0.0,0.0
2022-07-28 01:25:00,0.0,0.0,0.0,0.0,0.0,0.0,0.0,0.0,0.0,0.0
2022-07-28 01:30:00,0.0,0.0,0.0,0.0,0.0,0.0,0.0,0.0,0.0,0.0
2022-07-28 01:35:00,0.0,0.0,0.0,0.0,0.0,0.0,0.0,0.0,0.0,0.0
2022-07-28 01:40:00,0.0,0.0,0.0,0.0,0.0,0.0,0.0,0.0,0.0,0.0
2022-07-28 01:45:00,0.0,0.0,0.0,0.0,0.0,0.0,0.0,0.0,0.0,0.0
2022-07-28 01:50:00,0.0,0.0,0.0,0.0,0.0,0.0,0.0,0.0,0.0,0.0
2022-07-28 01:55:00,0.0,0.0,0.0,0.0,0.0,0.0,0.0,0.0,0.0,0.0
2022-07-28 02:00:00,0.0,0.0,0.0,0.0,0.0,0.0,0.0,0.0,0.0,0.0
2022-07-28 02:05:00,0.0,0.0,0.0,0.0,0.0,0.0,0.0,0.0,0.0,0.0
2022-07-28 02:10:00,0.0,0.0,0.0,0.0,0.0,0.0,0.0,0.0,0.0,0.0
2022-07-28 02:15:00,0.0,0.0,0.0,0.0,0.0,0.0,0.0,0.0,0.0,0.0
2022-07-28 02:20:00,0.0,0.0,0.0,0.0,0.0,0.0,0.0,0.0,0.0,0.0
2022-07-28 02:25:00,0.0,0.0,0.0,0.0,0.0,0.0,0.0,0.0,0.0,0.0
2022-07-28 02:30:00,0.0,0.0,0.0,0.0,0.0,0.0,0.0,0.0,0.0,0.0
2022-07-28 02:35:00,0.0,0.0,0.0,0.0,0.0,0.0,0.0,0.0,0.0,0.0
2022-07-28 02:40:00,0.0,0.0,0.0,0.0,0.0,0.0,0.0,0.0,0.0,0.0
2022-07-28 02:45:00,0.0,0.0,0.0,0.0,0.0,0.0,0.0,0.0,0.0,0.0
2022-07-28 02:50:00,0.0,0.0,0.0,0.0,0.0,0.0,0.0,0.0,0.0,0.0
2022-07-28 02:55:00,0.0,0.0,0.0,0.0,0.0,0.0,0.0,0.0,0.0,0.0
2022-07-28 03:00:00,0.0,0.0,0.0,0.0,0.0,0.0,0.0,0.0,0.0,0.0
2022-07-28 03:05:00,0.0,0.0,0.0,0.0,0.0,0.0,0.0,0.0,0.0,0.0
2022-07-28 03:10:00,0.0,0.0,0.0,0.0,0.0,0.0,0.0,0.0,0.0,0.0
2022-07-28 03:15:00,0.0,0.0,0.0,0.0,0.0,0.0,0.0,0.0,0.0,0.0
2022-07-28 03:20:00,0.0,0.0,0.0,0.0,0.0,0.0,0.0,0.0,0.0,0.0
2022-07-28 03:25:00,0.0,0.0,0.0,0.0,0.0,0.0,0.0,0.0,0.0,0.0
2022-07-28 03:30:00,0.000543,0.0,0.0,0.0,0.0,0.0,0.0,0.0,0.0,0.0
2022-07-28 03:35:00,0.00359,0.0,0.0,0.0,0.0,0.0,0.0,0.0,0.0,0.0
2022-07-28 03:40:00,0.00645,0.0,0.0,0.0,0.0,0.0,0.0,0.0,0.0,0.0
2022-07-28 03:45:00,0.009129,0.0,0.0,0.0,0.0,0.0,0.001061,0.001337,0.0,0.0
2022-07-28 03:50:00,0.011892,0.0,0.0,0.0,0.0,0.0,0.002858,0.003708,0.0,0.0
2022-07-28 03:55:00,0.0149,0.0,0.0,0.0,0.0,0.0,0.005849,0.00685,0.0,0.0
2022-07-28 04:00:00,0.018036,0.0,0.0,0.0,0.0,0.0,0.009143,0.010436,0.000429,0.0
2022-07-28 04:05:00,0.021012,0.000631,0.0,0.001233,0.002222,0.0,0.011382,0.013647,0.00351,0.001529
2022-07-28 04:10:00,0.023552,0.003144,0.000846,0.003898,0.005165,0.003518,0.012668,0.015811,0.008088,0.004047
2022-07-28 04:15:00,0.025782,0.006199,0.005843,0.006656,0.008548,0.009,0.01348,0.017491,0.013646,0.007053
2022-07-28 04:20:00,0.02753,0.010093,0.011196,0.010233,0.012365,0.014554,0.014621,0.019711,0.019293,0.010713
2022-07-28 04:25:00,0.028602,0.014854,0.016506,0.014687,0.016646,0.019659,0.016468,0.0232,0.024838,0.015062
2022-07-28 04:30:00,0.029329,0.019976,0.021711,0.01963,0.021177,0.024246,0.018569,0.027357,0.029921,0.019706
2022-07-28 04:35:00,0.029916,0.024936,0.02681,0.02406,0.025308,0.027508,0.018672,0.033456,0.033521,0.024483
2022-07-28 04:40:00,0.030411,0.029432,0.031763,0.02764,0.029108,0.029007,0.017373,0.04049,0.035321,0.029223
2022-07-28 04:45:00,0.031092,0.033388,0.036489,0.030293,0.032579,0.029366,0.015435,0.047585,0.035915,0.033962
2022-07-28 04:50:00,0.032561,0.03671,0.039547,0.031472,0.033468,0.029807,0.014384,0.053918,0.035971,0.036994
2022-07-28 04:55:00,0.035257,0.040031,0.04091,0.031319,0.03157,0.031013,0.015049,0.05926,0.035666,0.038076
2022-07-28 05:00:00,0.038675,0.043603,0.040976,0.0308,0.028049,0.032741,0.016636,0.064063,0.035338,0.037883
2022-07-28 05:05:00,0.044224,0.045297,0.039029,0.031719,0.028261,0.034172,0.017789,0.067619,0.035973,0.040171
2022-07-28 05:10:00,0.050667,0.045355,0.036093,0.03606,0.035122,0.035353,0.018325,0.070825,0.038323,0.046816
2022-07-28 05:15:00,0.057953,0.044613,0.032566,0.042927,0.044899,0.036461,0.018622,0.074903,0.044043,0.056944
2022-07-28 05:20:00,0.066727,0.047437,0.032474,0.050406,0.054381,0.03501,0.030214,0.078878,0.0514,0.068219
2022-07-28 05:25:00,0.077019,0.055717,0.040921,0.057601,0.062538,0.031496,0.050315,0.081868,0.058729,0.077614
2022-07-28 05:30:00,0.088658,0.067213,0.053893,0.06479,0.07082,0.026715,0.074847,0.081378,0.067052,0.084696
2022-07-28 05:35:00,0.101716,0.072072,0.066724,0.072369,0.079997,0.024232,0.096286,0.079987,0.077169,0.086312
2022-07-28 05:40:00,0.116087,0.070194,0.078315,0.079656,0.087503,0.02536,0.109633,0.081358,0.08997,0.084514
2022-07-28 05:45:00,0.131659,0.068282,0.088868,0.087114,0.09433,0.030018,0.116777,0.085665,0.104181,0.08492
2022-07-28 05:50:00,0.149466,0.075256,0.100432,0.095219,0.09864,0.043907,0.115301,0.094408,0.118631,0.092047
2022-07-28 05:55:00,0.167831,0.09109,0.112841,0.104411,0.101492,0.070098,0.102521,0.106288,0.132848,0.104992
2022-07-28 06:00:00,0.184723,0.110269,0.125336,0.114398,0.106521,0.104126,0.085694,0.119323,0.147628,0.120012
2022-07-28 06:05:00,0.196656,0.12453,0.134289,0.122725,0.117302,0.134217,0.08471,0.129041,0.164233,0.135289
2022-07-28 06:10:00,0.202861,0.134562,0.141593,0.128198,0.132784,0.153945,0.107248,0.130876,0.181232,0.150534
2022-07-28 06:15:00,0.204092,0.144927,0.151839,0.131736,0.149454,0.167566,0.142451,0.12923,0.19715,0.166344
2022-07-28 06:20:00,0.203436,0.158954,0.167297,0.137384,0.165485,0.180781,0.173016,0.137314,0.211782,0.183119
2022-07-28 06:25:00,0.204419,0.175547,0.185401,0.148503,0.180319,0.194367,0.190873,0.168042,0.227972,0.200335
2022-07-28 06:30:00,0.207681,0.192905,0.203529,0.163743,0.193548,0.207653,0.19989,0.217551,0.246972,0.217491
2022-07-28 06:35:00,0.21611,0.210923,0.221435,0.178732,0.205771,0.221761,0.196199,0.267821,0.267948,0.234772
2022-07-28 06:40:00,0.230415,0.229514,0.239533,0.190035,0.217681,0.239269,0.180445,0.303476,0.288602,0.252139
2022-07-28 06:45:00,0.248961,0.248396,0.258104,0.198531,0.230188,0.261573,0.157572,0.326922,0.308341,0.269526
2022-07-28 06:50:00,0.266661,0.267354,0.275581,0.205614,0.245162,0.286191,0.141852,0.346383,0.327576,0.286915
2022-07-28 06:55:00,0.27883,0.285696,0.290072,0.212868,0.265021,0.307982,0.139231,0.36523,0.345816,0.304305
2022-07-28 07:00:00,0.287398,0.303199,0.30114,0.220682,0.290704,0.326181,0.144442,0.3839,0.362876,0.321941
2022-07-28 07:05:00,0.296607,0.320616,0.311579,0.236494,0.318288,0.34361,0.149326,0.402646,0.379814,0.339856
2022-07-28 07:10:00,0.310026,0.338778,0.325759,0.267695,0.342461,0.361652,0.151764,0.421403,0.397565,0.357365
2022-07-28 07:15:00,0.326245,0.357739,0.344123,0.31268,0.362906,0.380387,0.152654,0.439952,0.415992,0.374147
2022-07-28 07:20:00,0.341174,0.376343,0.364818,0.357757,0.381474,0.398447,0.153487,0.457694,0.433999,0.39063
2022-07-28 07:25:00,0.351287,0.393405,0.386704,0.390228,0.398053,0.414409,0.154816,0.473657,0.450284,0.407268
2022-07-28 07:30:00,0.357249,0.409236,0.409525,0.41202,0.41262,0.428682,0.154999,0.488259,0.465203,0.424202
2022-07-28 07:35:00,0.415673,0.425235,0.435164,0.430033,0.43096,0.446722,0.336457,0.503164,0.480473,0.441595
2022-07-28 07:40:00,0.432756,0.442299,0.456161,0.446714,0.448185,0.463407,0.363415,0.519052,0.496893,0.459249
2022-07-28 07:45:00,0.444528,0.460265,0.474847,0.462375,0.466261,0.480442,0.371223,0.535523,0.51391,0.476936
2022-07-28 07:50:00,0.479345,0.478056,0.492582,0.477546,0.484208,0.497181,0.387797,0.551953,0.530208,0.494159
2022-07-28 07:55:00,0.500231,0.494839,0.509699,0.493307,0.501323,0.512094,0.397348,0.567473,0.544483,0.510531
2022-07-28 08:00:00,0.534616,0.510658,0.526164,0.508992,0.517673,0.525378,0.401959,0.582102,0.557143,0.526295
2022-07-28 08:05:00,0.551726,0.526152,0.542108,0.525063,0.533936,0.538694,0.379676,0.596803,0.570103,0.542182
2022-07-28 08:10:00,0.534753,0.540578,0.556737,0.541365,0.550215,0.553125,0.324583,0.611775,0.5843,0.55814
2022-07-28 08:15:00,0.490722,0.553765,0.569978,0.557414,0.566224,0.568327,0.254089,0.626676,0.599105,0.573765
2022-07-28 08:20:00,0.462409,0.566733,0.582922,0.57301,0.581803,0.58346,0.229342,0.641069,0.613647,0.58845
2022-07-28 08:25:00,0.473967,0.579973,0.596197,0.587821,0.596666,0.597698,0.263803,0.654254,0.627177,0.601071
2022-07-28 08:30:00,0.512748,0.593314,0.609548,0.601895,0.610789,0.610734,0.330668,0.666221,0.639698,0.611876
2022-07-28 08:35:00,0.534004,0.607147,0.623189,0.615725,0.62485,0.624436,0.377565,0.678086,0.652221,0.622895
2022-07-28 08:40:00,0.512134,0.6213,0.636942,0.63007,0.638962,0.638066,0.387782,0.689951,0.665033,0.635279
2022-07-28 08:45:00,0.460946,0.635235,0.650427,0.644177,0.652773,0.650752,0.377073,0.70154,0.677628,0.647288
2022-07-28 08:50:00,0.408227,0.648446,0.66332,0.657718,0.665906,0.657815,0.37239,0.712919,0.688984,0.66128
2022-07-28 08:55:00,0.381982,0.660417,0.674944,0.669596,0.677745,0.656192,0.382625,0.723322,0.698017,0.672782
2022-07-28 09:00:00,0.376436,0.671271,0.685554,0.68026,0.68854,0.649216,0.401282,0.732672,0.705382,0.683164
2022-07-28 09:05:00,0.38475,0.682087,0.69647,0.69105,0.69941,0.649392,0.407106,0.74213,0.713158,0.693736
2022-07-28 09:10:00,0.409016,0.693167,0.707711,0.702267,0.71067,0.665844,0.398851,0.751448,0.722086,0.704603
2022-07-28 09:15:00,0.441746,0.704187,0.718682,0.713434,0.721864,0.69264,0.384557,0.760211,0.73161,0.715185
2022-07-28 09:20:00,0.464546,0.714596,0.728924,0.723756,0.732304,0.71743,0.379244,0.768299,0.740947,0.717721
2022-07-28 09:25:00,0.468103,0.72364,0.738013,0.732783,0.741199,0.733177,0.395024,0.775196,0.749543,0.71059
2022-07-28 09:30:00,0.459734,0.731711,0.746317,0.740865,0.74878,0.74239,0.420947,0.780914,0.757638,0.696713
2022-07-28 09:35:00,0.457631,0.740491,0.755098,0.748941,0.756444,0.74997,0.442878,0.787231,0.765833,0.687338
2022-07-28 09:40:00,0.473543,0.750822,0.765073,0.757217,0.764539,0.757598,0.454928,0.795057,0.774663,0.690857
2022-07-28 09:45:00,0.500227,0.761748,0.775577,0.765412,0.772687,0.765034,0.46115,0.803509,0.783711,0.70316
2022-07-28 09:50:00,0.778081,0.771489,0.785187,0.773118,0.780073,0.698041,0.318042,0.811192,0.791769,0.668892
2022-07-28 09:55:00,0.821622,0.778661,0.792855,0.77977,0.78578,0.693165,0.305205,0.817093,0.797536,0.670444
2022-07-28 10:00:00,0.836631,0.783877,0.79909,0.785979,0.790558,0.696183,0.304086,0.82173,0.801474,0.673685
2022-07-28 10:05:00,0.843455,0.789432,0.805145,0.79269,0.796252,0.700525,0.312854,0.826321,0.805823,0.652285
2022-07-28 10:10:00,0.849112,0.796208,0.811931,0.800298,0.803413,0.706033,0.319163,0.831697,0.811478,0.64636
2022-07-28 10:15:00,0.854137,0.803477,0.819237,0.808139,0.81121,0.71226,0.328134,0.837359,0.817735,0.623622
2022-07-28 10:20:00,0.845396,0.809686,0.825931,0.815601,0.818618,0.705252,0.347508,0.842322,0.823495,0.591072
2022-07-28 10:25:00,0.820581,0.814202,0.831121,0.82122,0.825056,0.683519,0.368917,0.845543,0.828269,0.560346
2022-07-28 10:30:00,0.783681,0.817725,0.835172,0.825478,0.830689,0.650942,0.390514,0.847488,0.832319,0.532836
2022-07-28 10:35:00,0.75134,0.821098,0.839273,0.829864,0.835908,0.630704,0.404057,0.850139,0.835872,0.505126
2022-07-28 10:40:00,0.73558,0.824853,0.843624,0.834492,0.840698,0.635077,0.40402,0.854201,0.838984,0.486445
2022-07-28 10:45:00,0.732471,0.828021,0.847763,0.8388,0.84498,0.657615,0.397168,0.858667,0.841701,0.474645
2022-07-28 10:50:00,0.747767,0.825816,0.851279,0.842451,0.848405,0.692812,0.372876,0.8619,0.843576,0.480854
2022-07-28 10:55:00,0.780498,0.814087,0.854033,0.845334,0.850363,0.736915,0.340188,0.862585,0.843965,0.511355
2022-07-28 11:00:00,0.820588,0.797151,0.85624,0.847662,0.851345,0.783273,0.305609,0.861255,0.843194,0.554758
2022-07-28 11:05:00,0.85477,0.789149,0.858135,0.849687,0.843856,0.802273,0.271584,0.860351,0.842932,0.585032
2022-07-28 11:10:00,0.870159,0.799293,0.85951,0.851203,0.827888,0.784872,0.255121,0.860775,0.843931,0.586005
2022-07-28 11:15:00,0.871671,0.820079,0.860327,0.852167,0.806826,0.740975,0.249861,0.8617,0.845387,0.569484
2022-07-28 11:20:00,0.861548,0.838116,0.860865,0.853046,0.782557,0.689446,0.241937,0.861933,0.846222,0.550842
2022-07-28 11:25:00,0.833475,0.846484,0.861066,0.853569,0.765612,0.645434,0.239765,0.861284,0.846149,0.543361
2022-07-28 11:30:00,0.794164,0.847468,0.860513,0.853285,0.754693,0.60706,0.240622,0.860031,0.845455,0.542033
2022-07-28 11:35:00,0.757909,0.832591,0.860466,0.84371,0.744892,0.556689,0.238633,0.858206,0.84413,0.539021
2022-07-28 11:40:00,0.735247,0.799241,0.860095,0.823243,0.740704,0.493078,0.238464,0.855834,0.842217,0.529208
2022-07-28 11:45:00,0.723322,0.750634,0.85928,0.795515,0.740469,0.422149,0.239597,0.853194,0.839997,0.515756
2022-07-28 11:50:00,0.720175,0.709039,0.844797,0.781833,0.732064,0.370833,0.239526,0.850171,0.837411,0.526918
2022-07-28 11:55:00,0.727717,0.684197,0.814694,0.793046,0.716575,0.356818,0.242612,0.84669,0.834,0.567833
2022-07-28 12:00:00,0.740994,0.669283,0.773832,0.81822,0.696776,0.368418,0.247026,0.842743,0.829774,0.624849
2022-07-28 12:05:00,0.761085,0.628276,0.73631,0.831913,0.699905,0.373238,0.26114,0.839059,0.825973,0.664822
2022-07-28 12:10:00,0.784064,0.543493,0.714907,0.821706,0.733695,0.362382,0.282587,0.835626,0.822567,0.672061
2022-07-28 12:15:00,0.806977,0.431865,0.704592,0.79553,0.782607,0.341527,0.306343,0.831988,0.819043,0.657527
2022-07-28 12:20:00,0.806576,0.335953,0.695034,0.763012,0.808664,0.317603,0.332066,0.827721,0.81553,0.634732
2022-07-28 12:25:00,0.775157,0.288496,0.68321,0.732603,0.799093,0.299446,0.349456,0.822698,0.812269,0.609031
2022-07-28 12:30:00,0.722985,0.2762,0.67051,0.701052,0.767209,0.28561,0.361333,0.817001,0.80886,0.582994
2022-07-28 12:35:00,0.677628,0.281207,0.663213,0.660359,0.741628,0.279452,0.364607,0.810664,0.804486,0.563755
2022-07-28 12:40:00,0.658353,0.300025,0.665868,0.602767,0.740197,0.28501,0.356266,0.803756,0.798584,0.556576
2022-07-28 12:45:00,0.656815,0.32602,0.673761,0.537061,0.754178,0.298949,0.342725,0.796541,0.791708,0.556588
2022-07-28 12:50:00,0.783404,0.386498,0.662256,0.646654,0.6872,0.404207,0.390984,0.789651,0.784851,0.541458
2022-07-28 12:55:00,0.793713,0.400159,0.660637,0.64141,0.679727,0.420317,0.390747,0.783369,0.778352,0.537818
2022-07-28 13:00:00,0.789143,0.401281,0.657489,0.637431,0.671865,0.424682,0.387843,0.777078,0.771757,0.53412
2022-07-28 13:05:00,0.782031,0.39554,0.651873,0.630938,0.642613,0.445483,0.391683,0.769764,0.764285,0.531696
2022-07-28 13:10:00,0.772885,0.391119,0.646413,0.62492,0.626209,0.452998,0.392347,0.760809,0.755379,0.527722
2022-07-28 13:15:00,0.762986,0.383522,0.641141,0.616275,0.593965,0.476234,0.395442,0.750837,0.745389,0.526361
2022-07-28 13:20:00,0.752785,0.375403,0.637075,0.600881,0.592109,0.495429,0.417081,0.731143,0.735063,0.531903
2022-07-28 13:25:00,0.743035,0.36709,0.637502,0.577738,0.629025,0.501548,0.448326,0.701374,0.724946,0.547359
2022-07-28 13:30:00,0.73352,0.357864,0.638773,0.550818,0.684272,0.498489,0.482194,0.66549,0.715079,0.567557
2022-07-28 13:35:00,0.722978,0.340291,0.629863,0.515021,0.716312,0.489086,0.519771,0.634143,0.705067,0.586199
2022-07-28 13:40:00,0.710753,0.310927,0.604528,0.476687,0.708387,0.474566,0.547034,0.615155,0.694808,0.59929
2022-07-28 13:45:00,0.697591,0.275578,0.568627,0.438789,0.676059,0.458373,0.565998,0.603782,0.684234,0.607311
2022-07-28 13:50:00,0.684471,0.249116,0.550285,0.412255,0.637866,0.455564,0.599142,0.593516,0.673029,0.618384
2022-07-28 13:55:00,0.671691,0.241868,0.554901,0.407199,0.606414,0.471159,0.629223,0.581812,0.661235,0.629382
2022-07-28 14:00:00,0.659116,0.24774,0.572929,0.416603,0.580493,0.492665,0.652921,0.569913,0.649286,0.638492
2022-07-28 14:05:00,0.646475,0.254721,0.579414,0.431684,0.550139,0.491829,0.671051,0.55366,0.637579,0.645116
2022-07-28 14:10:00,0.63355,0.259748,0.565896,0.451441,0.517849,0.449407,0.669451,0.535745,0.626894,0.642484
2022-07-28 14:15:00,0.620493,0.263651,0.540912,0.472426,0.484915,0.383009,0.657218,0.516832,0.616398,0.633203
2022-07-28 14:20:00,0.607845,0.270554,0.527453,0.485847,0.462467,0.3253,0.647741,0.500478,0.604952,0.624178
2022-07-28 14:25:00,0.596116,0.283194,0.534113,0.489443,0.45582,0.293895,0.635238,0.489725,0.591846,0.612027
2022-07-28 14:30:00,0.584608,0.298915,0.549502,0.485709,0.458149,0.280149,0.622663,0.48205,0.5778,0.598808
2022-07-28 14:35:00,0.572429,0.311722,0.520736,0.47192,0.454401,0.267711,0.60946,0.471909,0.563882,0.585769
2022-07-28 14:40:00,0.5582,0.319087,0.435007,0.447522,0.43944,0.251363,0.595386,0.457466,0.550686,0.573622
2022-07-28 14:45:00,0.542871,0.322303,0.31604,0.415467,0.417037,0.232653,0.580746,0.440299,0.537815,0.561848
2022-07-28 14:50:00,0.526892,0.326726,0.232277,0.378292,0.397926,0.216409,0.565872,0.423585,0.524075,0.549129
2022-07-28 14:55:00,0.510299,0.33259,0.221926,0.335547,0.384013,0.205552,0.550817,0.407729,0.508662,0.534682
2022-07-28 15:00:00,0.493523,0.338205,0.258257,0.29143,0.374663,0.198515,0.535873,0.392987,0.492288,0.519246
2022-07-28 15:05:00,0.477361,0.332717,0.297084,0.252774,0.371913,0.193359,0.521318,0.381152,0.476255,0.503921
2022-07-28 15:10:00,0.46216,0.312341,0.317102,0.226546,0.374993,0.189457,0.507547,0.372531,0.461086,0.48933
2022-07-28 15:15:00,0.447151,0.283258,0.323763,0.209104,0.380339,0.186364,0.493831,0.365694,0.446075,0.474933
2022-07-28 15:20:00,0.431151,0.255238,0.323146,0.198778,0.37703,0.185421,0.479176,0.363489,0.430268,0.45971
2022-07-28 15:25:00,0.413683,0.2338,0.317475,0.195424,0.361326,0.186406,0.462264,0.364013,0.413128,0.443144
2022-07-28 15:30:00,0.395223,0.216976,0.308908,0.196775,0.336766,0.188253,0.444484,0.364211,0.39529,0.424394
2022-07-28 15:35:00,0.376413,0.203486,0.292858,0.201214,0.306405,0.187563,0.418763,0.360144,0.378016,0.401977
2022-07-28 15:40:00,0.357546,0.19394,0.271734,0.207028,0.267824,0.182306,0.389527,0.35046,0.361526,0.373168
2022-07-28 15:45:00,0.338725,0.18705,0.247943,0.213188,0.225799,0.173815,0.360424,0.33706,0.345036,0.342842
2022-07-28 15:50:00,0.319824,0.181607,0.223265,0.218149,0.190408,0.161441,0.341249,0.321628,0.327874,0.315128
2022-07-28 15:55:00,0.300906,0.177132,0.20097,0.220138,0.167577,0.145038,0.331448,0.304555,0.30989,0.292427
2022-07-28 16:00:00,0.282235,0.173343,0.18091,0.219875,0.153633,0.127784,0.32442,0.286857,0.291624,0.273585
2022-07-28 16:05:00,0.264043,0.1691,0.166029,0.216413,0.143284,0.114462,0.313916,0.267199,0.273696,0.262058
2022-07-28 16:10:00,0.246301,0.164693,0.159326,0.209297,0.136364,0.113133,0.29925,0.246605,0.256159,0.25701
2022-07-28 16:15:00,0.228438,0.160339,0.157663,0.199619,0.131581,0.118856,0.28224,0.227007,0.238641,0.252774
2022-07-28 16:20:00,0.210185,0.15501,0.156026,0.192318,0.129989,0.12066,0.264153,0.21129,0.221089,0.244788
2022-07-28 16:25:00,0.191818,0.149322,0.151745,0.186677,0.131802,0.115278,0.245429,0.197491,0.203795,0.231499
2022-07-28 16:30:00,0.173733,0.142865,0.145477,0.182062,0.13502,0.105913,0.226583,0.183164,0.187003,0.215631
2022-07-28 16:35:00,0.156156,0.134744,0.137617,0.174939,0.13872,0.103459,0.208065,0.166984,0.170604,0.196779
2022-07-28 16:40:00,0.139318,0.124756,0.127672,0.164399,0.140697,0.113241,0.190069,0.150825,0.154388,0.177143
2022-07-28 16:45:00,0.123429,0.114057,0.116746,0.152184,0.141396,0.128889,0.172698,0.137232,0.138374,0.160751
2022-07-28 16:50:00,0.109196,0.103477,0.106558,0.142382,0.136669,0.137233,0.155487,0.125804,0.122278,0.150155
2022-07-28 16:55:00,0.098565,0.094657,0.098228,0.136638,0.125846,0.133698,0.140834,0.113072,0.109604,0.140627
2022-07-28 17:00:00,0.092547,0.087516,0.091526,0.132868,0.112104,0.123348,0.130389,0.097902,0.1033,0.128125
2022-07-28 17:05:00,0.089041,0.079452,0.086807,0.127261,0.10108,0.111916,0.121438,0.083765,0.101272,0.113665
2022-07-28 17:10:00,0.083534,0.071971,0.085593,0.118172,0.097029,0.102453,0.108969,0.075319,0.097224,0.101501
2022-07-28 17:15:00,0.076358,0.065297,0.086642,0.107214,0.096944,0.094282,0.093422,0.073531,0.089685,0.093681
2022-07-28 17:20:00,0.070166,0.059756,0.087555,0.096768,0.09611,0.088072,0.080888,0.072185,0.080898,0.087804
2022-07-28 17:25:00,0.066268,0.057288,0.087098,0.088681,0.092209,0.083405,0.07529,0.065809,0.072283,0.080636
2022-07-28 17:30:00,0.064516,0.056504,0.085244,0.081958,0.086435,0.079478,0.076825,0.055485,0.064155,0.072445
2022-07-28 17:35:00,0.062913,0.05507,0.080235,0.072125,0.079892,0.07387,0.079718,0.046485,0.057375,0.063977
2022-07-28 17:40:00,0.059826,0.051948,0.071296,0.058625,0.073542,0.064977,0.078501,0.040912,0.05306,0.054554
2022-07-28 17:45:00,0.055939,0.047906,0.06001,0.043402,0.067455,0.054625,0.074069,0.036894,0.049678,0.044784
2022-07-28 17:50:00,0.05196,0.044293,0.050452,0.031586,0.061132,0.046967,0.068809,0.033964,0.046432,0.035546
2022-07-28 17:55:00,0.048156,0.041831,0.044889,0.026952,0.055148,0.044667,0.063361,0.032134,0.04365,0.029459
2022-07-28 18:00:00,0.044418,0.039953,0.041903,0.027384,0.049531,0.045427,0.058011,0.031007,0.040748,0.02563
2022-07-28 18:05:00,0.0403,0.037678,0.03985,0.029931,0.044613,0.045268,0.051254,0.029979,0.036669,0.023944
2022-07-28 18:10:00,0.035664,0.033757,0.038571,0.033757,0.041235,0.041404,0.043712,0.028744,0.031016,0.024824
2022-07-28 18:15:00,0.030772,0.029173,0.037587,0.037768,0.038957,0.035082,0.036389,0.027128,0.024638,0.027021
2022-07-28 18:20:00,0.024956,0.02604,0.035867,0.039875,0.036594,0.029361,0.030853,0.024682,0.017819,0.027376
2022-07-28 18:25:00,0.018387,0.02583,0.032701,0.038516,0.033629,0.025549,0.027332,0.021348,0.011089,0.02434
2022-07-28 18:30:00,0.011459,0.027274,0.028857,0.034593,0.029964,0.023127,0.025016,0.01736,0.004885,0.019214
2022-07-28 18:35:00,0.005401,0.027014,0.024622,0.029041,0.025693,0.019958,0.022744,0.01315,0.0,0.013449
2022-07-28 18:40:00,0.001235,0.023678,0.020696,0.022569,0.020644,0.015107,0.019957,0.008858,0.0,0.007986
2022-07-28 18:45:00,0.0,0.018385,0.016706,0.015924,0.015314,0.009268,0.016739,0.004692,0.0,0.002922
2022-07-28 18:50:00,0.0,0.012363,0.012284,0.009734,0.010053,0.004027,0.012821,0.001345,0.0,0.0
2022-07-28 18:55:00,0.0,0.00653,0.00766,0.004886,0.005376,0.000563,0.008458,0.0,0.0,0.0
2022-07-28 19:00:00,0.0,0.001231,0.002853,0.001133,0.001137,0.0,0.004236,0.0,0.0,0.0
2022-07-28 19:05:00,0.0,0.0,0.0,0.0,0.0,0.0,0.00113,0.0,0.0,0.0
2022-07-28 19:10:00,0.0,0.0,0.0,0.0,0.0,0.0,0.0,0.0,0.0,0.0
2022-07-28 19:15:00,0.0,0.0,0.0,0.0,0.0,0.0,0.0,0.0,0.0,0.0
2022-07-28 19:20:00,0.0,0.0,0.0,0.0,0.0,0.0,0.0,0.0,0.0,0.0
2022-07-28 19:25:00,0.0,0.0,0.0,0.0,0.0,0.0,0.0,0.0,0.0,0.0
2022-07-28 19:30:00,0.0,0.0,0.0,0.0,0.0,0.0,0.0,0.0,0.0,0.0
2022-07-28 19:35:00,0.0,0.0,0.0,0.0,0.0,0.0,0.0,0.0,0.0,0.0
2022-07-28 19:40:00,0.0,0.0,0.0,0.0,0.0,0.0,0.0,0.0,0.0,0.0
2022-07-28 19:45:00,0.0,0.0,0.0,0.0,0.0,0.0,0.0,0.0,0.0,0.0
2022-07-28 19:50:00,0.0,0.0,0.0,0.0,0.0,0.0,0.0,0.0,0.0,0.0
2022-07-28 19:55:00,0.0,0.0,0.0,0.0,0.0,0.0,0.0,0.0,0.0,0.0
2022-07-28 20:00:00,0.0,0.0,0.0,0.0,0.0,0.0,0.0,0.0,0.0,0.0
2022-07-28 20:05:00,0.0,0.0,0.0,0.0,0.0,0.0,0.0,0.0,0.0,0.0
2022-07-28 20:10:00,0.0,0.0,0.0,0.0,0.0,0.0,0.0,0.0,0.0,0.0
2022-07-28 20:15:00,0.0,0.0,0.0,0.0,0.0,0.0,0.0,0.0,0.0,0.0
2022-07-28 20:20:00,0.0,0.0,0.0,0.0,0.0,0.0,0.0,0.0,0.0,0.0
2022-07-28 20:25:00,0.0,0.0,0.0,0.0,0.0,0.0,0.0,0.0,0.0,0.0
2022-07-28 20:30:00,0.0,0.0,0.0,0.0,0.0,0.0,0.0,0.0,0.0,0.0
2022-07-28 20:35:00,0.0,0.0,0.0,0.0,0.0,0.0,0.0,0.0,0.0,0.0
2022-07-28 20:40:00,0.0,0.0,0.0,0.0,0.0,0.0,0.0,0.0,0.0,0.0
2022-07-28 20:45:00,0.0,0.0,0.0,0.0,0.0,0.0,0.0,0.0,0.0,0.0
2022-07-28 20:50:00,0.0,0.0,0.0,0.0,0.0,0.0,0.0,0.0,0.0,0.0
2022-07-28 20:55:00,0.0,0.0,0.0,0.0,0.0,0.0,0.0,0.0,0.0,0.0
2022-07-28 21:00:00,0.0,0.0,0.0,0.0,0.0,0.0,0.0,0.0,0.0,0.0
2022-07-28 21:05:00,0.0,0.0,0.0,0.0,0.0,0.0,0.0,0.0,0.0,0.0
2022-07-28 21:10:00,0.0,0.0,0.0,0.0,0.0,0.0,0.0,0.0,0.0,0.0
2022-07-28 21:15:00,0.0,0.0,0.0,0.0,0.0,0.0,0.0,0.0,0.0,0.0
2022-07-28 21:20:00,0.0,0.0,0.0,0.0,0.0,0.0,0.0,0.0,0.0,0.0
2022-07-28 21:25:00,0.0,0.0,0.0,0.0,0.0,0.0,0.0,0.0,0.0,0.0
2022-07-28 21:30:00,0.0,0.0,0.0,0.0,0.0,0.0,0.0,0.0,0.0,0.0
2022-07-28 21:35:00,0.0,0.0,0.0,0.0,0.0,0.0,0.0,0.0,0.0,0.0
2022-07-28 21:40:00,0.0,0.0,0.0,0.0,0.0,0.0,0.0,0.0,0.0,0.0
2022-07-28 21:45:00,0.0,0.0,0.0,0.0,0.0,0.0,0.0,0.0,0.0,0.0
2022-07-28 21:50:00,0.0,0.0,0.0,0.0,0.0,0.0,0.0,0.0,0.0,0.0
2022-07-28 21:55:00,0.0,0.0,0.0,0.0,0.0,0.0,0.0,0.0,0.0,0.0
2022-07-28 22:00:00,0.0,0.0,0.0,0.0,0.0,0.0,0.0,0.0,0.0,0.0
2022-07-28 22:05:00,0.0,0.0,0.0,0.0,0.0,0.0,0.0,0.0,0.0,0.0
2022-07-28 22:10:00,0.0,0.0,0.0,0.0,0.0,0.0,0.0,0.0,0.0,0.0
2022-07-28 22:15:00,0.0,0.0,0.0,0.0,0.0,0.0,0.0,0.0,0.0,0.0
2022-07-28 22:20:00,0.0,0.0,0.0,0.0,0.0,0.0,0.0,0.0,0.0,0.0
2022-07-28 22:25:00,0.0,0.0,0.0,0.0,0.0,0.0,0.0,0.0,0.0,0.0
2022-07-28 22:30:00,0.0,0.0,0.0,0.0,0.0,0.0,0.0,0.0,0.0,0.0
2022-07-28 22:35:00,0.0,0.0,0.0,0.0,0.0,0.0,0.0,0.0,0.0,0.0
2022-07-28 22:40:00,0.0,0.0,0.0,0.0,0.0,0.0,0.0,0.0,0.0,0.0
2022-07-28 22:45:00,0.0,0.0,0.0,0.0,0.0,0.0,0.0,0.0,0.0,0.0
2022-07-28 22:50:00,0.0,0.0,0.0,0.0,0.0,0.0,0.0,0.0,0.0,0.0
2022-07-28 22:55:00,0.0,0.0,0.0,0.0,0.0,0.0,0.0,0.0,0.0,0.0
2022-07-28 23:00:00,0.0,0.0,0.0,0.0,0.0,0.0,0.0,0.0,0.0,0.0
2022-07-28 23:05:00,0.0,0.0,0.0,0.0,0.0,0.0,0.0,0.0,0.0,0.0
2022-07-28 23:10:00,0.0,0.0,0.0,0.0,0.0,0.0,0.0,0.0,0.0,0.0
2022-07-28 23:15:00,0.0,0.0,0.0,0.0,0.0,0.0,0.0,0.0,0.0,0.0
2022-07-28 23:20:00,0.0,0.0,0.0,0.0,0.0,0.0,0.0,0.0,0.0,0.0
2022-07-28 23:25:00,0.0,0.0,0.0,0.0,0.0,0.0,0.0,0.0,0.0,0.0
2022-07-28 23:30:00,0.0,0.0,0.0,0.0,0.0,0.0,0.0,0.0,0.0,0.0
2022-07-28 23:35:00,0.0,0.0,0.0,0.0,0.0,0.0,0.0,0.0,0.0,0.0
2022-07-28 23:40:00,0.0,0.0,0.0,0.0,0.0,0.0,0.0,0.0,0.0,0.0
2022-07-28 23:45:00,0.0,0.0,0.0,0.0,0.0,0.0,0.0,0.0,0.0,0.0
2022-07-28 23:50:00,0.0,0.0,0.0,0.0,0.0,0.0,0.0,0.0,0.0,0.0
2022-07-28 23:55:00,0.0,0.0,0.0,0.0,0.0,0.0,0.0,0.0,0.0,0.0
2022-07-29 00:00:00,0.0,0.0,0.0,0.0,0.0,0.0,0.0,0.0,0.0,0.0
2022-07-29 00:05:00,0.0,0.0,0.0,0.0,0.0,0.0,0.0,0.0,0.0,0.0
2022-07-29 00:10:00,0.0,0.0,0.0,0.0,0.0,0.0,0.0,0.0,0.0,0.0
2022-07-29 00:15:00,0.0,0.0,0.0,0.0,0.0,0.0,0.0,0.0,0.0,0.0
2022-07-29 00:20:00,0.0,0.0,0.0,0.0,0.0,0.0,0.0,0.0,0.0,0.0
2022-07-29 00:25:00,0.0,0.0,0.0,0.0,0.0,0.0,0.0,0.0,0.0,0.0
2022-07-29 00:30:00,0.0,0.0,0.0,0.0,0.0,0.0,0.0,0.0,0.0,0.0
2022-07-29 00:35:00,0.0,0.0,0.0,0.0,0.0,0.0,0.0,0.0,0.0,0.0
2022-07-29 00:40:00,0.0,0.0,0.0,0.0,0.0,0.0,0.0,0.0,0.0,0.0
2022-07-29 00:45:00,0.0,0.0,0.0,0.0,0.0,0.0,0.0,0.0,0.0,0.0
2022-07-29 00:50:00,0.0,0.0,0.0,0.0,0.0,0.0,0.0,0.0,0.0,0.0
2022-07-29 00:55:00,0.0,0.0,0.0,0.0,0.0,0.0,0.0,0.0,0.0,0.0
2022-07-29 01:00:00,0.0,0.0,0.0,0.0,0.0,0.0,0.0,0.0,0.0,0.0
2022-07-29 01:05:00,0.0,0.0,0.0,0.0,0.0,0.0,0.0,0.0,0.0,0.0
2022-07-29 01:10:00,0.0,0.0,0.0,0.0,0.0,0.0,0.0,0.0,0.0,0.0
2022-07-29 01:15:00,0.0,0.0,0.0,0.0,0.0,0.0,0.0,0.0,0.0,0.0
2022-07-29 01:20:00,0.0,0.0,0.0,0.0,0.0,0.0,0.0,0.0,0.0,0.0
2022-07-29 01:25:00,0.0,0.0,0.0,0.0,0.0,0.0,0.0,0.0,0.0,0.0
2022-07-29 01:30:00,0.0,0.0,0.0,0.0,0.0,0.0,0.0,0.0,0.0,0.0
2022-07-29 01:35:00,0.0,0.0,0.0,0.0,0.0,0.0,0.0,0.0,0.0,0.0
2022-07-29 01:40:00,0.0,0.0,0.0,0.0,0.0,0.0,0.0,0.0,0.0,0.0
2022-07-29 01:45:00,0.0,0.0,0.0,0.0,0.0,0.0,0.0,0.0,0.0,0.0
2022-07-29 01:50:00,0.0,0.0,0.0,0.0,0.0,0.0,0.0,0.0,0.0,0.0
2022-07-29 01:55:00,0.0,0.0,0.0,0.0,0.0,0.0,0.0,0.0,0.0,0.0
2022-07-29 02:00:00,0.0,0.0,0.0,0.0,0.0,0.0,0.0,0.0,0.0,0.0
2022-07-29 02:05:00,0.0,0.0,0.0,0.0,0.0,0.0,0.0,0.0,0.0,0.0
2022-07-29 02:10:00,0.0,0.0,0.0,0.0,0.0,0.0,0.0,0.0,0.0,0.0
2022-07-29 02:15:00,0.0,0.0,0.0,0.0,0.0,0.0,0.0,0.0,0.0,0.0
2022-07-29 02:20:00,0.0,0.0,0.0,0.0,0.0,0.0,0.0,0.0,0.0,0.0
2022-07-29 02:25:00,0.0,0.0,0.0,0.0,0.0,0.0,0.0,0.0,0.0,0.0
2022-07-29 02:30:00,0.0,0.0,0.0,0.0,0.0,0.0,0.0,0.0,0.0,0.0
2022-07-29 02:35:00,0.0,0.0,0.0,0.0,0.0,0.0,0.0,0.0,0.0,0.0
2022-07-29 02:40:00,0.0,0.0,0.0,0.0,0.0,0.0,0.0,0.0,0.0,0.0
2022-07-29 02:45:00,0.0,0.0,0.0,0.0,0.0,0.0,0.0,0.0,0.0,0.0
2022-07-29 02:50:00,0.0,0.0,0.0,0.0,0.0,0.0,0.0,0.0,0.0,0.0
2022-07-29 02:55:00,0.0,0.0,0.0,0.0,0.0,0.0,0.0,0.0,0.0,0.0
2022-07-29 03:00:00,0.0,0.0,0.0,0.0,0.0,0.0,0.0,0.0,0.0,0.0
2022-07-29 03:05:00,0.0,0.0,0.0,0.0,0.0,0.0,0.0,0.0,0.0,0.0
2022-07-29 03:10:00,0.0,0.0,0.0,0.0,0.0,0.0,0.0,0.0,0.0,0.0
2022-07-29 03:15:00,0.0,0.0,0.0,0.0,0.0,0.0,0.0,0.0,0.0,0.0
2022-07-29 03:20:00,0.0,0.0,0.0,0.0,0.0,0.0,0.0,0.0,0.0,0.0
2022-07-29 03:25:00,0.0,0.0,0.0,0.0,0.0,0.0,0.0,0.0,0.0,0.0
2022-07-29 03:30:00,0.0,0.0,0.0,0.0,0.0,0.0,0.0,0.0,0.0,0.0
2022-07-29 03:35:00,0.000828,0.0,0.0,0.0,0.0,0.0,0.0,0.0,0.0,0.0
2022-07-29 03:40:00,0.003155,0.0,0.0,0.0,0.0,0.0,0.0,0.0,0.0,0.0
2022-07-29 03:45:00,0.005707,0.0,0.0,0.0,0.0,0.0,0.0,0.0,0.0,0.0
2022-07-29 03:50:00,0.008896,0.0,0.0,0.0,0.0,0.0,0.0,0.0,0.0,0.0
2022-07-29 03:55:00,0.012992,0.0,0.0,0.0,0.0,0.0,0.0,0.0,0.0,0.0
2022-07-29 04:00:00,0.01765,0.0,0.0,0.0,0.0,0.0,0.0,0.0,0.0,0.0
2022-07-29 04:05:00,0.022392,0.0,0.0,0.0,0.0,5e-06,0.0,0.000616,0.000363,0.0
2022-07-29 04:10:00,0.027003,0.000382,0.0,0.0,0.0,0.003154,0.002342,0.003975,0.004363,0.001243
2022-07-29 04:15:00,0.031318,0.003774,0.0,0.0,0.0,0.00689,0.006521,0.008012,0.009406,0.004005
2022-07-29 04:20:00,0.033455,0.006703,0.0003,0.000513,0.0,0.010226,0.010813,0.013949,0.014626,0.007559
2022-07-29 04:25:00,0.033216,0.008207,0.003227,0.002168,0.000491,0.012827,0.014741,0.022214,0.019636,0.012349
2022-07-29 04:30:00,0.031624,0.009036,0.006789,0.003808,0.005448,0.015092,0.018997,0.031351,0.024232,0.01794
2022-07-29 04:35:00,0.029678,0.011345,0.009806,0.004258,0.00808,0.01887,0.023866,0.036541,0.029334,0.023606
2022-07-29 04:40:00,0.030255,0.015988,0.013022,0.004353,0.00754,0.024146,0.030233,0.035295,0.035351,0.028736
2022-07-29 04:45:00,0.032166,0.02189,0.01679,0.004187,0.005591,0.03,0.036422,0.030104,0.041605,0.033389
2022-07-29 04:50:00,0.031482,0.025947,0.021202,0.004773,0.005864,0.035863,0.041231,0.025626,0.046128,0.037951
2022-07-29 04:55:00,0.026789,0.026682,0.027464,0.006662,0.011728,0.041582,0.042958,0.025739,0.048461,0.042898
2022-07-29 05:00:00,0.020735,0.025239,0.034281,0.009476,0.020433,0.046777,0.043195,0.029295,0.04942,0.048063
2022-07-29 05:05:00,0.020532,0.024911,0.037655,0.012163,0.027276,0.051802,0.047214,0.033413,0.052033,0.052428
2022-07-29 05:10:00,0.031911,0.027198,0.035492,0.014442,0.029736,0.055786,0.055158,0.038097,0.058221,0.055788
2022-07-29 05:15:00,0.04977,0.031041,0.030506,0.016528,0.029394,0.059026,0.065441,0.043334,0.068096,0.058472
2022-07-29 05:20:00,0.063495,0.036182,0.02771,0.019749,0.02648,0.062723,0.071724,0.048411,0.073548,0.063347
2022-07-29 05:25:00,0.06547,0.042196,0.031337,0.024903,0.022046,0.068506,0.073674,0.053677,0.073906,0.071014
2022-07-29 05:30:00,0.055343,0.048658,0.039203,0.031871,0.016616,0.075992,0.072593,0.058529,0.074436,0.080838
2022-07-29 05:35:00,0.040653,0.055429,0.051164,0.037814,0.011614,0.080867,0.067602,0.055469,0.080329,0.090712
2022-07-29 05:40:00,0.031866,0.06191,0.066364,0.043621,0.007719,0.083401,0.060003,0.043425,0.091636,0.09938
2022-07-29 05:45:00,0.030551,0.068059,0.083529,0.049158,0.00511,0.08633,0.051877,0.027053,0.105292,0.107598
2022-07-29 05:50:00,0.043605,0.072434,0.096784,0.058048,0.008731,0.092765,0.051576,0.028176,0.118714,0.112578
2022-07-29 05:55:00,0.075462,0.074448,0.100973,0.071672,0.019959,0.102804,0.061458,0.058847,0.132243,0.117015
2022-07-29 06:00:00,0.118194,0.074719,0.097177,0.086837,0.035569,0.115072,0.0769,0.107211,0.146176,0.124172
2022-07-29 06:05:00,0.150505,0.073002,0.095041,0.092702,0.05385,0.128695,0.097478,0.151748,0.161142,0.136149
2022-07-29 06:10:00,0.161058,0.069762,0.098146,0.081614,0.070605,0.14338,0.119324,0.17674,0.17704,0.148908
2022-07-29 06:15:00,0.156011,0.065455,0.10553,0.059943,0.087032,0.159103,0.141219,0.187138,0.19367,0.158341
2022-07-29 06:20:00,0.146369,0.065312,0.113262,0.041283,0.103459,0.175832,0.15607,0.186004,0.211002,0.16203
2022-07-29 06:25:00,0.139151,0.068677,0.117826,0.035042,0.120749,0.192958,0.159523,0.174293,0.228603,0.163252
2022-07-29 06:30:00,0.134794,0.074029,0.120068,0.037,0.137717,0.209757,0.155754,0.156329,0.246097,0.164077
2022-07-29 06:35:00,0.130681,0.081478,0.122076,0.040608,0.14987,0.226769,0.149134,0.155989,0.263574,0.169053
2022-07-29 06:40:00,0.128695,0.087117,0.123958,0.041698,0.15345,0.243919,0.142514,0.188535,0.281349,0.179257
2022-07-29 06:45:00,0.127158,0.091668,0.126523,0.041315,0.150757,0.261604,0.134983,0.246235,0.299702,0.193746
2022-07-29 06:50:00,0.136463,0.103406,0.130444,0.047697,0.143926,0.279499,0.126582,0.303541,0.317979,0.207863
2022-07-29 06:55:00,0.155629,0.121956,0.137304,0.062418,0.135461,0.296786,0.115483,0.340247,0.335297,0.219533
2022-07-29 07:00:00,0.182101,0.144585,0.146417,0.081413,0.126009,0.313312,0.105334,0.360514,0.351605,0.229099
2022-07-29 07:05:00,0.216727,0.163673,0.16071,0.09386,0.117437,0.329908,0.113138,0.376247,0.367878,0.239875
2022-07-29 07:10:00,0.256504,0.173889,0.18198,0.09366,0.110654,0.347392,0.140519,0.392677,0.384685,0.252039
2022-07-29 07:15:00,0.29964,0.177423,0.207849,0.085277,0.10534,0.365597,0.178704,0.409656,0.401945,0.265779
2022-07-29 07:20:00,0.343806,0.168546,0.230768,0.076526,0.098367,0.383509,0.231008,0.426199,0.419054,0.285174
2022-07-29 07:25:00,0.380471,0.146273,0.247079,0.072296,0.089173,0.399722,0.288518,0.441183,0.434812,0.313399
2022-07-29 07:30:00,0.412544,0.115564,0.25843,0.072176,0.07942,0.41475,0.349752,0.454838,0.449335,0.347868
2022-07-29 07:35:00,0.443684,0.089546,0.264333,0.073729,0.074875,0.430104,0.405259,0.468574,0.464148,0.382942
2022-07-29 07:40:00,0.473034,0.075542,0.265138,0.079701,0.080221,0.446349,0.444827,0.483327,0.479998,0.409478
2022-07-29 07:45:00,0.498421,0.070562,0.263052,0.087639,0.091088,0.463076,0.474203,0.498824,0.496383,0.429985
2022-07-29 07:50:00,0.511817,0.07266,0.281721,0.088299,0.095294,0.479791,0.499382,0.514244,0.511989,0.450612
2022-07-29 07:55:00,0.501058,0.080622,0.329796,0.079151,0.086846,0.495747,0.518725,0.52926,0.525567,0.473642
2022-07-29 08:00:00,0.473556,0.092189,0.396878,0.064224,0.071001,0.510892,0.534569,0.543896,0.537596,0.498421
2022-07-29 08:05:00,0.43345,0.105679,0.438488,0.057326,0.061689,0.526075,0.549675,0.558161,0.550129,0.52209
2022-07-29 08:10:00,0.397694,0.119272,0.428935,0.065324,0.066968,0.541616,0.564648,0.572259,0.563958,0.541811
2022-07-29 08:15:00,0.363888,0.132432,0.381651,0.082631,0.081214,0.556994,0.579294,0.586261,0.577644,0.557843
2022-07-29 08:20:00,0.337766,0.141225,0.342727,0.095973,0.096004,0.571177,0.578322,0.599711,0.582215,0.572577
2022-07-29 08:25:00,0.3215,0.143108,0.344999,0.098762,0.105702,0.583206,0.562897,0.612134,0.5725,0.584527
2022-07-29 08:30:00,0.312594,0.140959,0.375546,0.096104,0.110579,0.592918,0.53719,0.62374,0.550015,0.594884
2022-07-29 08:35:00,0.292246,0.147184,0.386982,0.105797,0.109986,0.604284,0.490639,0.625546,0.537863,0.605931
2022-07-29 08:40:00,0.256551,0.165959,0.35615,0.136744,0.100869,0.616163,0.439569,0.616042,0.542377,0.618056
2022-07-29 08:45:00,0.213614,0.191481,0.295575,0.180514,0.087298,0.628084,0.385521,0.598677,0.55872,0.630994
2022-07-29 08:50:00,0.223367,0.22241,0.235083,0.210723,0.072029,0.641268,0.336966,0.592746,0.58826,0.643624
2022-07-29 08:55:00,0.307917,0.249193,0.194044,0.216625,0.060379,0.652636,0.30614,0.612015,0.620747,0.655535
2022-07-29 09:00:00,0.438292,0.2744,0.167967,0.206228,0.051956,0.663019,0.2867,0.646613,0.65378,0.666801
2022-07-29 09:05:00,0.561081,0.297267,0.156367,0.190924,0.048076,0.673536,0.27796,0.680933,0.682499,0.677769
2022-07-29 09:10:00,0.642457,0.318549,0.159401,0.177804,0.052281,0.684257,0.2782,0.701579,0.695247,0.688501
2022-07-29 09:15:00,0.693848,0.338686,0.171738,0.167097,0.061547,0.694805,0.282809,0.712012,0.692688,0.697567
2022-07-29 09:20:00,0.704171,0.346975,0.190223,0.157696,0.076845,0.704619,0.279173,0.702672,0.687709,0.695453
2022-07-29 09:25:00,0.669212,0.342538,0.211003,0.15346,0.096227,0.713077,0.266037,0.668832,0.667862,0.674547
2022-07-29 09:30:00,0.600463,0.329079,0.231802,0.154213,0.11787,0.720526,0.248015,0.614505,0.63763,0.638405
2022-07-29 09:35:00,0.54505,0.311495,0.236863,0.153024,0.138423,0.727954,0.232944,0.593308,0.572481,0.602254
2022-07-29 09:40:00,0.537076,0.294711,0.219336,0.155279,0.154474,0.735584,0.225672,0.621998,0.469684,0.57447
2022-07-29 09:45:00,0.563438,0.278974,0.187383,0.161889,0.167814,0.743059,0.224435,0.683168,0.343379,0.5545
2022-07-29 09:50:00,0.571403,0.269597,0.154502,0.177465,0.179721,0.749838,0.238264,0.736484,0.231523,0.525074
2022-07-29 09:55:00,0.545419,0.270793,0.130458,0.211707,0.191582,0.755432,0.266699,0.763197,0.168915,0.488098
2022-07-29 10:00:00,0.494809,0.279829,0.113197,0.25432,0.201842,0.760113,0.303052,0.772196,0.141901,0.448297
2022-07-29 10:05:00,0.444985,0.296005,0.103434,0.280605,0.201543,0.765375,0.343663,0.776637,0.128444,0.415151
2022-07-29 10:10:00,0.414924,0.319653,0.102556,0.277632,0.184861,0.771767,0.381265,0.78141,0.123215,0.405711
2022-07-29 10:15:00,0.399838,0.347239,0.107433,0.255318,0.158816,0.778806,0.414896,0.786425,0.123332,0.415157
2022-07-29 10:20:00,0.429858,0.396372,0.107814,0.234409,0.134132,0.774022,0.44254,0.791031,0.135714,0.396794
2022-07-29 10:25:00,0.504444,0.463227,0.100187,0.223245,0.120738,0.755207,0.456028,0.794775,0.161625,0.356478
2022-07-29 10:30:00,0.603245,0.539573,0.088019,0.220056,0.115607,0.727135,0.461572,0.7979,0.198639,0.300819
2022-07-29 10:35:00,0.678992,0.601875,0.082509,0.22838,0.12793,0.689535,0.46595,0.801355,0.258468,0.232552
2022-07-29 10:40:00,0.710355,0.636089,0.089884,0.248622,0.159053,0.653422,0.470638,0.805566,0.343564,0.172537
2022-07-29 10:45:00,0.711624,0.651236,0.1053,0.275455,0.200824,0.619944,0.475754,0.809918,0.442676,0.118571
2022-07-29 10:50:00,0.722126,0.663472,0.122936,0.299324,0.239691,0.617163,0.490288,0.797726,0.52136,0.072208
2022-07-29 10:55:00,0.748107,0.67628,0.138569,0.313614,0.263937,0.660583,0.51252,0.76623,0.563517,0.044703
2022-07-29 11:00:00,0.783485,0.689342,0.152153,0.321913,0.279474,0.728699,0.537307,0.72149,0.578378,0.030226
2022-07-29 11:05:00,0.812178,0.696274,0.166274,0.357087,0.314965,0.784844,0.553533,0.698176,0.609822,0.020675
2022-07-29 11:10:00,0.825601,0.693101,0.178991,0.423696,0.374715,0.811623,0.555255,0.71628,0.658119,0.016898
2022-07-29 11:15:00,0.828842,0.683925,0.189764,0.507977,0.449108,0.819622,0.548688,0.759494,0.71343,0.018554
2022-07-29 11:20:00,0.829373,0.674469,0.194144,0.575061,0.505001,0.821917,0.560663,0.796956,0.729656,0.022826
2022-07-29 11:25:00,0.830135,0.672719,0.18737,0.603006,0.526283,0.822287,0.587945,0.815386,0.687341,0.035827
2022-07-29 11:30:00,0.830956,0.676256,0.173698,0.604728,0.52421,0.820717,0.620906,0.821419,0.606601,0.05767
2022-07-29 11:35:00,0.830873,0.669602,0.168052,0.59722,0.510636,0.820371,0.651447,0.82258,0.522914,0.068753
2022-07-29 11:40:00,0.829275,0.65301,0.173435,0.586349,0.495058,0.819839,0.666843,0.821448,0.475103,0.078562
2022-07-29 11:45:00,0.826469,0.626672,0.18659,0.572941,0.479024,0.81833,0.673038,0.818746,0.454766,0.084729
2022-07-29 11:50:00,0.823104,0.585122,0.204301,0.539807,0.46382,0.818687,0.702877,0.802262,0.434219,0.089965
2022-07-29 11:55:00,0.819413,0.527879,0.222971,0.485392,0.454659,0.818027,0.743701,0.769877,0.414537,0.096165
2022-07-29 12:00:00,0.814101,0.463831,0.242219,0.418814,0.449679,0.816166,0.787911,0.727033,0.394783,0.102979
2022-07-29 12:05:00,0.798669,0.426898,0.268316,0.393244,0.442357,0.805967,0.817149,0.684066,0.382461,0.114
2022-07-29 12:10:00,0.768316,0.437731,0.299974,0.429643,0.432815,0.78305,0.825705,0.653893,0.384187,0.129995
2022-07-29 12:15:00,0.728504,0.479423,0.334125,0.504763,0.422469,0.752324,0.822604,0.632122,0.395403,0.149184
2022-07-29 12:20:00,0.673364,0.527227,0.357475,0.573544,0.414864,0.716219,0.818026,0.620502,0.403791,0.163486
2022-07-29 12:25:00,0.61318,0.566601,0.362497,0.612281,0.414633,0.682891,0.813547,0.617249,0.408826,0.169804
2022-07-29 12:30:00,0.551842,0.599734,0.355353,0.631314,0.417717,0.652072,0.809222,0.618281,0.410528,0.170413
2022-07-29 12:35:00,0.496786,0.617742,0.344334,0.65727,0.410515,0.621461,0.80449,0.593963,0.397233,0.164688
2022-07-29 12:40:00,0.466706,0.621518,0.334761,0.695345,0.388273,0.595315,0.799324,0.535683,0.368914,0.153346
2022-07-29 12:45:00,0.455508,0.616162,0.327788,0.7378,0.357785,0.572804,0.791959,0.455722,0.330416,0.138253
2022-07-29 12:50:00,0.46375,0.612519,0.335515,0.768509,0.337706,0.533657,0.772704,0.376274,0.284085,0.124058
2022-07-29 12:55:00,0.494554,0.617565,0.363902,0.778516,0.339797,0.48082,0.739263,0.319328,0.237127,0.113437
2022-07-29 13:00:00,0.538278,0.627331,0.404367,0.77539,0.356338,0.422637,0.696396,0.278493,0.190658,0.105489
2022-07-29 13:05:00,0.569712,0.63011,0.443429,0.768782,0.3651,0.362508,0.641975,0.242675,0.146743,0.099795
2022-07-29 13:10:00,0.585805,0.621254,0.470378,0.761484,0.35958,0.324147,0.581313,0.213474,0.111962,0.096574
2022-07-29 13:15:00,0.590103,0.605646,0.488849,0.753908,0.347164,0.299973,0.522017,0.190198,0.08587,0.096202
2022-07-29 13:20:00,0.587575,0.59261,0.499934,0.746626,0.364179,0.278607,0.518692,0.183005,0.069622,0.108713
2022-07-29 13:25:00,0.580371,0.587644,0.504042,0.740398,0.423814,0.263091,0.570143,0.198508,0.071046,0.137543
2022-07-29 13:30:00,0.570351,0.588211,0.503885,0.734686,0.50584,0.250727,0.642445,0.226334,0.083753,0.176454
2022-07-29 13:35:00,0.561115,0.597341,0.490598,0.728115,0.580322,0.240522,0.692016,0.251202,0.110635,0.213677
2022-07-29 13:40:00,0.554322,0.613537,0.466258,0.72065,0.628563,0.232431,0.705492,0.260788,0.148968,0.241764
2022-07-29 13:45:00,0.549566,0.63227,0.436004,0.712697,0.65778,0.226131,0.700345,0.259641,0.19303,0.262962
2022-07-29 13:50:00,0.544238,0.649667,0.411122,0.704301,0.673347,0.204687,0.690712,0.250967,0.240388,0.271458
2022-07-29 13:55:00,0.539824,0.658951,0.402518,0.695318,0.675389,0.168877,0.679844,0.23542,0.282772,0.26511
2022-07-29 14:00:00,0.536129,0.662231,0.404986,0.685876,0.66901,0.129252,0.667772,0.216705,0.317929,0.249391
2022-07-29 14:05:00,0.514351,0.639793,0.422994,0.676018,0.659882,0.087009,0.654885,0.207641,0.331453,0.234578
2022-07-29 14:10:00,0.476505,0.58779,0.455919,0.665791,0.649534,0.070048,0.640884,0.215853,0.308946,0.227066
2022-07-29 14:15:00,0.431226,0.518179,0.494153,0.655155,0.638573,0.067545,0.626134,0.233577,0.26573,0.224493
2022-07-29 14:20:00,0.413103,0.467688,0.519697,0.643974,0.627359,0.079648,0.588058,0.242624,0.238802,0.220238
2022-07-29 14:25:00,0.437982,0.460062,0.52258,0.63221,0.616336,0.105501,0.535209,0.233141,0.244567,0.213567
2022-07-29 14:30:00,0.481401,0.478616,0.511795,0.619916,0.605328,0.137502,0.476875,0.212068,0.269428,0.205413
2022-07-29 14:35:00,0.504225,0.492285,0.498499,0.607288,0.593565,0.149935,0.451832,0.189226,0.281918,0.199037
2022-07-29 14:40:00,0.491693,0.49178,0.486575,0.594427,0.58094,0.129248,0.466775,0.170676,0.26631,0.19723
2022-07-29 14:45:00,0.459288,0.482078,0.476171,0.581321,0.567781,0.090238,0.497793,0.156378,0.233346,0.19824
2022-07-29 14:50:00,0.420734,0.479401,0.475067,0.567503,0.554533,0.077512,0.488489,0.147245,0.206276,0.198114
2022-07-29 14:55:00,0.385028,0.486765,0.483726,0.552981,0.541425,0.112757,0.44156,0.146117,0.19624,0.19567
2022-07-29 15:00:00,0.353115,0.498386,0.495901,0.536241,0.528354,0.176831,0.378596,0.149385,0.197769,0.192067
2022-07-29 15:05:00,0.342461,0.50358,0.501189,0.501426,0.514465,0.240106,0.31732,0.147072,0.194319,0.187368
2022-07-29 15:10:00,0.354507,0.49747,0.494629,0.444463,0.49967,0.282017,0.282551,0.135793,0.181387,0.18341
2022-07-29 15:15:00,0.375547,0.484566,0.481477,0.378323,0.484652,0.307382,0.261838,0.119935,0.162259,0.179705
2022-07-29 15:20:00,0.381025,0.470308,0.453652,0.338811,0.470159,0.313605,0.25145,0.10545,0.144966,0.174802
2022-07-29 15:25:00,0.364389,0.456445,0.414214,0.345117,0.456307,0.300242,0.250744,0.100148,0.133555,0.169487
2022-07-29 15:30:00,0.336939,0.442553,0.369728,0.374515,0.442617,0.275427,0.255513,0.100499,0.126134,0.163726
2022-07-29 15:35:00,0.316225,0.427895,0.344627,0.3975,0.427889,0.247143,0.260078,0.099417,0.118656,0.155093
2022-07-29 15:40:00,0.30666,0.412107,0.34573,0.40209,0.412319,0.220034,0.263712,0.095092,0.109985,0.143598
2022-07-29 15:45:00,0.301611,0.395259,0.358367,0.395025,0.396102,0.194066,0.264092,0.088691,0.100927,0.131237
2022-07-29 15:50:00,0.288923,0.378802,0.358402,0.382847,0.379489,0.172475,0.25962,0.090984,0.092335,0.124006
2022-07-29 15:55:00,0.268245,0.362165,0.338491,0.367602,0.362592,0.1574,0.247511,0.104008,0.0858,0.126638
2022-07-29 16:00:00,0.246141,0.345885,0.309525,0.350609,0.345688,0.146865,0.232521,0.123433,0.08058,0.135159
2022-07-29 16:05:00,0.224346,0.329849,0.286052,0.334236,0.329347,0.138612,0.22236,0.136763,0.075661,0.140197
2022-07-29 16:10:00,0.20589,0.314131,0.272184,0.31825,0.313604,0.132408,0.216662,0.137997,0.070747,0.1385
2022-07-29 16:15:00,0.189209,0.298309,0.263093,0.302141,0.297899,0.127913,0.212296,0.131927,0.066114,0.132413
2022-07-29 16:20:00,0.178368,0.275774,0.255811,0.281213,0.281661,0.126841,0.198902,0.127566,0.0633,0.125577
2022-07-29 16:25:00,0.17053,0.248688,0.248173,0.256636,0.26485,0.129663,0.178448,0.129374,0.063011,0.120742
2022-07-29 16:30:00,0.162089,0.22214,0.23863,0.232359,0.24796,0.134615,0.156745,0.133757,0.064862,0.117045
2022-07-29 16:35:00,0.150146,0.200768,0.218179,0.212246,0.231452,0.134342,0.146791,0.132687,0.063971,0.112446
2022-07-29 16:40:00,0.136998,0.185122,0.189328,0.195972,0.215429,0.125778,0.14765,0.123444,0.060463,0.106529
2022-07-29 16:45:00,0.126624,0.172263,0.160481,0.181831,0.199465,0.112169,0.151397,0.109797,0.055008,0.100088
2022-07-29 16:50:00,0.119332,0.160457,0.143953,0.171757,0.183689,0.102253,0.150476,0.100042,0.049973,0.093289
2022-07-29 16:55:00,0.111384,0.151033,0.139627,0.163476,0.167744,0.098996,0.141122,0.09625,0.046736,0.088169
2022-07-29 17:00:00,0.10034,0.143041,0.139901,0.153605,0.152568,0.100267,0.127544,0.095946,0.045027,0.084404
2022-07-29 17:05:00,0.087043,0.134626,0.136725,0.140543,0.138057,0.09951,0.113677,0.092046,0.044281,0.083619
2022-07-29 17:10:00,0.073573,0.126226,0.128993,0.12603,0.124269,0.094565,0.102938,0.082953,0.044613,0.086465
2022-07-29 17:15:00,0.061111,0.118152,0.119704,0.112421,0.111414,0.087134,0.095854,0.071218,0.045445,0.090334
2022-07-29 17:20:00,0.050552,0.1107,0.111224,0.100075,0.100207,0.080688,0.090451,0.060586,0.045038,0.091017
2022-07-29 17:25:00,0.044069,0.102752,0.102882,0.088906,0.091923,0.077488,0.086099,0.053211,0.042556,0.087131
2022-07-29 17:30:00,0.041596,0.093212,0.093776,0.078931,0.086935,0.075762,0.082498,0.048159,0.038836,0.080761
2022-07-29 17:35:00,0.041374,0.082849,0.081562,0.069562,0.081874,0.068737,0.077888,0.044932,0.035785,0.072987
2022-07-29 17:40:00,0.040775,0.073265,0.068213,0.060091,0.072574,0.054794,0.071109,0.042188,0.03421,0.064098
2022-07-29 17:45:00,0.03981,0.065342,0.055692,0.051039,0.059895,0.037269,0.063632,0.040072,0.033367,0.054888
2022-07-29 17:50:00,0.038485,0.059448,0.046719,0.043814,0.048699,0.025484,0.057652,0.038103,0.032049,0.0479
2022-07-29 17:55:00,0.036874,0.055705,0.043813,0.039418,0.042645,0.025724,0.053057,0.035581,0.029468,0.04461
2022-07-29 18:00:00,0.035034,0.053771,0.044389,0.038684,0.041006,0.033309,0.048913,0.032474,0.025977,0.043542
2022-07-29 18:05:00,0.032933,0.05092,0.044634,0.03806,0.040506,0.04019,0.044317,0.028971,0.02235,0.041854
2022-07-29 18:10:00,0.030438,0.046928,0.043651,0.037558,0.040772,0.041575,0.040106,0.025011,0.019209,0.037951
2022-07-29 18:15:00,0.027458,0.042346,0.041797,0.036816,0.041294,0.039269,0.036519,0.020915,0.016395,0.032726
2022-07-29 18:20:00,0.023936,0.03814,0.039633,0.034619,0.040618,0.035038,0.032808,0.01594,0.012759,0.027738
2022-07-29 18:25:00,0.020186,0.034799,0.037148,0.030641,0.037936,0.029577,0.029339,0.010418,0.007905,0.023546
2022-07-29 18:30:00,0.016409,0.031914,0.034207,0.025076,0.033921,0.023337,0.025452,0.004715,0.002303,0.019928
2022-07-29 18:35:00,0.012277,0.028763,0.030772,0.01999,0.029595,0.017304,0.020354,0.0,0.0,0.016205
2022-07-29 18:40:00,0.008363,0.025174,0.026863,0.017572,0.025502,0.012642,0.014163,0.0,0.0,0.012248
2022-07-29 18:45:00,0.004465,0.021424,0.022616,0.01706,0.02176,0.009011,0.007808,0.0,0.0,0.008193
2022-07-29 18:50:00,0.000931,0.017352,0.018319,0.015812,0.017983,0.005976,0.002356,0.0,0.0,0.004367
2022-07-29 18:55:00,0.0,0.013135,0.01405,0.012592,0.013748,0.003428,0.0,0.0,0.0,0.001449
2022-07-29 19:00:00,0.0,0.008889,0.009841,0.008061,0.009188,0.000998,0.0,0.0,0.0,0.0
2022-07-29 19:05:00,0.0,0.004851,0.005959,0.003706,0.004925,0.0,0.0,0.0,0.0,0.0
2022-07-29 19:10:00,0.0,0.00134,0.002531,0.000537,0.001358,0.0,0.0,0.0,0.0,0.0
2022-07-29 19:15:00,0.0,0.0,0.0,0.0,0.0,0.0,0.0,0.0,0.0,0.0
2022-07-29 19:20:00,0.0,0.0,0.0,0.0,0.0,0.0,0.0,0.0,0.0,0.0
2022-07-29 19:25:00,0.0,0.0,0.0,0.0,0.0,0.0,0.0,0.0,0.0,0.0
2022-07-29 19:30:00,0.0,0.0,0.0,0.0,0.0,0.0,0.0,0.0,0.0,0.0
2022-07-29 19:35:00,0.0,0.0,0.0,0.0,0.0,0.0,0.0,0.0,0.0,0.0
2022-07-29 19:40:00,0.0,0.0,0.0,0.0,0.0,0.0,0.0,0.0,0.0,0.0
2022-07-29 19:45:00,0.0,0.0,0.0,0.0,0.0,0.0,0.0,0.0,0.0,0.0
2022-07-29 19:50:00,0.0,0.0,0.0,0.0,0.0,0.0,0.0,0.0,0.0,0.0
2022-07-29 19:55:00,0.0,0.0,0.0,0.0,0.0,0.0,0.0,0.0,0.0,0.0
2022-07-29 20:00:00,0.0,0.0,0.0,0.0,0.0,0.0,0.0,0.0,0.0,0.0
2022-07-29 20:05:00,0.0,0.0,0.0,0.0,0.0,0.0,0.0,0.0,0.0,0.0
2022-07-29 20:10:00,0.0,0.0,0.0,0.0,0.0,0.0,0.0,0.0,0.0,0.0
2022-07-29 20:15:00,0.0,0.0,0.0,0.0,0.0,0.0,0.0,0.0,0.0,0.0
2022-07-29 20:20:00,0.0,0.0,0.0,0.0,0.0,0.0,0.0,0.0,0.0,0.0
2022-07-29 20:25:00,0.0,0.0,0.0,0.0,0.0,0.0,0.0,0.0,0.0,0.0
2022-07-29 20:30:00,0.0,0.0,0.0,0.0,0.0,0.0,0.0,0.0,0.0,0.0
2022-07-29 20:35:00,0.0,0.0,0.0,0.0,0.0,0.0,0.0,0.0,0.0,0.0
2022-07-29 20:40:00,0.0,0.0,0.0,0.0,0.0,0.0,0.0,0.0,0.0,0.0
2022-07-29 20:45:00,0.0,0.0,0.0,0.0,0.0,0.0,0.0,0.0,0.0,0.0
2022-07-29 20:50:00,0.0,0.0,0.0,0.0,0.0,0.0,0.0,0.0,0.0,0.0
2022-07-29 20:55:00,0.0,0.0,0.0,0.0,0.0,0.0,0.0,0.0,0.0,0.0
2022-07-29 21:00:00,0.0,0.0,0.0,0.0,0.0,0.0,0.0,0.0,0.0,0.0
2022-07-29 21:05:00,0.0,0.0,0.0,0.0,0.0,0.0,0.0,0.0,0.0,0.0
2022-07-29 21:10:00,0.0,0.0,0.0,0.0,0.0,0.0,0.0,0.0,0.0,0.0
2022-07-29 21:15:00,0.0,0.0,0.0,0.0,0.0,0.0,0.0,0.0,0.0,0.0
2022-07-29 21:20:00,0.0,0.0,0.0,0.0,0.0,0.0,0.0,0.0,0.0,0.0
2022-07-29 21:25:00,0.0,0.0,0.0,0.0,0.0,0.0,0.0,0.0,0.0,0.0
2022-07-29 21:30:00,0.0,0.0,0.0,0.0,0.0,0.0,0.0,0.0,0.0,0.0
2022-07-29 21:35:00,0.0,0.0,0.0,0.0,0.0,0.0,0.0,0.0,0.0,0.0
2022-07-29 21:40:00,0.0,0.0,0.0,0.0,0.0,0.0,0.0,0.0,0.0,0.0
2022-07-29 21:45:00,0.0,0.0,0.0,0.0,0.0,0.0,0.0,0.0,0.0,0.0
2022-07-29 21:50:00,0.0,0.0,0.0,0.0,0.0,0.0,0.0,0.0,0.0,0.0
2022-07-29 21:55:00,0.0,0.0,0.0,0.0,0.0,0.0,0.0,0.0,0.0,0.0
2022-07-29 22:00:00,0.0,0.0,0.0,0.0,0.0,0.0,0.0,0.0,0.0,0.0
2022-07-29 22:05:00,0.0,0.0,0.0,0.0,0.0,0.0,0.0,0.0,0.0,0.0
2022-07-29 22:10:00,0.0,0.0,0.0,0.0,0.0,0.0,0.0,0.0,0.0,0.0
2022-07-29 22:15:00,0.0,0.0,0.0,0.0,0.0,0.0,0.0,0.0,0.0,0.0
2022-07-29 22:20:00,0.0,0.0,0.0,0.0,0.0,0.0,0.0,0.0,0.0,0.0
2022-07-29 22:25:00,0.0,0.0,0.0,0.0,0.0,0.0,0.0,0.0,0.0,0.0
2022-07-29 22:30:00,0.0,0.0,0.0,0.0,0.0,0.0,0.0,0.0,0.0,0.0
2022-07-29 22:35:00,0.0,0.0,0.0,0.0,0.0,0.0,0.0,0.0,0.0,0.0
2022-07-29 22:40:00,0.0,0.0,0.0,0.0,0.0,0.0,0.0,0.0,0.0,0.0
2022-07-29 22:45:00,0.0,0.0,0.0,0.0,0.0,0.0,0.0,0.0,0.0,0.0
2022-07-29 22:50:00,0.0,0.0,0.0,0.0,0.0,0.0,0.0,0.0,0.0,0.0
2022-07-29 22:55:00,0.0,0.0,0.0,0.0,0.0,0.0,0.0,0.0,0.0,0.0
2022-07-29 23:00:00,0.0,0.0,0.0,0.0,0.0,0.0,0.0,0.0,0.0,0.0
2022-07-29 23:05:00,0.0,0.0,0.0,0.0,0.0,0.0,0.0,0.0,0.0,0.0
2022-07-29 23:10:00,0.0,0.0,0.0,0.0,0.0,0.0,0.0,0.0,0.0,0.0
2022-07-29 23:15:00,0.0,0.0,0.0,0.0,0.0,0.0,0.0,0.0,0.0,0.0
2022-07-29 23:20:00,0.0,0.0,0.0,0.0,0.0,0.0,0.0,0.0,0.0,0.0
2022-07-29 23:25:00,0.0,0.0,0.0,0.0,0.0,0.0,0.0,0.0,0.0,0.0
2022-07-29 23:30:00,0.0,0.0,0.0,0.0,0.0,0.0,0.0,0.0,0.0,0.0
2022-07-29 23:35:00,0.0,0.0,0.0,0.0,0.0,0.0,0.0,0.0,0.0,0.0
2022-07-29 23:40:00,0.0,0.0,0.0,0.0,0.0,0.0,0.0,0.0,0.0,0.0
2022-07-29 23:45:00,0.0,0.0,0.0,0.0,0.0,0.0,0.0,0.0,0.0,0.0
2022-07-29 23:50:00,0.0,0.0,0.0,0.0,0.0,0.0,0.0,0.0,0.0,0.0
2022-07-29 23:55:00,0.0,0.0,0.0,0.0,0.0,0.0,0.0,0.0,0.0,0.0
2022-07-30 00:00:00,0.0,0.0,0.0,0.0,0.0,0.0,0.0,0.0,0.0,0.0
2022-07-30 00:05:00,0.0,0.0,0.0,0.0,0.0,0.0,0.0,0.0,0.0,0.0
2022-07-30 00:10:00,0.0,0.0,0.0,0.0,0.0,0.0,0.0,0.0,0.0,0.0
2022-07-30 00:15:00,0.0,0.0,0.0,0.0,0.0,0.0,0.0,0.0,0.0,0.0
2022-07-30 00:20:00,0.0,0.0,0.0,0.0,0.0,0.0,0.0,0.0,0.0,0.0
2022-07-30 00:25:00,0.0,0.0,0.0,0.0,0.0,0.0,0.0,0.0,0.0,0.0
2022-07-30 00:30:00,0.0,0.0,0.0,0.0,0.0,0.0,0.0,0.0,0.0,0.0
2022-07-30 00:35:00,0.0,0.0,0.0,0.0,0.0,0.0,0.0,0.0,0.0,0.0
2022-07-30 00:40:00,0.0,0.0,0.0,0.0,0.0,0.0,0.0,0.0,0.0,0.0
2022-07-30 00:45:00,0.0,0.0,0.0,0.0,0.0,0.0,0.0,0.0,0.0,0.0
2022-07-30 00:50:00,0.0,0.0,0.0,0.0,0.0,0.0,0.0,0.0,0.0,0.0
2022-07-30 00:55:00,0.0,0.0,0.0,0.0,0.0,0.0,0.0,0.0,0.0,0.0
2022-07-30 01:00:00,0.0,0.0,0.0,0.0,0.0,0.0,0.0,0.0,0.0,0.0
2022-07-30 01:05:00,0.0,0.0,0.0,0.0,0.0,0.0,0.0,0.0,0.0,0.0
2022-07-30 01:10:00,0.0,0.0,0.0,0.0,0.0,0.0,0.0,0.0,0.0,0.0
2022-07-30 01:15:00,0.0,0.0,0.0,0.0,0.0,0.0,0.0,0.0,0.0,0.0
2022-07-30 01:20:00,0.0,0.0,0.0,0.0,0.0,0.0,0.0,0.0,0.0,0.0
2022-07-30 01:25:00,0.0,0.0,0.0,0.0,0.0,0.0,0.0,0.0,0.0,0.0
2022-07-30 01:30:00,0.0,0.0,0.0,0.0,0.0,0.0,0.0,0.0,0.0,0.0
2022-07-30 01:35:00,0.0,0.0,0.0,0.0,0.0,0.0,0.0,0.0,0.0,0.0
2022-07-30 01:40:00,0.0,0.0,0.0,0.0,0.0,0.0,0.0,0.0,0.0,0.0
2022-07-30 01:45:00,0.0,0.0,0.0,0.0,0.0,0.0,0.0,0.0,0.0,0.0
2022-07-30 01:50:00,0.0,0.0,0.0,0.0,0.0,0.0,0.0,0.0,0.0,0.0
2022-07-30 01:55:00,0.0,0.0,0.0,0.0,0.0,0.0,0.0,0.0,0.0,0.0
2022-07-30 02:00:00,0.0,0.0,0.0,0.0,0.0,0.0,0.0,0.0,0.0,0.0
2022-07-30 02:05:00,0.0,0.0,0.0,0.0,0.0,0.0,0.0,0.0,0.0,0.0
2022-07-30 02:10:00,0.0,0.0,0.0,0.0,0.0,0.0,0.0,0.0,0.0,0.0
2022-07-30 02:15:00,0.0,0.0,0.0,0.0,0.0,0.0,0.0,0.0,0.0,0.0
2022-07-30 02:20:00,0.0,0.0,0.0,0.0,0.0,0.0,0.0,0.0,0.0,0.0
2022-07-30 02:25:00,0.0,0.0,0.0,0.0,0.0,0.0,0.0,0.0,0.0,0.0
2022-07-30 02:30:00,0.0,0.0,0.0,0.0,0.0,0.0,0.0,0.0,0.0,0.0
2022-07-30 02:35:00,0.0,0.0,0.0,0.0,0.0,0.0,0.0,0.0,0.0,0.0
2022-07-30 02:40:00,0.0,0.0,0.0,0.0,0.0,0.0,0.0,0.0,0.0,0.0
2022-07-30 02:45:00,0.0,0.0,0.0,0.0,0.0,0.0,0.0,0.0,0.0,0.0
2022-07-30 02:50:00,0.0,0.0,0.0,0.0,0.0,0.0,0.0,0.0,0.0,0.0
2022-07-30 02:55:00,0.0,0.0,0.0,0.0,0.0,0.0,0.0,0.0,0.0,0.0
2022-07-30 03:00:00,0.0,0.0,0.0,0.0,0.0,0.0,0.0,0.0,0.0,0.0
2022-07-30 03:05:00,0.0,0.0,0.0,0.0,0.0,0.0,0.0,0.0,0.0,0.0
2022-07-30 03:10:00,0.0,0.0,0.0,0.0,0.0,0.0,0.0,0.0,0.0,0.0
2022-07-30 03:15:00,0.0,0.0,0.0,0.0,0.0,0.0,0.0,0.0,0.0,0.0
2022-07-30 03:20:00,0.0,0.0,0.0,0.0,0.0,0.0,0.0,0.0,0.0,0.0
2022-07-30 03:25:00,0.0,0.0,0.0,0.0,0.0,0.0,0.0,0.0,0.0,0.0
2022-07-30 03:30:00,0.0,0.0,0.0,0.0,0.0,0.0,0.0,0.0,0.0,0.0
2022-07-30 03:35:00,0.0,0.0,0.0,0.0,0.0,0.0,0.0,0.0,0.0,0.0
2022-07-30 03:40:00,0.0,0.0,0.0,0.0,0.0,0.0,0.0,0.0,0.0,0.0
2022-07-30 03:45:00,0.0,0.0,0.0,0.0,0.0,0.0,0.0,0.0,0.0,0.0
2022-07-30 03:50:00,0.0,0.0,0.0,0.0,0.0,0.0,0.0,0.0,0.0,0.0
2022-07-30 03:55:00,0.0,0.0,0.0,0.0,0.0,0.0,0.0,0.0,0.0,0.0
2022-07-30 04:00:00,0.003615,0.0,0.0,0.0,0.0,0.0,0.002631,0.0,0.0,0.0
2022-07-30 04:05:00,0.007196,0.0,0.0,0.0,0.0,0.00211,0.005564,6.2e-05,0.000922,0.001282
2022-07-30 04:10:00,0.009771,0.000652,0.0,0.0,0.002495,0.004816,0.007269,0.005302,0.003021,0.004188
2022-07-30 04:15:00,0.011739,0.003983,0.0,0.0,0.00648,0.007771,0.008514,0.011803,0.005267,0.007482
2022-07-30 04:20:00,0.013778,0.007736,0.003658,0.000576,0.010582,0.011404,0.010126,0.016766,0.008324,0.011243
2022-07-30 04:25:00,0.016221,0.011916,0.009316,0.004268,0.014431,0.01567,0.012647,0.019265,0.012538,0.015173
2022-07-30 04:30:00,0.018902,0.016275,0.015659,0.008997,0.018246,0.020181,0.015549,0.020302,0.01757,0.018968
2022-07-30 04:35:00,0.021123,0.020897,0.021706,0.014158,0.02154,0.024858,0.017496,0.021314,0.022532,0.022561
2022-07-30 04:40:00,0.022137,0.025578,0.026913,0.019744,0.024082,0.02922,0.018748,0.024094,0.027063,0.025753
2022-07-30 04:45:00,0.022483,0.030177,0.031591,0.025551,0.026171,0.033188,0.020174,0.027735,0.031098,0.028521
2022-07-30 04:50:00,0.023018,0.034631,0.036182,0.031351,0.029086,0.036085,0.023716,0.027069,0.035556,0.031461
2022-07-30 04:55:00,0.024531,0.03922,0.040828,0.037062,0.033498,0.038612,0.030738,0.020654,0.040185,0.034988
2022-07-30 05:00:00,0.026884,0.043867,0.045438,0.042513,0.038921,0.040482,0.039388,0.011284,0.044985,0.038663
2022-07-30 05:05:00,0.028788,0.048297,0.049868,0.047514,0.044844,0.041626,0.048254,0.005812,0.047129,0.041585
2022-07-30 05:10:00,0.030018,0.052717,0.053951,0.052158,0.050618,0.042488,0.056333,0.008961,0.046457,0.043355
2022-07-30 05:15:00,0.031122,0.057201,0.057738,0.056496,0.055907,0.043624,0.063528,0.017521,0.044064,0.044568
2022-07-30 05:20:00,0.032711,0.062121,0.061793,0.059192,0.060822,0.046331,0.069375,0.026373,0.042771,0.046171
2022-07-30 05:25:00,0.036302,0.067847,0.066729,0.059748,0.064991,0.05329,0.073354,0.033323,0.044247,0.051211
2022-07-30 05:30:00,0.041278,0.074169,0.073119,0.058997,0.068804,0.063741,0.075885,0.038487,0.047636,0.058587
2022-07-30 05:35:00,0.046574,0.080853,0.080237,0.057754,0.072575,0.071155,0.078616,0.04258,0.053021,0.066729
2022-07-30 05:40:00,0.052961,0.087105,0.087633,0.056531,0.075412,0.074754,0.081673,0.045011,0.060773,0.074994
2022-07-30 05:45:00,0.060078,0.093349,0.095443,0.055622,0.077627,0.078404,0.084786,0.046286,0.069667,0.083901
2022-07-30 05:50:00,0.067446,0.100604,0.103234,0.055367,0.081698,0.088264,0.089034,0.04635,0.071894,0.093935
2022-07-30 05:55:00,0.075979,0.108531,0.111699,0.056768,0.087458,0.103715,0.093574,0.045054,0.064894,0.10506
2022-07-30 06:00:00,0.085278,0.117363,0.12102,0.05939,0.094111,0.120571,0.098037,0.042933,0.053387,0.117353
2022-07-30 06:05:00,0.094197,0.126274,0.129276,0.064505,0.100438,0.134373,0.094217,0.043488,0.049247,0.131113
2022-07-30 06:10:00,0.102658,0.135723,0.137804,0.07261,0.104584,0.145624,0.082688,0.047814,0.061329,0.146134
2022-07-30 06:15:00,0.110796,0.146501,0.148597,0.082686,0.106756,0.158322,0.067552,0.054437,0.083724,0.162186
2022-07-30 06:20:00,0.119355,0.158942,0.162427,0.09531,0.108011,0.174168,0.055821,0.057213,0.100535,0.179212
2022-07-30 06:25:00,0.12826,0.172323,0.178377,0.109518,0.107472,0.191504,0.053033,0.053989,0.106269,0.196575
2022-07-30 06:30:00,0.13713,0.185852,0.195058,0.12471,0.105999,0.208679,0.054943,0.04719,0.106192,0.213786
2022-07-30 06:35:00,0.145666,0.199404,0.212121,0.140067,0.106725,0.22585,0.057856,0.041462,0.114041,0.231122
2022-07-30 06:40:00,0.15303,0.215015,0.229604,0.154042,0.110288,0.243297,0.060544,0.040912,0.140969,0.248965
2022-07-30 06:45:00,0.159493,0.234014,0.247487,0.167231,0.115715,0.261059,0.063305,0.044207,0.180223,0.267514
2022-07-30 06:50:00,0.165813,0.255069,0.265605,0.18121,0.120869,0.279302,0.068015,0.050384,0.219671,0.286155
2022-07-30 06:55:00,0.172382,0.274587,0.283014,0.196035,0.123987,0.296611,0.074874,0.059652,0.25566,0.304009
2022-07-30 07:00:00,0.178917,0.291726,0.29923,0.212037,0.125829,0.312767,0.083017,0.070843,0.290509,0.320943
2022-07-30 07:05:00,0.183652,0.308191,0.315682,0.230696,0.129072,0.326569,0.094013,0.082756,0.318984,0.337926
2022-07-30 07:10:00,0.185909,0.325735,0.332914,0.252527,0.134667,0.336331,0.10788,0.094715,0.337205,0.355762
2022-07-30 07:15:00,0.1867,0.343773,0.35029,0.277178,0.142225,0.342168,0.122866,0.106597,0.34772,0.374394
2022-07-30 07:20:00,0.187306,0.362208,0.36895,0.305492,0.15638,0.348322,0.138192,0.116459,0.357623,0.39277
2022-07-30 07:25:00,0.190063,0.38015,0.386574,0.336025,0.177426,0.357795,0.151541,0.123645,0.374147,0.409673
2022-07-30 07:30:00,0.194367,0.397557,0.40323,0.368736,0.203491,0.370233,0.163557,0.129288,0.39607,0.425074
2022-07-30 07:35:00,0.199955,0.41501,0.420602,0.399395,0.239477,0.378928,0.176373,0.132057,0.422101,0.440431
2022-07-30 07:40:00,0.206615,0.431206,0.436735,0.422547,0.285375,0.381754,0.189184,0.13326,0.451545,0.456832
2022-07-30 07:45:00,0.213837,0.446399,0.451532,0.439592,0.33944,0.380075,0.201123,0.133505,0.482895,0.473961
2022-07-30 07:50:00,0.220437,0.461256,0.466304,0.454767,0.391473,0.379519,0.206469,0.132798,0.511299,0.490485
2022-07-30 07:55:00,0.224577,0.476734,0.481311,0.469917,0.433515,0.386961,0.204033,0.132298,0.531605,0.505253
2022-07-30 08:00:00,0.227162,0.492559,0.496023,0.485175,0.467712,0.401152,0.197321,0.132175,0.545858,0.518647
2022-07-30 08:05:00,0.228346,0.508513,0.511747,0.500837,0.496689,0.410469,0.187135,0.132206,0.549444,0.532419
2022-07-30 08:10:00,0.228322,0.524426,0.52747,0.51673,0.518973,0.41397,0.17745,0.133541,0.542142,0.547532
2022-07-30 08:15:00,0.227606,0.540228,0.543066,0.532461,0.536211,0.412128,0.168694,0.135778,0.526834,0.562842
2022-07-30 08:20:00,0.230146,0.555589,0.558088,0.540902,0.551369,0.418121,0.167921,0.138828,0.523124,0.566943
2022-07-30 08:25:00,0.237164,0.57007,0.572171,0.540306,0.565442,0.438427,0.176018,0.142395,0.546164,0.554433
2022-07-30 08:30:00,0.247215,0.583727,0.585489,0.533412,0.578704,0.468733,0.188913,0.146383,0.586928,0.528695
2022-07-30 08:35:00,0.257813,0.597475,0.598938,0.52664,0.591987,0.508316,0.247286,0.149413,0.616524,0.50428
2022-07-30 08:40:00,0.266873,0.611607,0.612716,0.529737,0.605612,0.550449,0.334244,0.150981,0.621589,0.494021
2022-07-30 08:45:00,0.274522,0.625139,0.62623,0.540377,0.619198,0.5931,0.428145,0.151615,0.608938,0.494982
2022-07-30 08:50:00,0.280303,0.62727,0.639378,0.559272,0.632173,0.630088,0.472653,0.150597,0.592747,0.503181
2022-07-30 08:55:00,0.283751,0.613618,0.651093,0.587745,0.644037,0.65356,0.433198,0.148029,0.586509,0.517604
2022-07-30 09:00:00,0.285793,0.586725,0.661689,0.62176,0.654963,0.667688,0.347671,0.144491,0.588781,0.536405
2022-07-30 09:05:00,0.28645,0.559787,0.672377,0.645159,0.659173,0.662796,0.279203,0.13596,0.605153,0.552986
2022-07-30 09:10:00,0.287371,0.541412,0.683392,0.650934,0.655548,0.637952,0.25594,0.123299,0.639966,0.565502
2022-07-30 09:15:00,0.288464,0.530582,0.694394,0.644306,0.645996,0.596571,0.259046,0.108299,0.684626,0.572851
2022-07-30 09:20:00,0.294962,0.53461,0.704893,0.643386,0.634157,0.550969,0.277208,0.093887,0.723848,0.577097
2022-07-30 09:25:00,0.307297,0.554911,0.714378,0.660084,0.627394,0.516338,0.297845,0.084391,0.745831,0.572331
2022-07-30 09:30:00,0.322762,0.58639,0.723027,0.688349,0.624154,0.491147,0.318883,0.07841,0.755538,0.565038
2022-07-30 09:35:00,0.356137,0.625636,0.731507,0.714782,0.625321,0.470704,0.341974,0.074649,0.763241,0.57817
2022-07-30 09:40:00,0.403284,0.66689,0.739847,0.731829,0.630848,0.458349,0.357734,0.073264,0.770132,0.624841
2022-07-30 09:45:00,0.45843,0.707805,0.747781,0.742135,0.638744,0.451949,0.36687,0.073479,0.77588,0.687346
2022-07-30 09:50:00,0.500138,0.740341,0.755002,0.749806,0.643017,0.445364,0.369033,0.070966,0.783,0.728327
2022-07-30 09:55:00,0.514432,0.758036,0.760857,0.755861,0.640528,0.43953,0.355412,0.065633,0.788748,0.726052
2022-07-30 10:00:00,0.509542,0.765786,0.765684,0.760894,0.63551,0.433321,0.334568,0.058581,0.792064,0.694119
2022-07-30 10:05:00,0.493578,0.771781,0.771156,0.766694,0.645236,0.427578,0.328579,0.058237,0.776937,0.656505
2022-07-30 10:10:00,0.470879,0.778992,0.777937,0.773893,0.681664,0.421986,0.33891,0.067759,0.733256,0.630983
2022-07-30 10:15:00,0.44474,0.78673,0.785338,0.781625,0.732128,0.418041,0.358282,0.08315,0.669651,0.617203
2022-07-30 10:20:00,0.427534,0.79413,0.782824,0.78884,0.773523,0.429672,0.377107,0.095803,0.611676,0.611507
2022-07-30 10:25:00,0.425661,0.800714,0.768439,0.794587,0.794036,0.461987,0.388205,0.100676,0.585939,0.619837
2022-07-30 10:30:00,0.433782,0.80654,0.745826,0.799025,0.800965,0.506787,0.394192,0.100194,0.585133,0.634908
2022-07-30 10:35:00,0.45758,0.811945,0.720512,0.803645,0.804537,0.548441,0.392526,0.094042,0.595348,0.641337
2022-07-30 10:40:00,0.491429,0.81677,0.701695,0.808632,0.808301,0.576991,0.384431,0.082862,0.61499,0.630504
2022-07-30 10:45:00,0.531246,0.820993,0.688167,0.813452,0.812172,0.596994,0.373443,0.068809,0.638712,0.607816
2022-07-30 10:50:00,0.570941,0.824476,0.677196,0.817488,0.815705,0.62207,0.372874,0.059554,0.658493,0.574965
2022-07-30 10:55:00,0.600904,0.826675,0.673157,0.820649,0.817999,0.65413,0.384274,0.058899,0.670594,0.5391
2022-07-30 11:00:00,0.624408,0.827791,0.673501,0.823384,0.819281,0.68965,0.402399,0.063868,0.675542,0.504557
2022-07-30 11:05:00,0.661705,0.828959,0.673826,0.8261,0.821054,0.708162,0.396699,0.067394,0.66196,0.481063
2022-07-30 11:10:00,0.711429,0.830223,0.673766,0.829342,0.824035,0.703529,0.370765,0.066779,0.624205,0.484285
2022-07-30 11:15:00,0.764244,0.831285,0.673426,0.832767,0.827518,0.683354,0.334982,0.063643,0.571941,0.504608
2022-07-30 11:20:00,0.793003,0.832321,0.680435,0.834802,0.830574,0.669089,0.309931,0.059482,0.509664,0.53369
2022-07-30 11:25:00,0.782565,0.83354,0.695277,0.834174,0.832666,0.673833,0.309059,0.056362,0.454613,0.567093
2022-07-30 11:30:00,0.74655,0.834807,0.714414,0.83186,0.834081,0.690405,0.32168,0.053944,0.404412,0.60141
2022-07-30 11:35:00,0.727047,0.835938,0.729269,0.817623,0.8352,0.70755,0.348981,0.056574,0.340534,0.631434
2022-07-30 11:40:00,0.73977,0.836515,0.736577,0.790013,0.835765,0.719028,0.384165,0.065216,0.263102,0.652516
2022-07-30 11:45:00,0.771379,0.836605,0.739148,0.753409,0.83568,0.726121,0.422207,0.077621,0.182289,0.666417
2022-07-30 11:50:00,0.800004,0.836485,0.749517,0.73544,0.834656,0.722093,0.478962,0.088271,0.144257,0.660641
2022-07-30 11:55:00,0.81205,0.835929,0.772132,0.750292,0.832005,0.705294,0.538414,0.09431,0.180483,0.633962
2022-07-30 12:00:00,0.813241,0.833659,0.80066,0.784601,0.827669,0.68048,0.595671,0.097429,0.262056,0.595664
2022-07-30 12:05:00,0.802289,0.832661,0.822603,0.813129,0.808231,0.664705,0.62066,0.101754,0.341489,0.570973
2022-07-30 12:10:00,0.778552,0.829931,0.830412,0.824272,0.771446,0.666332,0.609418,0.108285,0.391693,0.579833
2022-07-30 12:15:00,0.746158,0.825721,0.829071,0.823886,0.721778,0.678295,0.576068,0.116345,0.424489,0.608826
2022-07-30 12:20:00,0.730267,0.812754,0.825227,0.819972,0.679761,0.680822,0.554419,0.122115,0.458928,0.629614
2022-07-30 12:25:00,0.736356,0.788851,0.821552,0.815466,0.659641,0.665596,0.546309,0.124794,0.506491,0.632032
2022-07-30 12:30:00,0.755443,0.758892,0.817726,0.810533,0.655711,0.641038,0.545001,0.125205,0.557262,0.620986
2022-07-30 12:35:00,0.772001,0.741249,0.804287,0.805784,0.671741,0.618331,0.582974,0.124708,0.575266,0.610343
2022-07-30 12:40:00,0.775335,0.74806,0.779996,0.801172,0.703305,0.611437,0.636379,0.123899,0.545973,0.602298
2022-07-30 12:45:00,0.769992,0.768746,0.749605,0.796418,0.741809,0.614849,0.694379,0.122919,0.491087,0.597345
2022-07-30 12:50:00,0.759162,0.785257,0.730894,0.791997,0.770902,0.609924,0.733321,0.12431,0.45816,0.60537
2022-07-30 12:55:00,0.743759,0.789064,0.734734,0.788096,0.781819,0.596878,0.745808,0.127741,0.48106,0.626178
2022-07-30 13:00:00,0.724649,0.784343,0.75111,0.784123,0.779967,0.578938,0.743762,0.132233,0.53496,0.652161
2022-07-30 13:05:00,0.709998,0.777033,0.756459,0.765316,0.775994,0.561275,0.737557,0.135961,0.586176,0.68327
2022-07-30 13:10:00,0.698524,0.769344,0.743153,0.730063,0.769341,0.551806,0.729894,0.137037,0.615134,0.707427
2022-07-30 13:15:00,0.68932,0.761587,0.717617,0.682615,0.761704,0.54803,0.721423,0.136282,0.62816,0.725872
2022-07-30 13:20:00,0.686431,0.753434,0.687711,0.641635,0.753714,0.527504,0.713052,0.134946,0.628946,0.738578
2022-07-30 13:25:00,0.685725,0.745197,0.66057,0.617027,0.745432,0.49046,0.705146,0.133385,0.617131,0.738952
2022-07-30 13:30:00,0.686415,0.734654,0.635297,0.604494,0.736693,0.444649,0.697276,0.131578,0.599239,0.72845
2022-07-30 13:35:00,0.684904,0.714122,0.614026,0.603318,0.717871,0.418077,0.688501,0.128682,0.595543,0.713861
2022-07-30 13:40:00,0.678634,0.677007,0.59755,0.610768,0.688342,0.428843,0.678321,0.124466,0.613794,0.685304
2022-07-30 13:45:00,0.668736,0.631611,0.583981,0.62361,0.648938,0.461667,0.667303,0.119385,0.640386,0.648455
2022-07-30 13:50:00,0.658927,0.604388,0.565345,0.637812,0.608431,0.48627,0.656237,0.114103,0.663232,0.630149
2022-07-30 13:55:00,0.647804,0.611508,0.539609,0.650686,0.565612,0.491029,0.645409,0.108815,0.66713,0.629748
2022-07-30 14:00:00,0.636247,0.637247,0.510432,0.660774,0.525677,0.484359,0.634295,0.103424,0.657015,0.637834
2022-07-30 14:05:00,0.62429,0.656675,0.507485,0.666094,0.513298,0.47414,0.622241,0.099249,0.629913,0.641701
2022-07-30 14:10:00,0.61202,0.659523,0.536174,0.662235,0.538634,0.470233,0.608816,0.096276,0.577215,0.626121
2022-07-30 14:15:00,0.598704,0.651748,0.580019,0.652715,0.582282,0.468676,0.594809,0.094347,0.510727,0.596401
2022-07-30 14:20:00,0.586536,0.640565,0.610747,0.641499,0.613477,0.475418,0.570735,0.092868,0.47689,0.554367
2022-07-30 14:25:00,0.573382,0.628459,0.616915,0.630309,0.619927,0.486539,0.54016,0.091301,0.489552,0.493842
2022-07-30 14:30:00,0.559512,0.615845,0.608431,0.619157,0.611414,0.50019,0.507013,0.08988,0.526322,0.424423
2022-07-30 14:35:00,0.545772,0.602955,0.596862,0.607101,0.599037,0.506947,0.453761,0.090333,0.541293,0.356429
2022-07-30 14:40:00,0.530953,0.589652,0.585693,0.594218,0.585826,0.505023,0.39347,0.092904,0.520861,0.301646
2022-07-30 14:45:00,0.515226,0.5759,0.574426,0.580896,0.572186,0.496876,0.332141,0.096803,0.480038,0.258828
2022-07-30 14:50:00,0.500464,0.561936,0.56314,0.567172,0.558845,0.483393,0.288686,0.102733,0.445767,0.242997
2022-07-30 14:55:00,0.484616,0.548,0.54979,0.552953,0.544799,0.466324,0.273886,0.109772,0.429295,0.264428
2022-07-30 15:00:00,0.468782,0.534152,0.535132,0.538502,0.530379,0.44834,0.273622,0.117274,0.423813,0.305535
2022-07-30 15:05:00,0.453515,0.519843,0.519972,0.523638,0.515855,0.439454,0.26875,0.128117,0.424437,0.354491
2022-07-30 15:10:00,0.438863,0.504929,0.504626,0.508538,0.501067,0.442925,0.256261,0.141081,0.427333,0.391259
2022-07-30 15:15:00,0.424509,0.489798,0.489125,0.493515,0.485379,0.450468,0.240192,0.155048,0.429455,0.415145
2022-07-30 15:20:00,0.409813,0.474932,0.473424,0.478897,0.461228,0.436643,0.225848,0.167925,0.420461,0.413475
2022-07-30 15:25:00,0.393638,0.460589,0.457623,0.464733,0.427268,0.396067,0.21687,0.176758,0.39852,0.38163
2022-07-30 15:30:00,0.377021,0.446315,0.441841,0.450026,0.388995,0.341825,0.211562,0.182201,0.37051,0.336221
2022-07-30 15:35:00,0.360333,0.431241,0.425372,0.430191,0.363424,0.297165,0.221408,0.184657,0.350449,0.30031
2022-07-30 15:40:00,0.34409,0.41515,0.408471,0.403341,0.355182,0.272958,0.241362,0.182433,0.340713,0.287469
2022-07-30 15:45:00,0.328006,0.398519,0.391767,0.374393,0.35478,0.261944,0.263269,0.177293,0.333863,0.285627
2022-07-30 15:50:00,0.311199,0.381641,0.375382,0.346119,0.340907,0.259633,0.280824,0.171424,0.322106,0.277323
2022-07-30 15:55:00,0.29344,0.364814,0.359634,0.324291,0.308222,0.264015,0.285641,0.164898,0.300508,0.256154
2022-07-30 16:00:00,0.275305,0.348216,0.344049,0.306699,0.267014,0.270475,0.281211,0.158179,0.276094,0.22893
2022-07-30 16:05:00,0.257242,0.331788,0.328104,0.296582,0.238384,0.274002,0.261653,0.152343,0.254538,0.191435
2022-07-30 16:10:00,0.239441,0.315682,0.310819,0.292942,0.227302,0.271905,0.230742,0.147867,0.236908,0.146596
2022-07-30 16:15:00,0.221974,0.299524,0.293195,0.289571,0.226428,0.265091,0.199208,0.144471,0.221133,0.099431
2022-07-30 16:20:00,0.204852,0.280082,0.274247,0.276288,0.227024,0.253809,0.179025,0.141869,0.200128,0.074505
2022-07-30 16:25:00,0.188239,0.258555,0.254656,0.251757,0.22551,0.23873,0.17243,0.140383,0.173903,0.087995
2022-07-30 16:30:00,0.172314,0.237618,0.235923,0.224639,0.221019,0.222243,0.171278,0.139149,0.147473,0.123933
2022-07-30 16:35:00,0.156742,0.215885,0.218527,0.202054,0.208064,0.20407,0.170503,0.13614,0.13125,0.155418
2022-07-30 16:40:00,0.14122,0.194993,0.202736,0.184089,0.187515,0.186163,0.166193,0.13035,0.128314,0.167317
2022-07-30 16:45:00,0.12577,0.175864,0.187887,0.168795,0.165296,0.170537,0.15816,0.123057,0.129397,0.163023
2022-07-30 16:50:00,0.110718,0.161608,0.173764,0.157947,0.152062,0.158339,0.144785,0.115573,0.125724,0.150332
2022-07-30 16:55:00,0.096749,0.151844,0.16071,0.152185,0.14766,0.147064,0.130184,0.108838,0.116433,0.135541
2022-07-30 17:00:00,0.084341,0.144061,0.149281,0.148137,0.145296,0.134097,0.118262,0.102551,0.105554,0.124383
2022-07-30 17:05:00,0.073458,0.134996,0.138919,0.14233,0.13886,0.11932,0.107227,0.096621,0.094511,0.118097
2022-07-30 17:10:00,0.063977,0.12489,0.127426,0.133812,0.128736,0.104597,0.095133,0.091202,0.083033,0.11159
2022-07-30 17:15:00,0.055989,0.115019,0.113705,0.123859,0.118276,0.091178,0.082339,0.085909,0.071557,0.103262
2022-07-30 17:20:00,0.049665,0.106766,0.100106,0.112901,0.109563,0.079239,0.071867,0.078737,0.061789,0.093387
2022-07-30 17:25:00,0.044994,0.099861,0.089845,0.102625,0.101882,0.069157,0.065081,0.06882,0.056424,0.081896
2022-07-30 17:30:00,0.042556,0.092683,0.083937,0.094294,0.09581,0.061095,0.059978,0.057467,0.055259,0.069541
2022-07-30 17:35:00,0.041928,0.083174,0.080146,0.086978,0.089361,0.0548,0.057215,0.049706,0.055064,0.057619
2022-07-30 17:40:00,0.041194,0.071505,0.075994,0.07812,0.080847,0.050087,0.054785,0.047354,0.052872,0.048557
2022-07-30 17:45:00,0.040199,0.059183,0.071524,0.067159,0.070988,0.046918,0.052516,0.047624,0.048905,0.042929
2022-07-30 17:50:00,0.039021,0.049021,0.065816,0.057716,0.062953,0.04583,0.048597,0.046989,0.044713,0.040361
2022-07-30 17:55:00,0.037684,0.04359,0.058468,0.053554,0.0589,0.044921,0.041957,0.044144,0.040781,0.039142
2022-07-30 18:00:00,0.036017,0.042061,0.049622,0.054106,0.057414,0.043618,0.034061,0.040098,0.037021,0.038166
2022-07-30 18:05:00,0.033962,0.041517,0.042268,0.053214,0.055776,0.041815,0.028996,0.03605,0.032735,0.036659
2022-07-30 18:10:00,0.031584,0.041568,0.038794,0.049139,0.052611,0.039605,0.027696,0.032427,0.027492,0.03413
2022-07-30 18:15:00,0.028776,0.041594,0.03784,0.043294,0.048389,0.036916,0.028327,0.028992,0.021514,0.030873
2022-07-30 18:20:00,0.02509,0.040628,0.036546,0.037935,0.043949,0.033698,0.028409,0.025237,0.016085,0.027165
2022-07-30 18:25:00,0.020497,0.038108,0.033698,0.034261,0.039627,0.029946,0.027497,0.021259,0.012431,0.023002
2022-07-30 18:30:00,0.015371,0.034372,0.030036,0.031483,0.035382,0.025662,0.025678,0.017101,0.010062,0.018364
2022-07-30 18:35:00,0.010551,0.029399,0.025365,0.027431,0.030259,0.021043,0.021363,0.012822,0.007643,0.013269
2022-07-30 18:40:00,0.006474,0.022844,0.020377,0.021725,0.023705,0.016254,0.015179,0.008595,0.004325,0.00811
2022-07-30 18:45:00,0.002977,0.015162,0.014907,0.014943,0.016049,0.011455,0.007957,0.004664,0.000438,0.003239
2022-07-30 18:50:00,0.000217,0.00809,0.009406,0.008486,0.008684,0.007129,0.002375,0.001423,0.0,0.0
2022-07-30 18:55:00,0.0,0.003226,0.004528,0.003736,0.003248,0.00375,0.0,0.0,0.0,0.0
2022-07-30 19:00:00,0.0,0.0,0.000236,0.000161,0.0,0.001027,0.0,0.0,0.0,0.0
2022-07-30 19:05:00,0.0,0.0,0.0,0.0,0.0,0.0,0.0,0.0,0.0,0.0
2022-07-30 19:10:00,0.0,0.0,0.0,0.0,0.0,0.0,0.0,0.0,0.0,0.0
2022-07-30 19:15:00,0.0,0.0,0.0,0.0,0.0,0.0,0.0,0.0,0.0,0.0
2022-07-30 19:20:00,0.0,0.0,0.0,0.0,0.0,0.0,0.0,0.0,0.0,0.0
2022-07-30 19:25:00,0.0,0.0,0.0,0.0,0.0,0.0,0.0,0.0,0.0,0.0
2022-07-30 19:30:00,0.0,0.0,0.0,0.0,0.0,0.0,0.0,0.0,0.0,0.0
2022-07-30 19:35:00,0.0,0.0,0.0,0.0,0.0,0.0,0.0,0.0,0.0,0.0
2022-07-30 19:40:00,0.0,0.0,0.0,0.0,0.0,0.0,0.0,0.0,0.0,0.0
2022-07-30 19:45:00,0.0,0.0,0.0,0.0,0.0,0.0,0.0,0.0,0.0,0.0
2022-07-30 19:50:00,0.0,0.0,0.0,0.0,0.0,0.0,0.0,0.0,0.0,0.0
2022-07-30 19:55:00,0.0,0.0,0.0,0.0,0.0,0.0,0.0,0.0,0.0,0.0
2022-07-30 20:00:00,0.0,0.0,0.0,0.0,0.0,0.0,0.0,0.0,0.0,0.0
2022-07-30 20:05:00,0.0,0.0,0.0,0.0,0.0,0.0,0.0,0.0,0.0,0.0
2022-07-30 20:10:00,0.0,0.0,0.0,0.0,0.0,0.0,0.0,0.0,0.0,0.0
2022-07-30 20:15:00,0.0,0.0,0.0,0.0,0.0,0.0,0.0,0.0,0.0,0.0
2022-07-30 20:20:00,0.0,0.0,0.0,0.0,0.0,0.0,0.0,0.0,0.0,0.0
2022-07-30 20:25:00,0.0,0.0,0.0,0.0,0.0,0.0,0.0,0.0,0.0,0.0
2022-07-30 20:30:00,0.0,0.0,0.0,0.0,0.0,0.0,0.0,0.0,0.0,0.0
2022-07-30 20:35:00,0.0,0.0,0.0,0.0,0.0,0.0,0.0,0.0,0.0,0.0
2022-07-30 20:40:00,0.0,0.0,0.0,0.0,0.0,0.0,0.0,0.0,0.0,0.0
2022-07-30 20:45:00,0.0,0.0,0.0,0.0,0.0,0.0,0.0,0.0,0.0,0.0
2022-07-30 20:50:00,0.0,0.0,0.0,0.0,0.0,0.0,0.0,0.0,0.0,0.0
2022-07-30 20:55:00,0.0,0.0,0.0,0.0,0.0,0.0,0.0,0.0,0.0,0.0
2022-07-30 21:00:00,0.0,0.0,0.0,0.0,0.0,0.0,0.0,0.0,0.0,0.0
2022-07-30 21:05:00,0.0,0.0,0.0,0.0,0.0,0.0,0.0,0.0,0.0,0.0
2022-07-30 21:10:00,0.0,0.0,0.0,0.0,0.0,0.0,0.0,0.0,0.0,0.0
2022-07-30 21:15:00,0.0,0.0,0.0,0.0,0.0,0.0,0.0,0.0,0.0,0.0
2022-07-30 21:20:00,0.0,0.0,0.0,0.0,0.0,0.0,0.0,0.0,0.0,0.0
2022-07-30 21:25:00,0.0,0.0,0.0,0.0,0.0,0.0,0.0,0.0,0.0,0.0
2022-07-30 21:30:00,0.0,0.0,0.0,0.0,0.0,0.0,0.0,0.0,0.0,0.0
2022-07-30 21:35:00,0.0,0.0,0.0,0.0,0.0,0.0,0.0,0.0,0.0,0.0
2022-07-30 21:40:00,0.0,0.0,0.0,0.0,0.0,0.0,0.0,0.0,0.0,0.0
2022-07-30 21:45:00,0.0,0.0,0.0,0.0,0.0,0.0,0.0,0.0,0.0,0.0
2022-07-30 21:50:00,0.0,0.0,0.0,0.0,0.0,0.0,0.0,0.0,0.0,0.0
2022-07-30 21:55:00,0.0,0.0,0.0,0.0,0.0,0.0,0.0,0.0,0.0,0.0
2022-07-30 22:00:00,0.0,0.0,0.0,0.0,0.0,0.0,0.0,0.0,0.0,0.0
2022-07-30 22:05:00,0.0,0.0,0.0,0.0,0.0,0.0,0.0,0.0,0.0,0.0
2022-07-30 22:10:00,0.0,0.0,0.0,0.0,0.0,0.0,0.0,0.0,0.0,0.0
2022-07-30 22:15:00,0.0,0.0,0.0,0.0,0.0,0.0,0.0,0.0,0.0,0.0
2022-07-30 22:20:00,0.0,0.0,0.0,0.0,0.0,0.0,0.0,0.0,0.0,0.0
2022-07-30 22:25:00,0.0,0.0,0.0,0.0,0.0,0.0,0.0,0.0,0.0,0.0
2022-07-30 22:30:00,0.0,0.0,0.0,0.0,0.0,0.0,0.0,0.0,0.0,0.0
2022-07-30 22:35:00,0.0,0.0,0.0,0.0,0.0,0.0,0.0,0.0,0.0,0.0
2022-07-30 22:40:00,0.0,0.0,0.0,0.0,0.0,0.0,0.0,0.0,0.0,0.0
2022-07-30 22:45:00,0.0,0.0,0.0,0.0,0.0,0.0,0.0,0.0,0.0,0.0
2022-07-30 22:50:00,0.0,0.0,0.0,0.0,0.0,0.0,0.0,0.0,0.0,0.0
2022-07-30 22:55:00,0.0,0.0,0.0,0.0,0.0,0.0,0.0,0.0,0.0,0.0
2022-07-30 23:00:00,0.0,0.0,0.0,0.0,0.0,0.0,0.0,0.0,0.0,0.0
2022-07-30 23:05:00,0.0,0.0,0.0,0.0,0.0,0.0,0.0,0.0,0.0,0.0
2022-07-30 23:10:00,0.0,0.0,0.0,0.0,0.0,0.0,0.0,0.0,0.0,0.0
2022-07-30 23:15:00,0.0,0.0,0.0,0.0,0.0,0.0,0.0,0.0,0.0,0.0
2022-07-30 23:20:00,0.0,0.0,0.0,0.0,0.0,0.0,0.0,0.0,0.0,0.0
2022-07-30 23:25:00,0.0,0.0,0.0,0.0,0.0,0.0,0.0,0.0,0.0,0.0
2022-07-30 23:30:00,0.0,0.0,0.0,0.0,0.0,0.0,0.0,0.0,0.0,0.0
2022-07-30 23:35:00,0.0,0.0,0.0,0.0,0.0,0.0,0.0,0.0,0.0,0.0
2022-07-30 23:40:00,0.0,0.0,0.0,0.0,0.0,0.0,0.0,0.0,0.0,0.0
2022-07-30 23:45:00,0.0,0.0,0.0,0.0,0.0,0.0,0.0,0.0,0.0,0.0
2022-07-30 23:50:00,0.0,0.0,0.0,0.0,0.0,0.0,0.0,0.0,0.0,0.0
2022-07-30 23:55:00,0.0,0.0,0.0,0.0,0.0,0.0,0.0,0.0,0.0,0.0
2022-07-31 00:00:00,0.0,0.0,0.0,0.0,0.0,0.0,0.0,0.0,0.0,0.0
2022-07-31 00:05:00,0.0,0.0,0.0,0.0,0.0,0.0,0.0,0.0,0.0,0.0
2022-07-31 00:10:00,0.0,0.0,0.0,0.0,0.0,0.0,0.0,0.0,0.0,0.0
2022-07-31 00:15:00,0.0,0.0,0.0,0.0,0.0,0.0,0.0,0.0,0.0,0.0
2022-07-31 00:20:00,0.0,0.0,0.0,0.0,0.0,0.0,0.0,0.0,0.0,0.0
2022-07-31 00:25:00,0.0,0.0,0.0,0.0,0.0,0.0,0.0,0.0,0.0,0.0
2022-07-31 00:30:00,0.0,0.0,0.0,0.0,0.0,0.0,0.0,0.0,0.0,0.0
2022-07-31 00:35:00,0.0,0.0,0.0,0.0,0.0,0.0,0.0,0.0,0.0,0.0
2022-07-31 00:40:00,0.0,0.0,0.0,0.0,0.0,0.0,0.0,0.0,0.0,0.0
2022-07-31 00:45:00,0.0,0.0,0.0,0.0,0.0,0.0,0.0,0.0,0.0,0.0
2022-07-31 00:50:00,0.0,0.0,0.0,0.0,0.0,0.0,0.0,0.0,0.0,0.0
2022-07-31 00:55:00,0.0,0.0,0.0,0.0,0.0,0.0,0.0,0.0,0.0,0.0
2022-07-31 01:00:00,0.0,0.0,0.0,0.0,0.0,0.0,0.0,0.0,0.0,0.0
2022-07-31 01:05:00,0.0,0.0,0.0,0.0,0.0,0.0,0.0,0.0,0.0,0.0
2022-07-31 01:10:00,0.0,0.0,0.0,0.0,0.0,0.0,0.0,0.0,0.0,0.0
2022-07-31 01:15:00,0.0,0.0,0.0,0.0,0.0,0.0,0.0,0.0,0.0,0.0
2022-07-31 01:20:00,0.0,0.0,0.0,0.0,0.0,0.0,0.0,0.0,0.0,0.0
2022-07-31 01:25:00,0.0,0.0,0.0,0.0,0.0,0.0,0.0,0.0,0.0,0.0
2022-07-31 01:30:00,0.0,0.0,0.0,0.0,0.0,0.0,0.0,0.0,0.0,0.0
2022-07-31 01:35:00,0.0,0.0,0.0,0.0,0.0,0.0,0.0,0.0,0.0,0.0
2022-07-31 01:40:00,0.0,0.0,0.0,0.0,0.0,0.0,0.0,0.0,0.0,0.0
2022-07-31 01:45:00,0.0,0.0,0.0,0.0,0.0,0.0,0.0,0.0,0.0,0.0
2022-07-31 01:50:00,0.0,0.0,0.0,0.0,0.0,0.0,0.0,0.0,0.0,0.0
2022-07-31 01:55:00,0.0,0.0,0.0,0.0,0.0,0.0,0.0,0.0,0.0,0.0
2022-07-31 02:00:00,0.0,0.0,0.0,0.0,0.0,0.0,0.0,0.0,0.0,0.0
2022-07-31 02:05:00,0.0,0.0,0.0,0.0,0.0,0.0,0.0,0.0,0.0,0.0
2022-07-31 02:10:00,0.0,0.0,0.0,0.0,0.0,0.0,0.0,0.0,0.0,0.0
2022-07-31 02:15:00,0.0,0.0,0.0,0.0,0.0,0.0,0.0,0.0,0.0,0.0
2022-07-31 02:20:00,0.0,0.0,0.0,0.0,0.0,0.0,0.0,0.0,0.0,0.0
2022-07-31 02:25:00,0.0,0.0,0.0,0.0,0.0,0.0,0.0,0.0,0.0,0.0
2022-07-31 02:30:00,0.0,0.0,0.0,0.0,0.0,0.0,0.0,0.0,0.0,0.0
2022-07-31 02:35:00,0.0,0.0,0.0,0.0,0.0,0.0,0.0,0.0,0.0,0.0
2022-07-31 02:40:00,0.0,0.0,0.0,0.0,0.0,0.0,0.0,0.0,0.0,0.0
2022-07-31 02:45:00,0.0,0.0,0.0,0.0,0.0,0.0,0.0,0.0,0.0,0.0
2022-07-31 02:50:00,0.0,0.0,0.0,0.0,0.0,0.0,0.0,0.0,0.0,0.0
2022-07-31 02:55:00,0.0,0.0,0.0,0.0,0.0,0.0,0.0,0.0,0.0,0.0
2022-07-31 03:00:00,0.0,0.0,0.0,0.0,0.0,0.0,0.0,0.0,0.0,0.0
2022-07-31 03:05:00,0.0,0.0,0.0,0.0,0.0,0.0,0.0,0.0,0.0,0.0
2022-07-31 03:10:00,0.0,0.0,0.0,0.0,0.0,0.0,0.0,0.0,0.0,0.0
2022-07-31 03:15:00,0.0,0.0,0.0,0.0,0.0,0.0,0.0,0.0,0.0,0.0
2022-07-31 03:20:00,0.0,0.0,0.0,0.0,0.0,0.0,0.0,0.0,0.0,0.0
2022-07-31 03:25:00,0.0,0.0,0.0,0.0,0.0,0.0,0.0,0.0,0.0,0.0
2022-07-31 03:30:00,0.0,0.0,0.0,0.0,0.0,0.0,0.0,0.0,0.0,0.0
2022-07-31 03:35:00,0.000174,0.0,0.0,0.0,0.0,0.0,0.0,0.0,0.0,0.0
2022-07-31 03:40:00,0.001994,0.0,0.0,0.0,0.0,0.0,0.0,0.0,0.0,0.0
2022-07-31 03:45:00,0.00406,0.0,0.0,0.0,0.0,0.0,0.0,0.0,0.0,0.0
2022-07-31 03:50:00,0.006658,0.0,0.0,0.0,0.0,0.0,0.001145,0.001186,0.0,0.0
2022-07-31 03:55:00,0.009794,0.0,0.0,0.0,0.0,0.0,0.003962,0.004047,0.0,0.0
2022-07-31 04:00:00,0.013243,0.0,0.0,0.0,0.0,0.0,0.007414,0.007607,0.002044,0.0
2022-07-31 04:05:00,0.01676,0.0,0.0,0.0,0.0,0.0,0.011225,0.011422,0.005052,0.0
2022-07-31 04:10:00,0.020084,0.0,0.0,0.0,0.0,0.001089,0.015385,0.015239,0.007393,0.001193
2022-07-31 04:15:00,0.023381,0.0,0.000851,8.1e-05,0.001214,0.002933,0.019845,0.019207,0.009514,0.003353
2022-07-31 04:20:00,0.027069,0.000449,0.002283,0.001549,0.002877,0.00505,0.024412,0.023542,0.012465,0.006597
2022-07-31 04:25:00,0.031322,0.002021,0.004118,0.00249,0.003848,0.007743,0.02885,0.028466,0.01699,0.011235
2022-07-31 04:30:00,0.035818,0.003802,0.006374,0.002974,0.004502,0.010914,0.033209,0.033855,0.022414,0.01668
2022-07-31 04:35:00,0.039787,0.012321,0.005784,0.008778,0.00824,0.016894,0.023161,0.039354,0.02718,0.021437
2022-07-31 04:40:00,0.042649,0.016117,0.007399,0.011085,0.010017,0.020983,0.025418,0.044234,0.032434,0.025338
2022-07-31 04:45:00,0.044854,0.019783,0.009306,0.013611,0.011815,0.025209,0.028662,0.04866,0.037432,0.028564
2022-07-31 04:50:00,0.046165,0.024708,0.01019,0.01614,0.015999,0.024588,0.034723,0.052878,0.044242,0.032661
2022-07-31 04:55:00,0.047165,0.030339,0.010632,0.019033,0.020222,0.02432,0.040273,0.057046,0.050339,0.038395
2022-07-31 05:00:00,0.047988,0.036476,0.010418,0.022493,0.025393,0.021326,0.046455,0.061262,0.056317,0.045322
2022-07-31 05:05:00,0.050617,0.040061,0.012235,0.025394,0.02838,0.019466,0.050962,0.065368,0.062519,0.050851
2022-07-31 05:10:00,0.055279,0.039291,0.017631,0.028343,0.027252,0.021197,0.052985,0.070009,0.067948,0.053626
2022-07-31 05:15:00,0.061744,0.035778,0.025011,0.031584,0.023264,0.024929,0.054336,0.075504,0.073372,0.054462
2022-07-31 05:20:00,0.070399,0.032555,0.030447,0.038143,0.02553,0.030437,0.058382,0.082155,0.074972,0.055244
2022-07-31 05:25:00,0.081141,0.03191,0.0319,0.048691,0.035869,0.037348,0.066864,0.090239,0.074567,0.057218
2022-07-31 05:30:00,0.093134,0.032959,0.030479,0.061281,0.050559,0.045117,0.078369,0.099212,0.075907,0.059881
2022-07-31 05:35:00,0.105487,0.035444,0.030928,0.072994,0.060762,0.05143,0.09044,0.108592,0.08473,0.063328
2022-07-31 05:40:00,0.117904,0.038746,0.034508,0.081931,0.059772,0.055323,0.101152,0.118212,0.100507,0.067417
2022-07-31 05:45:00,0.130757,0.042852,0.04003,0.088948,0.051553,0.057069,0.110905,0.127981,0.118168,0.07208
2022-07-31 05:50:00,0.144183,0.047325,0.044913,0.093251,0.047691,0.058213,0.12249,0.138465,0.131919,0.077991
2022-07-31 05:55:00,0.158244,0.052037,0.047756,0.094898,0.05295,0.058303,0.133933,0.148819,0.139615,0.085405
2022-07-31 06:00:00,0.173102,0.057459,0.049158,0.09433,0.064772,0.058416,0.142069,0.158383,0.142443,0.093444
2022-07-31 06:05:00,0.18866,0.060374,0.056576,0.092516,0.080591,0.058976,0.141407,0.16449,0.140644,0.100429
2022-07-31 06:10:00,0.204899,0.061523,0.071082,0.092454,0.097937,0.06186,0.128768,0.164387,0.135096,0.104642
2022-07-31 06:15:00,0.221787,0.061145,0.090232,0.093446,0.115539,0.065984,0.110041,0.158698,0.127758,0.106991
2022-07-31 06:20:00,0.238847,0.066531,0.108676,0.096714,0.125629,0.074036,0.094622,0.153705,0.124536,0.113612
2022-07-31 06:25:00,0.255346,0.079195,0.121772,0.101783,0.122755,0.08555,0.090587,0.153248,0.128888,0.125803
2022-07-31 06:30:00,0.271051,0.09643,0.131111,0.108291,0.11172,0.098524,0.094474,0.156631,0.13829,0.141794
2022-07-31 06:35:00,0.286756,0.110832,0.138107,0.115077,0.107704,0.107873,0.104675,0.163706,0.146208,0.157791
2022-07-31 06:40:00,0.303298,0.118794,0.141927,0.12119,0.119172,0.109797,0.120612,0.173222,0.149299,0.171188
2022-07-31 06:45:00,0.320596,0.122043,0.142882,0.126374,0.139496,0.107687,0.139134,0.184295,0.148944,0.182499
2022-07-31 06:50:00,0.338008,0.12384,0.141157,0.128654,0.148762,0.11015,0.153258,0.198954,0.149644,0.197897
2022-07-31 06:55:00,0.355086,0.124635,0.135742,0.127012,0.135743,0.121838,0.161039,0.216042,0.152386,0.217274
2022-07-31 07:00:00,0.37189,0.125011,0.129455,0.122749,0.109193,0.139732,0.165093,0.235449,0.156499,0.240264
2022-07-31 07:05:00,0.388936,0.125839,0.122734,0.120168,0.09036,0.158161,0.169804,0.257004,0.161147,0.264972
2022-07-31 07:10:00,0.406121,0.127678,0.120624,0.120793,0.093351,0.174474,0.176795,0.279849,0.165419,0.288865
2022-07-31 07:15:00,0.42311,0.13013,0.121601,0.123921,0.110221,0.188817,0.184761,0.303833,0.169051,0.312136
2022-07-31 07:20:00,0.439167,0.130851,0.126289,0.126919,0.126098,0.195009,0.192323,0.329117,0.175959,0.326714
2022-07-31 07:25:00,0.453337,0.129721,0.135266,0.129594,0.133585,0.190025,0.198508,0.353746,0.185921,0.326412
2022-07-31 07:30:00,0.466007,0.127669,0.147096,0.132212,0.135969,0.178673,0.20387,0.378563,0.197605,0.314265
2022-07-31 07:35:00,0.478944,0.126609,0.16591,0.143178,0.142376,0.175661,0.208293,0.406847,0.209254,0.294255
2022-07-31 07:40:00,0.49316,0.128738,0.190727,0.162916,0.156196,0.190257,0.213506,0.43871,0.217161,0.275209
2022-07-31 07:45:00,0.508088,0.133945,0.218754,0.188333,0.174015,0.215692,0.219735,0.472544,0.222906,0.257889
2022-07-31 07:50:00,0.522765,0.163585,0.242486,0.216907,0.188425,0.234944,0.229092,0.503951,0.232915,0.24622
2022-07-31 07:55:00,0.53655,0.222972,0.256161,0.244068,0.193561,0.239925,0.24373,0.526177,0.248301,0.243894
2022-07-31 08:00:00,0.549512,0.300831,0.262502,0.268555,0.192073,0.234606,0.260862,0.541906,0.267468,0.248591
2022-07-31 08:05:00,0.562712,0.365965,0.264527,0.286087,0.19118,0.228844,0.275224,0.556169,0.292935,0.264092
2022-07-31 08:10:00,0.576253,0.396895,0.262807,0.289438,0.192697,0.225801,0.284416,0.570464,0.323712,0.290038
2022-07-31 08:15:00,0.589592,0.404137,0.259093,0.28283,0.195701,0.227808,0.290695,0.584388,0.360184,0.324128
2022-07-31 08:20:00,0.60256,0.4019,0.249758,0.273491,0.203233,0.242825,0.299759,0.597736,0.409249,0.367662
2022-07-31 08:25:00,0.614663,0.399262,0.236553,0.263518,0.213615,0.280259,0.311912,0.610244,0.474973,0.419187
2022-07-31 08:30:00,0.625737,0.398205,0.221676,0.255376,0.225949,0.332424,0.3255,0.621609,0.548617,0.475688
2022-07-31 08:35:00,0.636693,0.40749,0.213215,0.256522,0.23615,0.38636,0.337073,0.630808,0.610059,0.527399
2022-07-31 08:40:00,0.647715,0.435774,0.21717,0.273797,0.241158,0.435971,0.34503,0.636273,0.645766,0.567102
2022-07-31 08:45:00,0.658565,0.475351,0.228829,0.301085,0.243429,0.479114,0.350701,0.639304,0.663781,0.5977
2022-07-31 08:50:00,0.668822,0.517982,0.196443,0.425739,0.283521,0.370119,0.314714,0.668624,0.676184,0.64694
2022-07-31 08:55:00,0.678192,0.540981,0.197313,0.455428,0.291606,0.369078,0.314618,0.679158,0.687635,0.668104
2022-07-31 09:00:00,0.687072,0.551777,0.199883,0.466423,0.2974,0.372624,0.317822,0.689378,0.69885,0.681996
2022-07-31 09:05:00,0.696192,0.531739,0.218833,0.438881,0.291603,0.384294,0.333791,0.699762,0.709661,0.693585
2022-07-31 09:10:00,0.706206,0.52659,0.229392,0.429098,0.291689,0.392674,0.345051,0.710978,0.719923,0.704512
2022-07-31 09:15:00,0.716663,0.49913,0.250259,0.3938,0.286128,0.406188,0.363257,0.722598,0.729798,0.714891
2022-07-31 09:20:00,0.726108,0.463988,0.263718,0.352318,0.284293,0.417149,0.384741,0.733487,0.739019,0.709007
2022-07-31 09:25:00,0.733064,0.434544,0.264191,0.319421,0.290044,0.423587,0.406965,0.743239,0.746831,0.683912
2022-07-31 09:30:00,0.738265,0.410268,0.255557,0.293778,0.300281,0.423427,0.428949,0.752126,0.753485,0.644271
2022-07-31 09:35:00,0.744116,0.380182,0.244024,0.273486,0.29784,0.401681,0.451688,0.759782,0.760104,0.603553
2022-07-31 09:40:00,0.751273,0.347289,0.234511,0.261044,0.277784,0.34938,0.470742,0.766371,0.766915,0.580054
2022-07-31 09:45:00,0.757851,0.314953,0.227537,0.254553,0.246569,0.278982,0.486811,0.772505,0.773573,0.569851
2022-07-31 09:50:00,0.752709,0.299531,0.224149,0.249551,0.223999,0.217143,0.491778,0.778339,0.779709,0.559958
2022-07-31 09:55:00,0.730274,0.315891,0.228289,0.247411,0.220611,0.185153,0.483939,0.783781,0.785422,0.549312
2022-07-31 10:00:00,0.69541,0.351495,0.236611,0.247532,0.229438,0.17447,0.468718,0.788942,0.790838,0.538329
2022-07-31 10:05:00,0.644717,0.391182,0.246796,0.252657,0.238737,0.176919,0.47193,0.794423,0.796242,0.51562
2022-07-31 10:10:00,0.587649,0.423236,0.255722,0.264485,0.240478,0.189418,0.492944,0.800067,0.802011,0.484963
2022-07-31 10:15:00,0.527432,0.449864,0.263849,0.281592,0.238948,0.208509,0.522772,0.805558,0.808182,0.452661
2022-07-31 10:20:00,0.488526,0.490077,0.273253,0.304285,0.250877,0.230541,0.53228,0.810423,0.813864,0.392948
2022-07-31 10:25:00,0.490642,0.540951,0.283085,0.334013,0.282986,0.25353,0.515927,0.813637,0.81856,0.324659
2022-07-31 10:30:00,0.51999,0.596948,0.293687,0.367239,0.327473,0.277661,0.484984,0.815397,0.819379,0.253012
2022-07-31 10:35:00,0.533498,0.639613,0.307732,0.396845,0.366935,0.299284,0.448694,0.817437,0.811378,0.192526
2022-07-31 10:40:00,0.517136,0.658108,0.325086,0.417365,0.392089,0.318966,0.419213,0.82,0.78313,0.173701
2022-07-31 10:45:00,0.480199,0.661637,0.343253,0.430529,0.406957,0.335848,0.393811,0.822529,0.739964,0.17994
2022-07-31 10:50:00,0.447464,0.674967,0.345697,0.431006,0.411099,0.343203,0.382241,0.824586,0.690195,0.188872
2022-07-31 10:55:00,0.43291,0.708306,0.32548,0.415155,0.405475,0.337361,0.382932,0.825848,0.638985,0.19084
2022-07-31 11:00:00,0.431495,0.751674,0.292226,0.389028,0.392289,0.323518,0.390574,0.826412,0.592123,0.190134
2022-07-31 11:05:00,0.413861,0.77253,0.284122,0.356877,0.376709,0.317546,0.390456,0.827665,0.565567,0.200499
2022-07-31 11:10:00,0.37585,0.760171,0.318774,0.326776,0.359121,0.326368,0.380594,0.829084,0.577974,0.231489
2022-07-31 11:15:00,0.325242,0.723757,0.377451,0.300225,0.339852,0.351641,0.366188,0.830191,0.613676,0.278833
2022-07-31 11:20:00,0.280059,0.665612,0.406885,0.285931,0.317481,0.415455,0.370504,0.813647,0.644258,0.347527
2022-07-31 11:25:00,0.256747,0.597901,0.3794,0.294329,0.290781,0.529788,0.393765,0.776851,0.655802,0.443021
2022-07-31 11:30:00,0.247155,0.525627,0.315751,0.315605,0.262789,0.661658,0.428758,0.727173,0.654089,0.54541
2022-07-31 11:35:00,0.227894,0.475303,0.265654,0.330143,0.245694,0.745606,0.492494,0.699268,0.622309,0.588524
2022-07-31 11:40:00,0.192471,0.46695,0.254639,0.327248,0.245894,0.759268,0.569489,0.716448,0.560803,0.543122
2022-07-31 11:45:00,0.148572,0.488935,0.269686,0.314236,0.258209,0.724999,0.647109,0.759463,0.47936,0.44382
2022-07-31 11:50:00,0.144859,0.52445,0.29679,0.30899,0.291081,0.675702,0.681697,0.795595,0.411477,0.369873
2022-07-31 11:55:00,0.198992,0.566754,0.323291,0.321318,0.341613,0.627213,0.666199,0.810884,0.37983,0.3759
2022-07-31 12:00:00,0.287661,0.608135,0.346929,0.343836,0.401556,0.581914,0.619899,0.812608,0.374455,0.432236
2022-07-31 12:05:00,0.354429,0.626668,0.35323,0.361816,0.460053,0.53187,0.566181,0.810223,0.393807,0.492766
2022-07-31 12:10:00,0.370763,0.609356,0.331472,0.365616,0.503315,0.482412,0.515674,0.807127,0.433766,0.532218
2022-07-31 12:15:00,0.353385,0.568186,0.29398,0.359605,0.532189,0.437541,0.468546,0.803657,0.483884,0.555516
2022-07-31 12:20:00,0.322648,0.526314,0.262859,0.344492,0.537642,0.447487,0.423252,0.799336,0.515597,0.571748
2022-07-31 12:25:00,0.289335,0.495303,0.255188,0.321286,0.506981,0.528384,0.384303,0.793495,0.512833,0.578179
2022-07-31 12:30:00,0.255031,0.474417,0.263942,0.294502,0.453289,0.640701,0.349844,0.786477,0.489537,0.576689
2022-07-31 12:35:00,0.236223,0.463884,0.2818,0.267717,0.389357,0.711751,0.316966,0.779695,0.477639,0.539421
2022-07-31 12:40:00,0.238037,0.467516,0.307237,0.250033,0.324812,0.709136,0.289635,0.773281,0.492394,0.459963
2022-07-31 12:45:00,0.254243,0.47997,0.336194,0.238982,0.263712,0.659023,0.266749,0.766504,0.52401,0.356004
2022-07-31 12:50:00,0.25223,0.490045,0.357931,0.233463,0.226624,0.601819,0.251178,0.760158,0.56782,0.321482
2022-07-31 12:55:00,0.225251,0.495032,0.366545,0.234826,0.229568,0.560634,0.246353,0.753889,0.615376,0.392302
2022-07-31 13:00:00,0.183551,0.495548,0.364998,0.240344,0.25678,0.529951,0.246664,0.746909,0.659971,0.521214
2022-07-31 13:05:00,0.195521,0.48701,0.354001,0.24555,0.272791,0.520894,0.237927,0.740432,0.696239,0.608605
2022-07-31 13:10:00,0.27928,0.467668,0.332154,0.248425,0.260407,0.525294,0.219694,0.731775,0.715331,0.606551
2022-07-31 13:15:00,0.402981,0.44221,0.303884,0.250603,0.230293,0.535126,0.197519,0.720946,0.722884,0.547209
2022-07-31 13:20:00,0.489441,0.418384,0.275311,0.257167,0.216935,0.522411,0.181808,0.696919,0.711865,0.481161
2022-07-31 13:25:00,0.50022,0.402959,0.252323,0.271716,0.233536,0.466624,0.178966,0.655563,0.680954,0.438325
2022-07-31 13:30:00,0.462627,0.393584,0.234206,0.289929,0.268858,0.385291,0.183641,0.604245,0.638066,0.415029
2022-07-31 13:35:00,0.452792,0.382122,0.224847,0.298382,0.295426,0.312903,0.192921,0.549033,0.594994,0.421992
2022-07-31 13:40:00,0.490387,0.368735,0.229173,0.289706,0.298553,0.269849,0.204328,0.504298,0.563512,0.46317
2022-07-31 13:45:00,0.550397,0.352995,0.24169,0.270078,0.286114,0.246204,0.214628,0.469149,0.540488,0.517076
2022-07-31 13:50:00,0.588527,0.317543,0.255003,0.261303,0.274035,0.22174,0.212247,0.453325,0.5284,0.548497
2022-07-31 13:55:00,0.583561,0.259353,0.263685,0.268842,0.267606,0.188856,0.193716,0.464935,0.527784,0.530642
2022-07-31 14:00:00,0.553268,0.189286,0.268179,0.287565,0.264104,0.152079,0.16753,0.490726,0.533188,0.483692
2022-07-31 14:05:00,0.532469,0.14262,0.265066,0.306858,0.254329,0.129457,0.151858,0.509968,0.546807,0.442813
2022-07-31 14:10:00,0.531625,0.142633,0.250535,0.320361,0.232067,0.131694,0.151857,0.5132,0.562456,0.422324
2022-07-31 14:15:00,0.542074,0.172343,0.229991,0.329468,0.203289,0.150161,0.160121,0.503385,0.577504,0.417143
2022-07-31 14:20:00,0.547827,0.202304,0.210195,0.340736,0.188456,0.178134,0.158556,0.477638,0.55257,0.405883
2022-07-31 14:25:00,0.542028,0.217815,0.197711,0.353363,0.197479,0.209351,0.145183,0.430772,0.4828,0.388347
2022-07-31 14:30:00,0.527868,0.224271,0.191797,0.365426,0.221954,0.240891,0.125686,0.372884,0.387381,0.368667
2022-07-31 14:35:00,0.514439,0.247645,0.192584,0.364916,0.23772,0.260554,0.110121,0.32081,0.317093,0.354527
2022-07-31 14:40:00,0.499914,0.292948,0.204941,0.346504,0.236262,0.260425,0.102291,0.285091,0.306445,0.357115
2022-07-31 14:45:00,0.484656,0.347979,0.22186,0.31794,0.224671,0.248451,0.100086,0.262504,0.33036,0.366568
2022-07-31 14:50:00,0.457591,0.384655,0.227173,0.290465,0.250529,0.233979,0.102936,0.270789,0.340483,0.359828
2022-07-31 14:55:00,0.417493,0.385528,0.210935,0.272265,0.320884,0.224393,0.110841,0.312445,0.315873,0.327999
2022-07-31 15:00:00,0.371878,0.365501,0.18601,0.260671,0.406569,0.219416,0.120034,0.369078,0.271438,0.285429
2022-07-31 15:05:00,0.338454,0.352548,0.189745,0.252178,0.430961,0.217064,0.120993,0.410231,0.239022,0.273915
2022-07-31 15:10:00,0.32705,0.35639,0.242905,0.247489,0.359288,0.221326,0.111142,0.422355,0.233563,0.31152
2022-07-31 15:15:00,0.32674,0.36842,0.320751,0.24508,0.23459,0.229286,0.096087,0.415985,0.24676,0.370881
2022-07-31 15:20:00,0.326469,0.379388,0.379262,0.235192,0.161237,0.255932,0.080806,0.395276,0.262272,0.416357
2022-07-31 15:25:00,0.318561,0.380728,0.396673,0.218204,0.186659,0.297225,0.070781,0.364151,0.277309,0.426421
2022-07-31 15:30:00,0.30568,0.374439,0.385006,0.197569,0.269029,0.340592,0.064718,0.329088,0.28852,0.412747
2022-07-31 15:35:00,0.291099,0.358924,0.352152,0.207283,0.345247,0.366865,0.063811,0.297972,0.295212,0.386676
2022-07-31 15:40:00,0.273263,0.331513,0.296031,0.251426,0.379602,0.363858,0.069626,0.275901,0.293991,0.345243
2022-07-31 15:45:00,0.255505,0.299072,0.23018,0.308447,0.384012,0.345353,0.078401,0.259635,0.287385,0.30033
2022-07-31 15:50:00,0.245087,0.273728,0.166249,0.330451,0.366329,0.32985,0.088747,0.251974,0.273787,0.270903
2022-07-31 15:55:00,0.24284,0.258778,0.118325,0.298659,0.327987,0.320481,0.097625,0.250374,0.253849,0.263684
2022-07-31 16:00:00,0.242065,0.250656,0.082865,0.238854,0.281215,0.313425,0.104559,0.249313,0.23156,0.26515
2022-07-31 16:05:00,0.2311,0.252821,0.076218,0.186519,0.243021,0.299975,0.105337,0.241518,0.209575,0.25867
2022-07-31 16:10:00,0.210366,0.261993,0.108521,0.159349,0.218788,0.279521,0.098417,0.224689,0.188815,0.236598
2022-07-31 16:15:00,0.187952,0.270434,0.161341,0.148042,0.202503,0.256587,0.087421,0.20511,0.169548,0.209795
2022-07-31 16:20:00,0.172759,0.263104,0.204518,0.142696,0.191569,0.240064,0.074865,0.184115,0.155474,0.187755
2022-07-31 16:25:00,0.163918,0.235954,0.220686,0.141948,0.183234,0.228363,0.064235,0.161917,0.149135,0.177225
2022-07-31 16:30:00,0.156956,0.202478,0.218124,0.143561,0.176502,0.217362,0.055029,0.140216,0.14759,0.172292
2022-07-31 16:35:00,0.14668,0.176283,0.208691,0.143394,0.1695,0.204017,0.048089,0.124699,0.146148,0.16451
2022-07-31 16:40:00,0.133603,0.159909,0.195889,0.139823,0.160194,0.188515,0.044455,0.117471,0.143515,0.153345
2022-07-31 16:45:00,0.120473,0.148761,0.18205,0.133885,0.149188,0.172599,0.042992,0.114696,0.138632,0.14072
2022-07-31 16:50:00,0.111095,0.143823,0.164918,0.131381,0.130863,0.157126,0.047048,0.110316,0.129169,0.127023
2022-07-31 16:55:00,0.10461,0.143205,0.143481,0.132372,0.103923,0.142401,0.055737,0.102313,0.115764,0.11482
2022-07-31 17:00:00,0.098512,0.141577,0.12101,0.134866,0.07284,0.128552,0.065681,0.092513,0.101535,0.104177
2022-07-31 17:05:00,0.091854,0.133952,0.105498,0.134713,0.046529,0.114241,0.072731,0.084997,0.090037,0.096405
2022-07-31 17:10:00,0.08495,0.122774,0.100355,0.130112,0.032582,0.101874,0.072365,0.081354,0.082422,0.091817
2022-07-31 17:15:00,0.079005,0.114513,0.100555,0.122811,0.027176,0.094217,0.068217,0.079317,0.076963,0.086837
2022-07-31 17:20:00,0.072968,0.106957,0.092719,0.113437,0.025891,0.090905,0.065378,0.076051,0.071742,0.078767
2022-07-31 17:25:00,0.066288,0.095883,0.072581,0.102462,0.028173,0.08803,0.062573,0.070738,0.065971,0.068445
2022-07-31 17:30:00,0.059233,0.081597,0.045371,0.091186,0.032263,0.083343,0.059739,0.064567,0.060259,0.058039
2022-07-31 17:35:00,0.053164,0.069232,0.02154,0.08279,0.037344,0.076932,0.058474,0.05776,0.055298,0.050047
2022-07-31 17:40:00,0.049033,0.06245,0.008877,0.077921,0.042041,0.069631,0.056439,0.049918,0.051491,0.046248
2022-07-31 17:45:00,0.046323,0.059308,0.004386,0.074842,0.046011,0.062164,0.05397,0.041541,0.048193,0.046285
2022-07-31 17:50:00,0.044115,0.055455,0.005019,0.071433,0.046374,0.055838,0.051595,0.035078,0.044525,0.046394
2022-07-31 17:55:00,0.041429,0.050519,0.010477,0.066839,0.041689,0.051211,0.047658,0.032106,0.040073,0.044696
2022-07-31 18:00:00,0.038246,0.04509,0.01843,0.062097,0.033879,0.047805,0.043242,0.031368,0.035154,0.041968
2022-07-31 18:05:00,0.034289,0.040086,0.02307,0.057007,0.026449,0.044346,0.037859,0.030142,0.029902,0.038317
2022-07-31 18:10:00,0.029539,0.036876,0.021959,0.051532,0.021938,0.040217,0.030985,0.027042,0.024973,0.03365
2022-07-31 18:15:00,0.024206,0.034952,0.017256,0.045845,0.019499,0.035596,0.023834,0.022704,0.020529,0.027911
2022-07-31 18:20:00,0.018033,0.03298,0.0142,0.040595,0.017767,0.030978,0.019048,0.017701,0.016342,0.022568
2022-07-31 18:25:00,0.011294,0.030317,0.015052,0.035985,0.017046,0.026837,0.017502,0.012157,0.011833,0.018865
2022-07-31 18:30:00,0.004616,0.027232,0.018198,0.031854,0.016794,0.023022,0.017652,0.00642,0.007657,0.016298
2022-07-31 18:35:00,0.0,0.023928,0.019969,0.027275,0.016628,0.018634,0.015963,0.001389,0.003526,0.013342
2022-07-31 18:40:00,0.0,0.02059,0.018359,0.021856,0.015974,0.013632,0.012075,0.0,0.000289,0.00964
2022-07-31 18:45:00,0.0,0.017016,0.01442,0.016116,0.014948,0.008368,0.006928,0.0,0.0,0.005753
2022-07-31 18:50:00,0.0,0.012858,0.01016,0.010749,0.012953,0.003764,0.002372,0.0,0.0,0.002374
2022-07-31 18:55:00,0.0,0.008317,0.006345,0.006438,0.00963,0.000777,0.0,0.0,0.0,6.4e-05
2022-07-31 19:00:00,0.0,0.003894,0.002872,0.002855,0.005532,0.0,0.0,0.0,0.0,0.0
2022-07-31 19:05:00,0.0,0.000462,0.0,0.0,0.001687,0.0,0.0,0.0,0.0,0.0
2022-07-31 19:10:00,0.0,0.0,0.0,0.0,0.0,0.0,0.0,0.0,0.0,0.0
2022-07-31 19:15:00,0.0,0.0,0.0,0.0,0.0,0.0,0.0,0.0,0.0,0.0
2022-07-31 19:20:00,0.0,0.0,0.0,0.0,0.0,0.0,0.0,0.0,0.0,0.0
2022-07-31 19:25:00,0.0,0.0,0.0,0.0,0.0,0.0,0.0,0.0,0.0,0.0
2022-07-31 19:30:00,0.0,0.0,0.0,0.0,0.0,0.0,0.0,0.0,0.0,0.0
2022-07-31 19:35:00,0.0,0.0,0.0,0.0,0.0,0.0,0.0,0.0,0.0,0.0
2022-07-31 19:40:00,0.0,0.0,0.0,0.0,0.0,0.0,0.0,0.0,0.0,0.0
2022-07-31 19:45:00,0.0,0.0,0.0,0.0,0.0,0.0,0.0,0.0,0.0,0.0
2022-07-31 19:50:00,0.0,0.0,0.0,0.0,0.0,0.0,0.0,0.0,0.0,0.0
2022-07-31 19:55:00,0.0,0.0,0.0,0.0,0.0,0.0,0.0,0.0,0.0,0.0
2022-07-31 20:00:00,0.0,0.0,0.0,0.0,0.0,0.0,0.0,0.0,0.0,0.0
2022-07-31 20:05:00,0.0,0.0,0.0,0.0,0.0,0.0,0.0,0.0,0.0,0.0
2022-07-31 20:10:00,0.0,0.0,0.0,0.0,0.0,0.0,0.0,0.0,0.0,0.0
2022-07-31 20:15:00,0.0,0.0,0.0,0.0,0.0,0.0,0.0,0.0,0.0,0.0
2022-07-31 20:20:00,0.0,0.0,0.0,0.0,0.0,0.0,0.0,0.0,0.0,0.0
2022-07-31 20:25:00,0.0,0.0,0.0,0.0,0.0,0.0,0.0,0.0,0.0,0.0
2022-07-31 20:30:00,0.0,0.0,0.0,0.0,0.0,0.0,0.0,0.0,0.0,0.0
2022-07-31 20:35:00,0.0,0.0,0.0,0.0,0.0,0.0,0.0,0.0,0.0,0.0
2022-07-31 20:40:00,0.0,0.0,0.0,0.0,0.0,0.0,0.0,0.0,0.0,0.0
2022-07-31 20:45:00,0.0,0.0,0.0,0.0,0.0,0.0,0.0,0.0,0.0,0.0
2022-07-31 20:50:00,0.0,0.0,0.0,0.0,0.0,0.0,0.0,0.0,0.0,0.0
2022-07-31 20:55:00,0.0,0.0,0.0,0.0,0.0,0.0,0.0,0.0,0.0,0.0
2022-07-31 21:00:00,0.0,0.0,0.0,0.0,0.0,0.0,0.0,0.0,0.0,0.0
2022-07-31 21:05:00,0.0,0.0,0.0,0.0,0.0,0.0,0.0,0.0,0.0,0.0
2022-07-31 21:10:00,0.0,0.0,0.0,0.0,0.0,0.0,0.0,0.0,0.0,0.0
2022-07-31 21:15:00,0.0,0.0,0.0,0.0,0.0,0.0,0.0,0.0,0.0,0.0
2022-07-31 21:20:00,0.0,0.0,0.0,0.0,0.0,0.0,0.0,0.0,0.0,0.0
2022-07-31 21:25:00,0.0,0.0,0.0,0.0,0.0,0.0,0.0,0.0,0.0,0.0
2022-07-31 21:30:00,0.0,0.0,0.0,0.0,0.0,0.0,0.0,0.0,0.0,0.0
2022-07-31 21:35:00,0.0,0.0,0.0,0.0,0.0,0.0,0.0,0.0,0.0,0.0
2022-07-31 21:40:00,0.0,0.0,0.0,0.0,0.0,0.0,0.0,0.0,0.0,0.0
2022-07-31 21:45:00,0.0,0.0,0.0,0.0,0.0,0.0,0.0,0.0,0.0,0.0
2022-07-31 21:50:00,0.0,0.0,0.0,0.0,0.0,0.0,0.0,0.0,0.0,0.0
2022-07-31 21:55:00,0.0,0.0,0.0,0.0,0.0,0.0,0.0,0.0,0.0,0.0
2022-07-31 22:00:00,0.0,0.0,0.0,0.0,0.0,0.0,0.0,0.0,0.0,0.0
2022-07-31 22:05:00,0.0,0.0,0.0,0.0,0.0,0.0,0.0,0.0,0.0,0.0
2022-07-31 22:10:00,0.0,0.0,0.0,0.0,0.0,0.0,0.0,0.0,0.0,0.0
2022-07-31 22:15:00,0.0,0.0,0.0,0.0,0.0,0.0,0.0,0.0,0.0,0.0
2022-07-31 22:20:00,0.0,0.0,0.0,0.0,0.0,0.0,0.0,0.0,0.0,0.0
2022-07-31 22:25:00,0.0,0.0,0.0,0.0,0.0,0.0,0.0,0.0,0.0,0.0
2022-07-31 22:30:00,0.0,0.0,0.0,0.0,0.0,0.0,0.0,0.0,0.0,0.0
2022-07-31 22:35:00,0.0,0.0,0.0,0.0,0.0,0.0,0.0,0.0,0.0,0.0
2022-07-31 22:40:00,0.0,0.0,0.0,0.0,0.0,0.0,0.0,0.0,0.0,0.0
2022-07-31 22:45:00,0.0,0.0,0.0,0.0,0.0,0.0,0.0,0.0,0.0,0.0
2022-07-31 22:50:00,0.0,0.0,0.0,0.0,0.0,0.0,0.0,0.0,0.0,0.0
2022-07-31 22:55:00,0.0,0.0,0.0,0.0,0.0,0.0,0.0,0.0,0.0,0.0
2022-07-31 23:00:00,0.0,0.0,0.0,0.0,0.0,0.0,0.0,0.0,0.0,0.0
2022-07-31 23:05:00,0.0,0.0,0.0,0.0,0.0,0.0,0.0,0.0,0.0,0.0
2022-07-31 23:10:00,0.0,0.0,0.0,0.0,0.0,0.0,0.0,0.0,0.0,0.0
2022-07-31 23:15:00,0.0,0.0,0.0,0.0,0.0,0.0,0.0,0.0,0.0,0.0
2022-07-31 23:20:00,0.0,0.0,0.0,0.0,0.0,0.0,0.0,0.0,0.0,0.0
2022-07-31 23:25:00,0.0,0.0,0.0,0.0,0.0,0.0,0.0,0.0,0.0,0.0
2022-07-31 23:30:00,0.0,0.0,0.0,0.0,0.0,0.0,0.0,0.0,0.0,0.0
2022-07-31 23:35:00,0.0,0.0,0.0,0.0,0.0,0.0,0.0,0.0,0.0,0.0
2022-07-31 23:40:00,0.0,0.0,0.0,0.0,0.0,0.0,0.0,0.0,0.0,0.0
2022-07-31 23:45:00,0.0,0.0,0.0,0.0,0.0,0.0,0.0,0.0,0.0,0.0
2022-07-31 23:50:00,0.0,0.0,0.0,0.0,0.0,0.0,0.0,0.0,0.0,0.0
2022-07-31 23:55:00,0.0,0.0,0.0,0.0,0.0,0.0,0.0,0.0,0.0,0.0
2022-08-01 00:00:00,0.0,0.0,0.0,0.0,0.0,0.0,0.0,0.0,0.0,0.0
2022-08-01 00:05:00,0.0,0.0,0.0,0.0,0.0,0.0,0.0,0.0,0.0,0.0
2022-08-01 00:10:00,0.0,0.0,0.0,0.0,0.0,0.0,0.0,0.0,0.0,0.0
2022-08-01 00:15:00,0.0,0.0,0.0,0.0,0.0,0.0,0.0,0.0,0.0,0.0
2022-08-01 00:20:00,0.0,0.0,0.0,0.0,0.0,0.0,0.0,0.0,0.0,0.0
2022-08-01 00:25:00,0.0,0.0,0.0,0.0,0.0,0.0,0.0,0.0,0.0,0.0
2022-08-01 00:30:00,0.0,0.0,0.0,0.0,0.0,0.0,0.0,0.0,0.0,0.0
2022-08-01 00:35:00,0.0,0.0,0.0,0.0,0.0,0.0,0.0,0.0,0.0,0.0
2022-08-01 00:40:00,0.0,0.0,0.0,0.0,0.0,0.0,0.0,0.0,0.0,0.0
2022-08-01 00:45:00,0.0,0.0,0.0,0.0,0.0,0.0,0.0,0.0,0.0,0.0
2022-08-01 00:50:00,0.0,0.0,0.0,0.0,0.0,0.0,0.0,0.0,0.0,0.0
2022-08-01 00:55:00,0.0,0.0,0.0,0.0,0.0,0.0,0.0,0.0,0.0,0.0
2022-08-01 01:00:00,0.0,0.0,0.0,0.0,0.0,0.0,0.0,0.0,0.0,0.0
2022-08-01 01:05:00,0.0,0.0,0.0,0.0,0.0,0.0,0.0,0.0,0.0,0.0
2022-08-01 01:10:00,0.0,0.0,0.0,0.0,0.0,0.0,0.0,0.0,0.0,0.0
2022-08-01 01:15:00,0.0,0.0,0.0,0.0,0.0,0.0,0.0,0.0,0.0,0.0
2022-08-01 01:20:00,0.0,0.0,0.0,0.0,0.0,0.0,0.0,0.0,0.0,0.0
2022-08-01 01:25:00,0.0,0.0,0.0,0.0,0.0,0.0,0.0,0.0,0.0,0.0
2022-08-01 01:30:00,0.0,0.0,0.0,0.0,0.0,0.0,0.0,0.0,0.0,0.0
2022-08-01 01:35:00,0.0,0.0,0.0,0.0,0.0,0.0,0.0,0.0,0.0,0.0
2022-08-01 01:40:00,0.0,0.0,0.0,0.0,0.0,0.0,0.0,0.0,0.0,0.0
2022-08-01 01:45:00,0.0,0.0,0.0,0.0,0.0,0.0,0.0,0.0,0.0,0.0
2022-08-01 01:50:00,0.0,0.0,0.0,0.0,0.0,0.0,0.0,0.0,0.0,0.0
2022-08-01 01:55:00,0.0,0.0,0.0,0.0,0.0,0.0,0.0,0.0,0.0,0.0
2022-08-01 02:00:00,0.0,0.0,0.0,0.0,0.0,0.0,0.0,0.0,0.0,0.0
2022-08-01 02:05:00,0.0,0.0,0.0,0.0,0.0,0.0,0.0,0.0,0.0,0.0
2022-08-01 02:10:00,0.0,0.0,0.0,0.0,0.0,0.0,0.0,0.0,0.0,0.0
2022-08-01 02:15:00,0.0,0.0,0.0,0.0,0.0,0.0,0.0,0.0,0.0,0.0
2022-08-01 02:20:00,0.0,0.0,0.0,0.0,0.0,0.0,0.0,0.0,0.0,0.0
2022-08-01 02:25:00,0.0,0.0,0.0,0.0,0.0,0.0,0.0,0.0,0.0,0.0
2022-08-01 02:30:00,0.0,0.0,0.0,0.0,0.0,0.0,0.0,0.0,0.0,0.0
2022-08-01 02:35:00,0.0,0.0,0.0,0.0,0.0,0.0,0.0,0.0,0.0,0.0
2022-08-01 02:40:00,0.0,0.0,0.0,0.0,0.0,0.0,0.0,0.0,0.0,0.0
2022-08-01 02:45:00,0.0,0.0,0.0,0.0,0.0,0.0,0.0,0.0,0.0,0.0
2022-08-01 02:50:00,0.0,0.0,0.0,0.0,0.0,0.0,0.0,0.0,0.0,0.0
2022-08-01 02:55:00,0.0,0.0,0.0,0.0,0.0,0.0,0.0,0.0,0.0,0.0
2022-08-01 03:00:00,0.0,0.0,0.0,0.0,0.0,0.0,0.0,0.0,0.0,0.0
2022-08-01 03:05:00,0.0,0.0,0.0,0.0,0.0,0.0,0.0,0.0,0.0,0.0
2022-08-01 03:10:00,0.0,0.0,0.0,0.0,0.0,0.0,0.0,0.0,0.0,0.0
2022-08-01 03:15:00,0.0,0.0,0.0,0.0,0.0,0.0,0.0,0.0,0.0,0.0
2022-08-01 03:20:00,0.0,0.0,0.0,0.0,0.0,0.0,0.0,0.0,0.0,0.0
2022-08-01 03:25:00,0.0,0.0,0.0,0.0,0.0,0.0,0.0,0.0,0.0,0.0
2022-08-01 03:30:00,0.0,0.0,0.0,0.0,0.0,0.0,0.0,0.0,0.0,0.0
2022-08-01 03:35:00,0.0,0.0,0.0,0.0,0.0,0.0,0.0,0.0,0.0,0.0
2022-08-01 03:40:00,0.0,0.0,0.0,0.0,0.0,0.0,0.0,0.0,0.0,0.0
2022-08-01 03:45:00,0.001367,0.0,0.0,0.0,0.0,0.0,0.0,0.0,0.0,0.0
2022-08-01 03:50:00,0.004073,0.0,0.0,0.0,0.0,0.0,0.0,0.0,0.0,0.0
2022-08-01 03:55:00,0.007544,0.0,0.0,0.0,0.0,0.0,0.002039,0.002135,0.0,0.0
2022-08-01 04:00:00,0.011507,0.0,0.0,0.0,0.0,0.0,0.005247,0.005526,0.0,0.0
2022-08-01 04:05:00,0.013401,0.0,0.0,0.0,0.0,0.0,0.008093,0.007264,0.0,0.000509
2022-08-01 04:10:00,0.012629,0.0,0.0008,0.0,0.0,0.001369,0.010551,0.007094,0.00066,0.002922
2022-08-01 04:15:00,0.010464,0.00107,0.002332,0.000547,0.001437,0.003873,0.012742,0.006142,0.003906,0.005641
2022-08-01 04:20:00,0.011099,0.002603,0.00412,0.002338,0.003227,0.007064,0.014112,0.0064,0.00814,0.008871
2022-08-01 04:25:00,0.017341,0.003991,0.006531,0.004753,0.00559,0.0112,0.015268,0.009901,0.013243,0.012981
2022-08-01 04:30:00,0.026903,0.005349,0.009379,0.007603,0.008268,0.016014,0.016351,0.015324,0.019178,0.017798
2022-08-01 04:35:00,0.0342,0.006691,0.011517,0.009073,0.010008,0.020841,0.017095,0.020049,0.025772,0.02226
2022-08-01 04:40:00,0.03696,0.008053,0.012753,0.008853,0.011036,0.025207,0.018032,0.023095,0.032946,0.025837
2022-08-01 04:45:00,0.03688,0.009538,0.013452,0.007853,0.01165,0.02932,0.019333,0.024898,0.040136,0.028656
2022-08-01 04:50:00,0.03967,0.011911,0.013581,0.009364,0.013717,0.032192,0.021955,0.025433,0.046606,0.031944
2022-08-01 04:55:00,0.04687,0.015575,0.01386,0.01512,0.01772,0.034145,0.026131,0.025336,0.052082,0.036903
2022-08-01 05:00:00,0.056268,0.019639,0.01438,0.023057,0.023221,0.035565,0.030668,0.02546,0.057208,0.042548
2022-08-01 05:05:00,0.063264,0.023694,0.015718,0.027652,0.028567,0.037249,0.033521,0.02995,0.062518,0.04842
2022-08-01 05:10:00,0.06343,0.026893,0.018265,0.026339,0.033882,0.040045,0.033659,0.040914,0.068295,0.051881
2022-08-01 05:15:00,0.059202,0.029282,0.022057,0.021415,0.038806,0.043357,0.032476,0.05539,0.074877,0.053862
2022-08-01 05:20:00,0.054205,0.032336,0.024864,0.017765,0.041589,0.046676,0.032368,0.064521,0.078841,0.053073
2022-08-01 05:25:00,0.050232,0.035033,0.027849,0.018058,0.041126,0.04958,0.034316,0.063307,0.080731,0.05244
2022-08-01 05:30:00,0.048541,0.037514,0.030808,0.020997,0.038785,0.052364,0.037263,0.05532,0.083416,0.053201
2022-08-01 05:35:00,0.051036,0.039087,0.03554,0.024716,0.038129,0.055925,0.042531,0.04957,0.087949,0.057102
2022-08-01 05:40:00,0.061761,0.038325,0.04207,0.028173,0.040866,0.060719,0.04862,0.051008,0.096448,0.064326
2022-08-01 05:45:00,0.076681,0.036276,0.049832,0.031421,0.04574,0.066295,0.055513,0.057195,0.107309,0.074166
2022-08-01 05:50:00,0.087377,0.037666,0.055442,0.035228,0.049864,0.070389,0.06082,0.064645,0.119412,0.085913
2022-08-01 05:55:00,0.088949,0.043673,0.057853,0.039071,0.052309,0.072442,0.065247,0.070803,0.132284,0.099869
2022-08-01 06:00:00,0.085207,0.052482,0.058156,0.04298,0.053349,0.073157,0.069181,0.076283,0.146061,0.114774
2022-08-01 06:05:00,0.084511,0.060165,0.059238,0.046353,0.053504,0.076103,0.076448,0.081173,0.161023,0.129879
2022-08-01 06:10:00,0.091652,0.064032,0.062429,0.048344,0.053339,0.082539,0.087365,0.085667,0.176913,0.145182
2022-08-01 06:15:00,0.103119,0.065742,0.067794,0.049439,0.053202,0.091137,0.099046,0.09009,0.193528,0.161069
2022-08-01 06:20:00,0.112381,0.074174,0.078129,0.053025,0.058853,0.099771,0.105144,0.099149,0.210872,0.177798
2022-08-01 06:25:00,0.113312,0.091629,0.095579,0.059279,0.071318,0.106428,0.103724,0.114081,0.228505,0.194858
2022-08-01 06:30:00,0.109223,0.114073,0.116897,0.067392,0.088341,0.111747,0.098241,0.133211,0.246018,0.211762
2022-08-01 06:35:00,0.104911,0.132902,0.132314,0.078268,0.109305,0.117293,0.0938,0.15716,0.263566,0.228788
2022-08-01 06:40:00,0.104633,0.13968,0.136103,0.090574,0.131682,0.12384,0.094112,0.185707,0.281387,0.24625
2022-08-01 06:45:00,0.107821,0.138674,0.132384,0.104041,0.155133,0.131226,0.096723,0.217957,0.29967,0.264363
2022-08-01 06:50:00,0.118208,0.132037,0.135013,0.11957,0.18186,0.144967,0.101971,0.251705,0.317946,0.282553
2022-08-01 06:55:00,0.137274,0.124144,0.149169,0.137429,0.213333,0.166619,0.107142,0.285054,0.33538,0.300057
2022-08-01 07:00:00,0.160317,0.116188,0.171749,0.15652,0.251365,0.193833,0.113391,0.318422,0.351998,0.316831
2022-08-01 07:05:00,0.178522,0.11528,0.195686,0.175789,0.289981,0.216622,0.11774,0.348215,0.368705,0.333734
2022-08-01 07:10:00,0.183686,0.125719,0.216535,0.193053,0.318168,0.229711,0.122763,0.367362,0.386186,0.351304
2022-08-01 07:15:00,0.179983,0.142781,0.235442,0.209861,0.337664,0.235484,0.127934,0.37812,0.404427,0.369509
2022-08-01 07:20:00,0.175307,0.15214,0.254477,0.230359,0.3546,0.23877,0.135305,0.383176,0.422658,0.382307
2022-08-01 07:25:00,0.171637,0.14732,0.27419,0.256997,0.371594,0.240753,0.144746,0.387313,0.440219,0.386507
2022-08-01 07:30:00,0.171333,0.134394,0.294534,0.287733,0.388919,0.242365,0.155192,0.388441,0.457185,0.383576
2022-08-01 07:35:00,0.183615,0.141067,0.310883,0.304245,0.402653,0.258326,0.171477,0.371572,0.473835,0.371435
2022-08-01 07:40:00,0.216828,0.178496,0.320028,0.297114,0.409894,0.291933,0.192375,0.329581,0.489616,0.357693
2022-08-01 07:45:00,0.259712,0.235565,0.323794,0.272112,0.411114,0.337475,0.21457,0.269696,0.504396,0.343509
2022-08-01 07:50:00,0.283605,0.279488,0.32285,0.250218,0.407004,0.368035,0.233637,0.2113,0.518886,0.347688
2022-08-01 07:55:00,0.268943,0.292486,0.319621,0.245152,0.399665,0.36517,0.244331,0.170141,0.533504,0.383702
2022-08-01 08:00:00,0.229265,0.283911,0.3151,0.252793,0.390366,0.338041,0.250484,0.145462,0.548039,0.440809
2022-08-01 08:05:00,0.193664,0.259827,0.313292,0.267476,0.384445,0.307911,0.2601,0.147457,0.562285,0.485406
2022-08-01 08:10:00,0.178055,0.230242,0.318123,0.285749,0.388529,0.290544,0.27342,0.185165,0.575062,0.496341
2022-08-01 08:15:00,0.177114,0.198497,0.32673,0.305505,0.398993,0.283232,0.289923,0.241572,0.586387,0.480064
2022-08-01 08:20:00,0.182085,0.183342,0.338171,0.329141,0.394623,0.277288,0.316394,0.288557,0.597838,0.446213
2022-08-01 08:25:00,0.189867,0.196417,0.348337,0.353051,0.366469,0.271702,0.351904,0.300214,0.609812,0.403107
2022-08-01 08:30:00,0.200252,0.227681,0.357819,0.376108,0.322578,0.265384,0.393023,0.291192,0.621748,0.358544
2022-08-01 08:35:00,0.239376,0.247899,0.355771,0.385218,0.293445,0.254506,0.454327,0.290089,0.634037,0.343909
2022-08-01 08:40:00,0.311171,0.245897,0.341466,0.37282,0.296323,0.238507,0.528444,0.311254,0.646687,0.383205
2022-08-01 08:45:00,0.39891,0.22962,0.319315,0.346408,0.321313,0.219613,0.603633,0.3452,0.659232,0.455289
2022-08-01 08:50:00,0.45192,0.213092,0.304689,0.334518,0.345462,0.215399,0.646373,0.367229,0.671022,0.501514
2022-08-01 08:55:00,0.433787,0.208463,0.307698,0.35098,0.357679,0.229799,0.646351,0.362154,0.681668,0.492842
2022-08-01 09:00:00,0.368419,0.211412,0.322296,0.387364,0.362295,0.2555,0.619039,0.339176,0.691593,0.444439
2022-08-01 09:05:00,0.300852,0.223115,0.332478,0.425911,0.37013,0.263145,0.590586,0.311891,0.701547,0.389536
2022-08-01 09:10:00,0.257583,0.241932,0.332045,0.456619,0.38692,0.240412,0.572741,0.289225,0.711515,0.351895
2022-08-01 09:15:00,0.232306,0.266245,0.324173,0.480136,0.408513,0.19831,0.564615,0.270819,0.721262,0.329973
2022-08-01 09:20:00,0.214972,0.283059,0.305721,0.490878,0.425472,0.182756,0.588714,0.253203,0.73036,0.331897
2022-08-01 09:25:00,0.203389,0.291104,0.279793,0.482986,0.43062,0.211654,0.640579,0.238292,0.738058,0.363285
2022-08-01 09:30:00,0.196319,0.292965,0.25051,0.462779,0.427538,0.26958,0.703676,0.227672,0.744742,0.412237
2022-08-01 09:35:00,0.193401,0.291171,0.23864,0.444418,0.428396,0.339082,0.739429,0.238851,0.751825,0.474821
2022-08-01 09:40:00,0.19646,0.289976,0.255023,0.436769,0.43577,0.403341,0.739828,0.281949,0.760178,0.535207
2022-08-01 09:45:00,0.204086,0.289156,0.289341,0.437164,0.446871,0.461399,0.721386,0.343186,0.769019,0.59054
2022-08-01 09:50:00,0.202955,0.28957,0.323154,0.448417,0.462785,0.497668,0.717556,0.395502,0.776777,0.609554
2022-08-01 09:55:00,0.193197,0.292021,0.345707,0.469931,0.477977,0.499827,0.74218,0.421225,0.782274,0.573879
2022-08-01 10:00:00,0.175951,0.296056,0.360423,0.497886,0.493978,0.480433,0.780381,0.435313,0.786057,0.500268
2022-08-01 10:05:00,0.156751,0.308965,0.379144,0.503865,0.513223,0.453592,0.811761,0.45152,0.790291,0.438954
2022-08-01 10:10:00,0.135963,0.331424,0.403818,0.47912,0.53757,0.433181,0.828667,0.493574,0.795821,0.420855
2022-08-01 10:15:00,0.116367,0.359434,0.431758,0.433196,0.5634,0.418504,0.836947,0.548312,0.801949,0.434139
2022-08-01 10:20:00,0.116103,0.391587,0.448443,0.382074,0.574402,0.41401,0.842809,0.562707,0.80744,0.479651
2022-08-01 10:25:00,0.142304,0.420582,0.446979,0.34109,0.562238,0.426836,0.847913,0.52416,0.811426,0.545553
2022-08-01 10:30:00,0.184229,0.44565,0.4321,0.30866,0.533941,0.449236,0.852452,0.449899,0.813982,0.618619
2022-08-01 10:35:00,0.218743,0.450751,0.411278,0.285051,0.49214,0.456755,0.85632,0.390482,0.805743,0.660833
2022-08-01 10:40:00,0.231552,0.42649,0.38619,0.275069,0.445294,0.440114,0.859613,0.376544,0.784534,0.649748
2022-08-01 10:45:00,0.229628,0.384256,0.359674,0.275023,0.397934,0.407328,0.862496,0.394283,0.7543,0.602983
2022-08-01 10:50:00,0.220935,0.337715,0.328556,0.297762,0.383411,0.398582,0.864639,0.410034,0.706369,0.543636
2022-08-01 10:55:00,0.208163,0.301609,0.29857,0.344571,0.419485,0.424716,0.865306,0.413922,0.649148,0.492938
2022-08-01 11:00:00,0.194345,0.275018,0.270317,0.405287,0.485032,0.475929,0.864887,0.411185,0.587115,0.448129
2022-08-01 11:05:00,0.182962,0.277985,0.268833,0.445107,0.523681,0.525377,0.851885,0.405073,0.519208,0.387515
2022-08-01 11:10:00,0.179315,0.319134,0.300919,0.448263,0.509217,0.562682,0.830009,0.407399,0.466161,0.308462
2022-08-01 11:15:00,0.179884,0.38278,0.353514,0.427071,0.459136,0.589784,0.80325,0.41325,0.426577,0.223019
2022-08-01 11:20:00,0.176026,0.431104,0.398409,0.404928,0.408891,0.600208,0.795139,0.418347,0.402345,0.137288
2022-08-01 11:25:00,0.164414,0.444974,0.417987,0.394085,0.376217,0.591231,0.810768,0.418605,0.407933,0.083547
2022-08-01 11:30:00,0.147985,0.436292,0.420428,0.394085,0.359017,0.566933,0.837544,0.417535,0.433278,0.053013
2022-08-01 11:35:00,0.130675,0.414577,0.410142,0.414257,0.374426,0.518007,0.857779,0.397201,0.457673,0.03664
2022-08-01 11:40:00,0.116702,0.38983,0.390121,0.461208,0.42836,0.443243,0.864577,0.363061,0.478934,0.044732
2022-08-01 11:45:00,0.106705,0.365412,0.365943,0.521211,0.503923,0.35755,0.862998,0.321164,0.497484,0.069005
2022-08-01 11:50:00,0.103552,0.356848,0.345193,0.563134,0.560519,0.329943,0.861441,0.313836,0.509195,0.094485
2022-08-01 11:55:00,0.114253,0.375034,0.338099,0.569609,0.577252,0.39442,0.860242,0.360135,0.516642,0.121996
2022-08-01 12:00:00,0.134775,0.40889,0.339924,0.55332,0.567611,0.511484,0.858388,0.437739,0.521556,0.149338
2022-08-01 12:05:00,0.167962,0.43589,0.352879,0.544919,0.553983,0.600326,0.857238,0.511163,0.538271,0.172097
2022-08-01 12:10:00,0.214969,0.445301,0.376792,0.556611,0.546841,0.620064,0.853609,0.554846,0.571603,0.188894
2022-08-01 12:15:00,0.267832,0.442466,0.406387,0.579782,0.543716,0.593712,0.849038,0.576376,0.613834,0.204416
2022-08-01 12:20:00,0.3084,0.425068,0.434286,0.588254,0.53579,0.556495,0.844315,0.576925,0.641464,0.228669
2022-08-01 12:25:00,0.323192,0.396254,0.452351,0.570219,0.520353,0.52382,0.839652,0.552889,0.647546,0.272408
2022-08-01 12:30:00,0.320932,0.36157,0.4637,0.535214,0.500275,0.496553,0.834403,0.513282,0.640232,0.32434
2022-08-01 12:35:00,0.312861,0.3305,0.465251,0.503012,0.484615,0.466698,0.813185,0.460487,0.628581,0.341227
2022-08-01 12:40:00,0.303397,0.314473,0.455742,0.485847,0.477612,0.437521,0.778545,0.403339,0.620793,0.305673
2022-08-01 12:45:00,0.29349,0.308466,0.439572,0.477122,0.476101,0.409584,0.73779,0.346591,0.614763,0.239138
2022-08-01 12:50:00,0.296501,0.303749,0.426251,0.458969,0.462905,0.376438,0.702879,0.299677,0.606979,0.217937
2022-08-01 12:55:00,0.315054,0.299323,0.421198,0.421714,0.434239,0.343501,0.686712,0.278579,0.596389,0.277207
2022-08-01 13:00:00,0.341309,0.294185,0.421305,0.374125,0.396504,0.311388,0.682182,0.275371,0.583495,0.381834
2022-08-01 13:05:00,0.35943,0.286906,0.406503,0.345868,0.365578,0.287262,0.676123,0.285459,0.59419,0.4389
2022-08-01 13:10:00,0.355301,0.276666,0.373332,0.350736,0.352567,0.279647,0.669677,0.309816,0.627128,0.404543
2022-08-01 13:15:00,0.335627,0.264804,0.329803,0.376181,0.351568,0.283421,0.663382,0.341894,0.66692,0.313616
2022-08-01 13:20:00,0.299394,0.255856,0.289927,0.40167,0.368971,0.293321,0.656784,0.358723,0.685294,0.277427
2022-08-01 13:25:00,0.246166,0.252732,0.267949,0.414342,0.402171,0.307164,0.653601,0.354136,0.659463,0.337019
2022-08-01 13:30:00,0.185604,0.253062,0.258879,0.417976,0.441,0.321908,0.653048,0.335539,0.605019,0.450308
2022-08-01 13:35:00,0.142231,0.254304,0.27697,0.41481,0.46625,0.328899,0.644672,0.329072,0.534574,0.516303
2022-08-01 13:40:00,0.137927,0.254624,0.324426,0.405477,0.459629,0.32309,0.634483,0.342896,0.456011,0.489004
2022-08-01 13:45:00,0.159946,0.254154,0.386805,0.392583,0.433791,0.309311,0.622584,0.369052,0.374841,0.404919
2022-08-01 13:50:00,0.184433,0.255093,0.421081,0.381319,0.39658,0.294937,0.600345,0.389582,0.314067,0.32876
2022-08-01 13:55:00,0.204799,0.257161,0.406369,0.373587,0.356219,0.283964,0.573063,0.394342,0.283708,0.302074
2022-08-01 14:00:00,0.221648,0.259501,0.362523,0.368385,0.315646,0.276067,0.544126,0.38955,0.275265,0.308838
2022-08-01 14:05:00,0.231874,0.259534,0.343179,0.362371,0.287012,0.274941,0.519451,0.391818,0.274195,0.322754
2022-08-01 14:10:00,0.237081,0.255453,0.370489,0.354873,0.279206,0.281937,0.505123,0.40597,0.277205,0.335098
2022-08-01 14:15:00,0.238815,0.24891,0.421605,0.346522,0.284687,0.293094,0.497162,0.426365,0.281389,0.346571
2022-08-01 14:20:00,0.249751,0.244207,0.4537,0.341637,0.291076,0.2992,0.493813,0.456569,0.279714,0.344901
2022-08-01 14:25:00,0.27263,0.242124,0.440352,0.341875,0.293319,0.294311,0.495694,0.489743,0.268384,0.333222
2022-08-01 14:30:00,0.301305,0.241984,0.39911,0.345124,0.292779,0.282182,0.499839,0.520839,0.250904,0.315156
2022-08-01 14:35:00,0.331711,0.245632,0.351826,0.344804,0.293072,0.269988,0.498649,0.532932,0.228143,0.31173
2022-08-01 14:40:00,0.353432,0.25275,0.309541,0.338391,0.295683,0.259649,0.493363,0.522341,0.202216,0.329469
2022-08-01 14:45:00,0.367638,0.261909,0.272709,0.328867,0.300019,0.250748,0.484977,0.498616,0.175172,0.358598
2022-08-01 14:50:00,0.371221,0.273753,0.24899,0.332864,0.301567,0.247412,0.475047,0.477863,0.155087,0.392338
2022-08-01 14:55:00,0.361256,0.286851,0.24422,0.353353,0.300309,0.249187,0.464115,0.465283,0.147187,0.419788
2022-08-01 15:00:00,0.343395,0.30004,0.251001,0.381761,0.297815,0.253803,0.452787,0.455792,0.146702,0.438821
2022-08-01 15:05:00,0.313084,0.300618,0.253161,0.398119,0.304709,0.259318,0.442348,0.436644,0.142568,0.434687
2022-08-01 15:10:00,0.2728,0.285902,0.2446,0.393695,0.323968,0.261879,0.432574,0.403078,0.129625,0.400133
2022-08-01 15:15:00,0.229054,0.261674,0.229792,0.376813,0.347734,0.261617,0.423117,0.363552,0.111532,0.349457
2022-08-01 15:20:00,0.204616,0.232564,0.21816,0.35776,0.351534,0.256357,0.405933,0.339259,0.098997,0.31278
2022-08-01 15:25:00,0.211143,0.203805,0.214659,0.340687,0.326157,0.24338,0.384604,0.336082,0.098037,0.300344
2022-08-01 15:30:00,0.233993,0.175928,0.216378,0.325365,0.284754,0.226144,0.362017,0.341292,0.104548,0.301243
2022-08-01 15:35:00,0.254451,0.154332,0.212366,0.313412,0.248901,0.209859,0.338913,0.337971,0.104458,0.288857
2022-08-01 15:40:00,0.259122,0.143564,0.200082,0.306036,0.230947,0.197414,0.31909,0.317918,0.093884,0.253429
2022-08-01 15:45:00,0.252782,0.140737,0.184602,0.300209,0.224362,0.187605,0.301303,0.291278,0.077395,0.206762
2022-08-01 15:50:00,0.239295,0.15035,0.180241,0.290494,0.221317,0.182161,0.283675,0.26721,0.073142,0.166854
2022-08-01 15:55:00,0.21821,0.171747,0.196795,0.273402,0.218516,0.181543,0.267188,0.248767,0.08951,0.148827
2022-08-01 16:00:00,0.19484,0.198585,0.223129,0.253718,0.214769,0.183135,0.2524,0.233978,0.117404,0.143651
2022-08-01 16:05:00,0.174583,0.213281,0.242349,0.228328,0.204477,0.18037,0.243993,0.222834,0.137347,0.144636
2022-08-01 16:10:00,0.1603,0.208556,0.244186,0.20184,0.185769,0.170036,0.240196,0.215085,0.137618,0.146154
2022-08-01 16:15:00,0.149692,0.192396,0.23489,0.176487,0.163414,0.155843,0.236885,0.207687,0.125406,0.148199
2022-08-01 16:20:00,0.140284,0.18077,0.220736,0.161857,0.149866,0.141613,0.23206,0.195036,0.112194,0.141523
2022-08-01 16:25:00,0.131981,0.179719,0.202767,0.165417,0.152626,0.13149,0.223512,0.178182,0.103026,0.125847
2022-08-01 16:30:00,0.124956,0.184477,0.18359,0.178535,0.164467,0.123811,0.212961,0.161339,0.096735,0.105347
2022-08-01 16:35:00,0.120373,0.187983,0.167033,0.187876,0.173209,0.117302,0.201074,0.148324,0.090951,0.091659
2022-08-01 16:40:00,0.119132,0.187306,0.154939,0.187386,0.173181,0.111628,0.187866,0.139477,0.084827,0.092268
2022-08-01 16:45:00,0.119193,0.182535,0.146317,0.180528,0.16729,0.10674,0.1729,0.13265,0.079086,0.101087
2022-08-01 16:50:00,0.120045,0.162127,0.154255,0.141159,0.149905,0.128294,0.157907,0.125286,0.088848,0.098588
2022-08-01 16:55:00,0.113882,0.143462,0.144845,0.138022,0.147572,0.120907,0.142741,0.114968,0.091417,0.090632
2022-08-01 17:00:00,0.105253,0.123156,0.133187,0.139562,0.146431,0.109722,0.125581,0.100919,0.091435,0.077207
2022-08-01 17:05:00,0.093871,0.108464,0.124702,0.138195,0.140588,0.097839,0.107811,0.086404,0.08703,0.067519
2022-08-01 17:10:00,0.079627,0.102409,0.119644,0.131833,0.129426,0.089485,0.091761,0.076407,0.081216,0.066984
2022-08-01 17:15:00,0.063901,0.101282,0.116037,0.123205,0.117239,0.083305,0.078077,0.072208,0.077434,0.071442
2022-08-01 17:20:00,0.051739,0.097406,0.109729,0.11449,0.107533,0.077639,0.066163,0.070766,0.074787,0.073138
2022-08-01 17:25:00,0.047772,0.088866,0.097577,0.104965,0.100379,0.072452,0.055809,0.068821,0.069808,0.068088
2022-08-01 17:30:00,0.050756,0.077976,0.081187,0.093802,0.094258,0.067837,0.047152,0.066067,0.062999,0.0589
2022-08-01 17:35:00,0.054228,0.070047,0.066427,0.080763,0.088597,0.064691,0.04042,0.062435,0.056763,0.049477
2022-08-01 17:40:00,0.053537,0.067751,0.059306,0.067336,0.082933,0.062201,0.03588,0.055869,0.051835,0.042679
2022-08-01 17:45:00,0.049977,0.068257,0.060083,0.054476,0.077169,0.060219,0.034371,0.047844,0.04759,0.038019
2022-08-01 17:50:00,0.044649,0.065933,0.060089,0.044295,0.069232,0.057656,0.034274,0.041186,0.043674,0.034027
2022-08-01 17:55:00,0.038508,0.059301,0.053655,0.039126,0.059477,0.053521,0.033924,0.038097,0.039882,0.031158
2022-08-01 18:00:00,0.032328,0.050994,0.043459,0.038336,0.049722,0.048147,0.033422,0.037193,0.036114,0.028533
2022-08-01 18:05:00,0.027441,0.043624,0.036088,0.037356,0.042926,0.042699,0.032918,0.03587,0.031383,0.027061
2022-08-01 18:10:00,0.024569,0.038435,0.03436,0.035099,0.040215,0.038274,0.032527,0.032535,0.025081,0.02651
2022-08-01 18:15:00,0.022735,0.034541,0.03582,0.031945,0.039775,0.034744,0.032174,0.027763,0.01775,0.026375
2022-08-01 18:20:00,0.019877,0.031291,0.036265,0.028872,0.038256,0.03068,0.03138,0.02223,0.010342,0.025079
2022-08-01 18:25:00,0.015054,0.02869,0.033743,0.026528,0.034313,0.025631,0.029723,0.016744,0.004346,0.021693
2022-08-01 18:30:00,0.008942,0.0264,0.02953,0.02465,0.029166,0.019853,0.027401,0.011587,0.0,0.01695
2022-08-01 18:35:00,0.00339,0.023999,0.025081,0.022715,0.024534,0.014324,0.024613,0.00715,0.0,0.011759
2022-08-01 18:40:00,0.0,0.021192,0.021037,0.02055,0.021062,0.010124,0.021472,0.00374,0.0,0.006743
2022-08-01 18:45:00,0.0,0.017868,0.017345,0.018021,0.018148,0.006902,0.018205,0.001051,0.0,0.002168
2022-08-01 18:50:00,0.0,0.014203,0.013611,0.014864,0.014934,0.004141,0.014439,0.0,0.0,0.0
2022-08-01 18:55:00,0.0,0.010356,0.009788,0.011168,0.011225,0.00187,0.010163,0.0,0.0,0.0
2022-08-01 19:00:00,0.0,0.006332,0.006048,0.007174,0.007217,0.0,0.005974,0.0,0.0,0.0
2022-08-01 19:05:00,0.0,0.00252,0.002455,0.003644,0.003676,0.0,0.002659,0.0,0.0,0.0
2022-08-01 19:10:00,0.0,0.0,0.0,0.000267,0.000288,0.0,0.0,0.0,0.0,0.0
2022-08-01 19:15:00,0.0,0.0,0.0,0.0,0.0,0.0,0.0,0.0,0.0,0.0
2022-08-01 19:20:00,0.0,0.0,0.0,0.0,0.0,0.0,0.0,0.0,0.0,0.0
2022-08-01 19:25:00,0.0,0.0,0.0,0.0,0.0,0.0,0.0,0.0,0.0,0.0
2022-08-01 19:30:00,0.0,0.0,0.0,0.0,0.0,0.0,0.0,0.0,0.0,0.0
2022-08-01 19:35:00,0.0,0.0,0.0,0.0,0.0,0.0,0.0,0.0,0.0,0.0
2022-08-01 19:40:00,0.0,0.0,0.0,0.0,0.0,0.0,0.0,0.0,0.0,0.0
2022-08-01 19:45:00,0.0,0.0,0.0,0.0,0.0,0.0,0.0,0.0,0.0,0.0
2022-08-01 19:50:00,0.0,0.0,0.0,0.0,0.0,0.0,0.0,0.0,0.0,0.0
2022-08-01 19:55:00,0.0,0.0,0.0,0.0,0.0,0.0,0.0,0.0,0.0,0.0
2022-08-01 20:00:00,0.0,0.0,0.0,0.0,0.0,0.0,0.0,0.0,0.0,0.0
2022-08-01 20:05:00,0.0,0.0,0.0,0.0,0.0,0.0,0.0,0.0,0.0,0.0
2022-08-01 20:10:00,0.0,0.0,0.0,0.0,0.0,0.0,0.0,0.0,0.0,0.0
2022-08-01 20:15:00,0.0,0.0,0.0,0.0,0.0,0.0,0.0,0.0,0.0,0.0
2022-08-01 20:20:00,0.0,0.0,0.0,0.0,0.0,0.0,0.0,0.0,0.0,0.0
2022-08-01 20:25:00,0.0,0.0,0.0,0.0,0.0,0.0,0.0,0.0,0.0,0.0
2022-08-01 20:30:00,0.0,0.0,0.0,0.0,0.0,0.0,0.0,0.0,0.0,0.0
2022-08-01 20:35:00,0.0,0.0,0.0,0.0,0.0,0.0,0.0,0.0,0.0,0.0
2022-08-01 20:40:00,0.0,0.0,0.0,0.0,0.0,0.0,0.0,0.0,0.0,0.0
2022-08-01 20:45:00,0.0,0.0,0.0,0.0,0.0,0.0,0.0,0.0,0.0,0.0
2022-08-01 20:50:00,0.0,0.0,0.0,0.0,0.0,0.0,0.0,0.0,0.0,0.0
2022-08-01 20:55:00,0.0,0.0,0.0,0.0,0.0,0.0,0.0,0.0,0.0,0.0
2022-08-01 21:00:00,0.0,0.0,0.0,0.0,0.0,0.0,0.0,0.0,0.0,0.0
2022-08-01 21:05:00,0.0,0.0,0.0,0.0,0.0,0.0,0.0,0.0,0.0,0.0
2022-08-01 21:10:00,0.0,0.0,0.0,0.0,0.0,0.0,0.0,0.0,0.0,0.0
2022-08-01 21:15:00,0.0,0.0,0.0,0.0,0.0,0.0,0.0,0.0,0.0,0.0
2022-08-01 21:20:00,0.0,0.0,0.0,0.0,0.0,0.0,0.0,0.0,0.0,0.0
2022-08-01 21:25:00,0.0,0.0,0.0,0.0,0.0,0.0,0.0,0.0,0.0,0.0
2022-08-01 21:30:00,0.0,0.0,0.0,0.0,0.0,0.0,0.0,0.0,0.0,0.0
2022-08-01 21:35:00,0.0,0.0,0.0,0.0,0.0,0.0,0.0,0.0,0.0,0.0
2022-08-01 21:40:00,0.0,0.0,0.0,0.0,0.0,0.0,0.0,0.0,0.0,0.0
2022-08-01 21:45:00,0.0,0.0,0.0,0.0,0.0,0.0,0.0,0.0,0.0,0.0
2022-08-01 21:50:00,0.0,0.0,0.0,0.0,0.0,0.0,0.0,0.0,0.0,0.0
2022-08-01 21:55:00,0.0,0.0,0.0,0.0,0.0,0.0,0.0,0.0,0.0,0.0
2022-08-01 22:00:00,0.0,0.0,0.0,0.0,0.0,0.0,0.0,0.0,0.0,0.0
2022-08-01 22:05:00,0.0,0.0,0.0,0.0,0.0,0.0,0.0,0.0,0.0,0.0
2022-08-01 22:10:00,0.0,0.0,0.0,0.0,0.0,0.0,0.0,0.0,0.0,0.0
2022-08-01 22:15:00,0.0,0.0,0.0,0.0,0.0,0.0,0.0,0.0,0.0,0.0
2022-08-01 22:20:00,0.0,0.0,0.0,0.0,0.0,0.0,0.0,0.0,0.0,0.0
2022-08-01 22:25:00,0.0,0.0,0.0,0.0,0.0,0.0,0.0,0.0,0.0,0.0
2022-08-01 22:30:00,0.0,0.0,0.0,0.0,0.0,0.0,0.0,0.0,0.0,0.0
2022-08-01 22:35:00,0.0,0.0,0.0,0.0,0.0,0.0,0.0,0.0,0.0,0.0
2022-08-01 22:40:00,0.0,0.0,0.0,0.0,0.0,0.0,0.0,0.0,0.0,0.0
2022-08-01 22:45:00,0.0,0.0,0.0,0.0,0.0,0.0,0.0,0.0,0.0,0.0
2022-08-01 22:50:00,0.0,0.0,0.0,0.0,0.0,0.0,0.0,0.0,0.0,0.0
2022-08-01 22:55:00,0.0,0.0,0.0,0.0,0.0,0.0,0.0,0.0,0.0,0.0
2022-08-01 23:00:00,0.0,0.0,0.0,0.0,0.0,0.0,0.0,0.0,0.0,0.0
2022-08-01 23:05:00,0.0,0.0,0.0,0.0,0.0,0.0,0.0,0.0,0.0,0.0
2022-08-01 23:10:00,0.0,0.0,0.0,0.0,0.0,0.0,0.0,0.0,0.0,0.0
2022-08-01 23:15:00,0.0,0.0,0.0,0.0,0.0,0.0,0.0,0.0,0.0,0.0
2022-08-01 23:20:00,0.0,0.0,0.0,0.0,0.0,0.0,0.0,0.0,0.0,0.0
2022-08-01 23:25:00,0.0,0.0,0.0,0.0,0.0,0.0,0.0,0.0,0.0,0.0
2022-08-01 23:30:00,0.0,0.0,0.0,0.0,0.0,0.0,0.0,0.0,0.0,0.0
2022-08-01 23:35:00,0.0,0.0,0.0,0.0,0.0,0.0,0.0,0.0,0.0,0.0
2022-08-01 23:40:00,0.0,0.0,0.0,0.0,0.0,0.0,0.0,0.0,0.0,0.0
2022-08-01 23:45:00,0.0,0.0,0.0,0.0,0.0,0.0,0.0,0.0,0.0,0.0
2022-08-01 23:50:00,0.0,0.0,0.0,0.0,0.0,0.0,0.0,0.0,0.0,0.0
2022-08-01 23:55:00,0.0,0.0,0.0,0.0,0.0,0.0,0.0,0.0,0.0,0.0
2022-08-02 00:00:00,0.0,0.0,0.0,0.0,0.0,0.0,0.0,0.0,0.0,0.0
2022-08-02 00:05:00,0.0,0.0,0.0,0.0,0.0,0.0,0.0,0.0,0.0,0.0
2022-08-02 00:10:00,0.0,0.0,0.0,0.0,0.0,0.0,0.0,0.0,0.0,0.0
2022-08-02 00:15:00,0.0,0.0,0.0,0.0,0.0,0.0,0.0,0.0,0.0,0.0
2022-08-02 00:20:00,0.0,0.0,0.0,0.0,0.0,0.0,0.0,0.0,0.0,0.0
2022-08-02 00:25:00,0.0,0.0,0.0,0.0,0.0,0.0,0.0,0.0,0.0,0.0
2022-08-02 00:30:00,0.0,0.0,0.0,0.0,0.0,0.0,0.0,0.0,0.0,0.0
2022-08-02 00:35:00,0.0,0.0,0.0,0.0,0.0,0.0,0.0,0.0,0.0,0.0
2022-08-02 00:40:00,0.0,0.0,0.0,0.0,0.0,0.0,0.0,0.0,0.0,0.0
2022-08-02 00:45:00,0.0,0.0,0.0,0.0,0.0,0.0,0.0,0.0,0.0,0.0
2022-08-02 00:50:00,0.0,0.0,0.0,0.0,0.0,0.0,0.0,0.0,0.0,0.0
2022-08-02 00:55:00,0.0,0.0,0.0,0.0,0.0,0.0,0.0,0.0,0.0,0.0
2022-08-02 01:00:00,0.0,0.0,0.0,0.0,0.0,0.0,0.0,0.0,0.0,0.0
2022-08-02 01:05:00,0.0,0.0,0.0,0.0,0.0,0.0,0.0,0.0,0.0,0.0
2022-08-02 01:10:00,0.0,0.0,0.0,0.0,0.0,0.0,0.0,0.0,0.0,0.0
2022-08-02 01:15:00,0.0,0.0,0.0,0.0,0.0,0.0,0.0,0.0,0.0,0.0
2022-08-02 01:20:00,0.0,0.0,0.0,0.0,0.0,0.0,0.0,0.0,0.0,0.0
2022-08-02 01:25:00,0.0,0.0,0.0,0.0,0.0,0.0,0.0,0.0,0.0,0.0
2022-08-02 01:30:00,0.0,0.0,0.0,0.0,0.0,0.0,0.0,0.0,0.0,0.0
2022-08-02 01:35:00,0.0,0.0,0.0,0.0,0.0,0.0,0.0,0.0,0.0,0.0
2022-08-02 01:40:00,0.0,0.0,0.0,0.0,0.0,0.0,0.0,0.0,0.0,0.0
2022-08-02 01:45:00,0.0,0.0,0.0,0.0,0.0,0.0,0.0,0.0,0.0,0.0
2022-08-02 01:50:00,0.0,0.0,0.0,0.0,0.0,0.0,0.0,0.0,0.0,0.0
2022-08-02 01:55:00,0.0,0.0,0.0,0.0,0.0,0.0,0.0,0.0,0.0,0.0
2022-08-02 02:00:00,0.0,0.0,0.0,0.0,0.0,0.0,0.0,0.0,0.0,0.0
2022-08-02 02:05:00,0.0,0.0,0.0,0.0,0.0,0.0,0.0,0.0,0.0,0.0
2022-08-02 02:10:00,0.0,0.0,0.0,0.0,0.0,0.0,0.0,0.0,0.0,0.0
2022-08-02 02:15:00,0.0,0.0,0.0,0.0,0.0,0.0,0.0,0.0,0.0,0.0
2022-08-02 02:20:00,0.0,0.0,0.0,0.0,0.0,0.0,0.0,0.0,0.0,0.0
2022-08-02 02:25:00,0.0,0.0,0.0,0.0,0.0,0.0,0.0,0.0,0.0,0.0
2022-08-02 02:30:00,0.0,0.0,0.0,0.0,0.0,0.0,0.0,0.0,0.0,0.0
2022-08-02 02:35:00,0.0,0.0,0.0,0.0,0.0,0.0,0.0,0.0,0.0,0.0
2022-08-02 02:40:00,0.0,0.0,0.0,0.0,0.0,0.0,0.0,0.0,0.0,0.0
2022-08-02 02:45:00,0.0,0.0,0.0,0.0,0.0,0.0,0.0,0.0,0.0,0.0
2022-08-02 02:50:00,0.0,0.0,0.0,0.0,0.0,0.0,0.0,0.0,0.0,0.0
2022-08-02 02:55:00,0.0,0.0,0.0,0.0,0.0,0.0,0.0,0.0,0.0,0.0
2022-08-02 03:00:00,0.0,0.0,0.0,0.0,0.0,0.0,0.0,0.0,0.0,0.0
2022-08-02 03:05:00,0.0,0.0,0.0,0.0,0.0,0.0,0.0,0.0,0.0,0.0
2022-08-02 03:10:00,0.0,0.0,0.0,0.0,0.0,0.0,0.0,0.0,0.0,0.0
2022-08-02 03:15:00,0.0,0.0,0.0,0.0,0.0,0.0,0.0,0.0,0.0,0.0
2022-08-02 03:20:00,0.0,0.0,0.0,0.0,0.0,0.0,0.0,0.0,0.0,0.0
2022-08-02 03:25:00,0.0,0.0,0.0,0.0,0.0,0.0,0.0,0.0,0.0,0.0
2022-08-02 03:30:00,0.0,0.0,0.0,0.0,0.0,0.0,0.0,0.0,0.0,0.0
2022-08-02 03:35:00,0.0,0.0,0.0,0.0,0.0,0.0,0.0,0.0,0.0,0.0
2022-08-02 03:40:00,0.000225,0.0,0.0,0.0,0.0,0.0,0.0,0.0,0.0,0.0
2022-08-02 03:45:00,0.002069,0.0,0.0,0.0,0.0,0.0,0.0,0.0,0.0,0.0
2022-08-02 03:50:00,0.004759,0.0,0.0,0.0,0.0,0.0,0.000946,0.0,0.0,0.0
2022-08-02 03:55:00,0.008653,0.0,0.0,0.0,0.0,0.0,0.004738,0.002579,0.0,0.0
2022-08-02 04:00:00,0.013472,0.0,0.0,0.0,0.0,0.0,0.00881,0.006646,0.0,0.0
2022-08-02 04:05:00,0.018526,0.0,0.0,0.0,0.0,0.000538,0.012185,0.011054,0.001507,0.000245
2022-08-02 04:10:00,0.023364,0.0,0.0,0.0,0.0,0.003009,0.015424,0.015425,0.004017,0.0021
2022-08-02 04:15:00,0.027828,0.0,0.0,0.000596,0.001497,0.005911,0.018541,0.019619,0.007015,0.004224
2022-08-02 04:20:00,0.030386,0.000924,0.001649,0.003011,0.003924,0.009405,0.021401,0.02358,0.01032,0.007232
2022-08-02 04:25:00,0.031233,0.004363,0.006222,0.006811,0.007531,0.013526,0.024706,0.026805,0.013934,0.011069
2022-08-02 04:30:00,0.031171,0.008922,0.012404,0.011463,0.011853,0.017965,0.027551,0.029854,0.017805,0.015306
2022-08-02 04:35:00,0.031375,0.013824,0.018438,0.016378,0.015976,0.022472,0.029094,0.03323,0.022689,0.019753
2022-08-02 04:40:00,0.033754,0.018416,0.023671,0.02112,0.019615,0.02714,0.030519,0.037028,0.028581,0.024553
2022-08-02 04:45:00,0.037764,0.022643,0.028367,0.025668,0.022739,0.031883,0.032007,0.041204,0.03524,0.029416
2022-08-02 04:50:00,0.043812,0.026818,0.031568,0.030166,0.02688,0.035428,0.032005,0.045283,0.042063,0.034185
2022-08-02 04:55:00,0.052131,0.031653,0.033577,0.034752,0.032699,0.038679,0.032165,0.049126,0.048396,0.039057
2022-08-02 05:00:00,0.061754,0.036947,0.034393,0.039223,0.039892,0.041602,0.032074,0.052801,0.053971,0.043769
2022-08-02 05:05:00,0.071651,0.042151,0.036572,0.043659,0.046776,0.045225,0.03772,0.0568,0.055748,0.04494
2022-08-02 05:10:00,0.080261,0.047219,0.040756,0.048224,0.052013,0.050064,0.048083,0.060826,0.053707,0.042349
2022-08-02 05:15:00,0.088174,0.052308,0.046797,0.052755,0.055878,0.055239,0.061958,0.064996,0.050823,0.03792
2022-08-02 05:20:00,0.096032,0.057861,0.049388,0.056919,0.058506,0.056808,0.068445,0.07198,0.051115,0.038365
2022-08-02 05:25:00,0.103743,0.063865,0.047369,0.060581,0.060582,0.055341,0.065138,0.081985,0.05534,0.047944
2022-08-02 05:30:00,0.111472,0.070189,0.044433,0.063419,0.062446,0.05438,0.060946,0.094218,0.062559,0.063288
2022-08-02 05:35:00,0.119344,0.077041,0.045204,0.064877,0.066666,0.059638,0.063596,0.104277,0.071835,0.077351
2022-08-02 05:40:00,0.127012,0.083895,0.050703,0.065068,0.074273,0.071781,0.073388,0.108147,0.082859,0.086875
2022-08-02 05:45:00,0.134176,0.090868,0.059736,0.066464,0.084895,0.087527,0.086815,0.106936,0.095959,0.093246
2022-08-02 05:50:00,0.141656,0.09453,0.071071,0.07186,0.094789,0.102564,0.102403,0.10733,0.110126,0.100103
2022-08-02 05:55:00,0.149023,0.097041,0.084539,0.082353,0.102872,0.114837,0.119325,0.112924,0.126052,0.109894
2022-08-02 06:00:00,0.156644,0.101665,0.099121,0.095424,0.110935,0.124289,0.136505,0.122648,0.142714,0.123251
2022-08-02 06:05:00,0.163394,0.111049,0.115525,0.108671,0.121073,0.132188,0.153529,0.13538,0.158688,0.138323
2022-08-02 06:10:00,0.170255,0.123895,0.132349,0.122097,0.132927,0.140175,0.170732,0.150152,0.170994,0.152106
2022-08-02 06:15:00,0.177525,0.138139,0.148378,0.135991,0.144804,0.149162,0.188566,0.166965,0.17804,0.16403
2022-08-02 06:20:00,0.185715,0.153207,0.161768,0.150708,0.156524,0.159207,0.206965,0.184727,0.184062,0.174641
2022-08-02 06:25:00,0.197181,0.168852,0.175332,0.166122,0.168635,0.173306,0.225579,0.202139,0.198537,0.187848
2022-08-02 06:30:00,0.211109,0.185015,0.191026,0.182138,0.182479,0.19347,0.244312,0.219761,0.225017,0.205947
2022-08-02 06:35:00,0.227365,0.201952,0.209009,0.19878,0.197931,0.216909,0.26341,0.236614,0.256278,0.227289
2022-08-02 06:40:00,0.246867,0.219628,0.226838,0.216004,0.215484,0.238872,0.282801,0.250842,0.281977,0.248137
2022-08-02 06:45:00,0.268986,0.237797,0.243237,0.233748,0.234805,0.258904,0.302239,0.263318,0.30138,0.267606
2022-08-02 06:50:00,0.290266,0.255996,0.259658,0.251775,0.254937,0.277525,0.321225,0.268491,0.319401,0.286378
2022-08-02 06:55:00,0.3079,0.273538,0.277451,0.269164,0.273652,0.294044,0.33886,0.266991,0.337156,0.304278
2022-08-02 07:00:00,0.323387,0.290294,0.296895,0.28552,0.290481,0.308564,0.355401,0.259674,0.355083,0.321225
2022-08-02 07:05:00,0.339328,0.305107,0.316676,0.301583,0.306293,0.324077,0.372284,0.258164,0.373555,0.33817
2022-08-02 07:10:00,0.360422,0.317127,0.334792,0.317713,0.322309,0.343271,0.390278,0.269741,0.391278,0.35572
2022-08-02 07:15:00,0.385759,0.326488,0.3512,0.333575,0.338062,0.365655,0.408874,0.291666,0.408115,0.373683
2022-08-02 07:20:00,0.414963,0.337338,0.367428,0.349731,0.352748,0.387921,0.427205,0.325779,0.424625,0.386473
2022-08-02 07:25:00,0.446773,0.354571,0.384062,0.365879,0.366137,0.406724,0.444738,0.370294,0.441265,0.390817
2022-08-02 07:30:00,0.480046,0.377403,0.400931,0.38231,0.378348,0.422495,0.461748,0.42226,0.458054,0.3869
2022-08-02 07:35:00,0.503859,0.401116,0.418098,0.399221,0.39205,0.437976,0.47874,0.469304,0.474716,0.385703
2022-08-02 07:40:00,0.512123,0.421958,0.435065,0.416405,0.41001,0.454456,0.495713,0.50109,0.4903,0.394377
2022-08-02 07:45:00,0.508654,0.440201,0.451575,0.433593,0.431209,0.471459,0.512514,0.521384,0.504805,0.411394
2022-08-02 07:50:00,0.502128,0.457314,0.467956,0.450539,0.452318,0.487899,0.529004,0.537877,0.519204,0.428354
2022-08-02 07:55:00,0.503469,0.473503,0.483964,0.466706,0.471069,0.502489,0.544652,0.553219,0.533967,0.440507
2022-08-02 08:00:00,0.510684,0.488945,0.499413,0.482064,0.487903,0.515532,0.55941,0.567787,0.548936,0.44967
2022-08-02 08:05:00,0.530042,0.504319,0.514849,0.497381,0.503824,0.528906,0.574337,0.582303,0.56419,0.465933
2022-08-02 08:10:00,0.562081,0.519518,0.530361,0.512918,0.519458,0.543447,0.589539,0.596939,0.579458,0.496124
2022-08-02 08:15:00,0.602353,0.534146,0.545438,0.528458,0.534924,0.55853,0.604409,0.611467,0.594509,0.535375
2022-08-02 08:20:00,0.625491,0.547973,0.559481,0.540289,0.546573,0.573342,0.618646,0.625499,0.609288,0.570812
2022-08-02 08:25:00,0.620784,0.559911,0.571346,0.547452,0.553554,0.587298,0.631743,0.638342,0.623605,0.593401
2022-08-02 08:30:00,0.596205,0.570284,0.581469,0.55136,0.557405,0.600502,0.643758,0.650019,0.637348,0.606633
2022-08-02 08:35:00,0.55902,0.58076,0.591559,0.559178,0.564577,0.613583,0.655564,0.6618,0.650782,0.617906
2022-08-02 08:40:00,0.530818,0.593045,0.603265,0.575549,0.580325,0.626123,0.667995,0.673968,0.66404,0.630159
2022-08-02 08:45:00,0.509039,0.604511,0.615554,0.597739,0.601106,0.637844,0.680301,0.685969,0.676897,0.64271
2022-08-02 08:50:00,0.497807,0.618735,0.627818,0.619089,0.622539,0.649524,0.691819,0.697157,0.688269,0.641094
2022-08-02 08:55:00,0.505717,0.630457,0.639688,0.635581,0.638179,0.661151,0.701883,0.706972,0.697079,0.620022
2022-08-02 09:00:00,0.527957,0.638874,0.651232,0.648348,0.649932,0.672524,0.711041,0.715733,0.704174,0.584283
2022-08-02 09:05:00,0.556822,0.641222,0.662551,0.658345,0.660875,0.683671,0.721281,0.724539,0.711671,0.54835
2022-08-02 09:10:00,0.591959,0.628767,0.673257,0.666242,0.671622,0.694494,0.733174,0.733466,0.720452,0.530224
2022-08-02 09:15:00,0.629906,0.605504,0.68341,0.671325,0.681919,0.704986,0.74539,0.742171,0.729964,0.52626
2022-08-02 09:20:00,0.655365,0.593322,0.693139,0.679976,0.686112,0.714867,0.756099,0.750147,0.73918,0.529014
2022-08-02 09:25:00,0.664939,0.602218,0.702397,0.690025,0.683232,0.723505,0.764021,0.756732,0.74716,0.53969
2022-08-02 09:30:00,0.6628,0.625059,0.711154,0.699798,0.675507,0.731118,0.76985,0.762156,0.754226,0.555525
2022-08-02 09:35:00,0.658083,0.644001,0.720369,0.705338,0.667998,0.738542,0.775444,0.768416,0.752935,0.570002
2022-08-02 09:40:00,0.655869,0.647556,0.730415,0.698563,0.66842,0.745889,0.781422,0.776186,0.742761,0.581912
2022-08-02 09:45:00,0.656184,0.638499,0.740577,0.681467,0.675087,0.752857,0.787515,0.784478,0.725424,0.591796
2022-08-02 09:50:00,0.651568,0.63356,0.731447,0.641797,0.665679,0.741024,0.793713,0.791935,0.711915,0.599696
2022-08-02 09:55:00,0.644437,0.633682,0.697995,0.574718,0.638914,0.706442,0.799805,0.797539,0.708462,0.607248
2022-08-02 10:00:00,0.634953,0.637667,0.645942,0.490696,0.598452,0.654741,0.805351,0.801835,0.712979,0.614159
2022-08-02 10:05:00,0.618809,0.639194,0.596554,0.434842,0.569699,0.604175,0.810975,0.806049,0.717589,0.623555
2022-08-02 10:10:00,0.598284,0.632932,0.573096,0.441697,0.568295,0.577314,0.816802,0.810811,0.721746,0.636207
2022-08-02 10:15:00,0.575195,0.620885,0.569674,0.491421,0.586065,0.56892,0.822439,0.816036,0.725071,0.650229
2022-08-02 10:20:00,0.559317,0.615258,0.576708,0.523064,0.577299,0.571744,0.827436,0.820912,0.722985,0.652272
2022-08-02 10:25:00,0.558543,0.619975,0.592768,0.518642,0.531964,0.587936,0.831685,0.824169,0.717273,0.637798
2022-08-02 10:30:00,0.568247,0.63228,0.612825,0.491069,0.461447,0.613106,0.835368,0.826118,0.708627,0.612254
2022-08-02 10:35:00,0.594192,0.645825,0.622593,0.475598,0.423746,0.651843,0.838597,0.829014,0.697289,0.581567
2022-08-02 10:40:00,0.634421,0.657578,0.61463,0.497568,0.447721,0.702339,0.841391,0.833418,0.68609,0.555257
2022-08-02 10:45:00,0.680738,0.666796,0.59646,0.542411,0.51065,0.756041,0.843772,0.837996,0.675732,0.53271
2022-08-02 10:50:00,0.731508,0.68414,0.581293,0.577614,0.581011,0.789431,0.845081,0.841322,0.665453,0.503513
2022-08-02 10:55:00,0.774688,0.706414,0.58241,0.589875,0.632174,0.791558,0.845292,0.842699,0.658975,0.472721
2022-08-02 11:00:00,0.81176,0.72874,0.594574,0.587313,0.668739,0.773354,0.844413,0.842739,0.655332,0.442235
2022-08-02 11:05:00,0.838478,0.727148,0.61766,0.58205,0.684052,0.762591,0.8419,0.842714,0.674253,0.425066
2022-08-02 11:10:00,0.851273,0.686541,0.649025,0.584009,0.672952,0.774207,0.838298,0.843088,0.71818,0.431446
2022-08-02 11:15:00,0.854681,0.620059,0.683044,0.591742,0.642461,0.799631,0.831922,0.843539,0.773147,0.453271
2022-08-02 11:20:00,0.855515,0.565486,0.697653,0.580192,0.601958,0.821682,0.821325,0.844065,0.796391,0.483263
2022-08-02 11:25:00,0.856387,0.556018,0.681706,0.550957,0.556556,0.832136,0.802171,0.844292,0.770683,0.516431
2022-08-02 11:30:00,0.857149,0.575273,0.644128,0.510239,0.511442,0.834163,0.778687,0.843885,0.712293,0.550212
2022-08-02 11:35:00,0.856969,0.601457,0.603879,0.476889,0.485878,0.834982,0.777225,0.843113,0.660134,0.569166
2022-08-02 11:40:00,0.855295,0.616904,0.571682,0.467811,0.494168,0.8346,0.794393,0.841574,0.643696,0.567604
2022-08-02 11:45:00,0.852461,0.625602,0.544971,0.474159,0.522718,0.833853,0.820745,0.839207,0.651904,0.552466
2022-08-02 11:50:00,0.848992,0.622354,0.525427,0.473746,0.536892,0.821042,0.821684,0.836551,0.651729,0.551243
2022-08-02 11:55:00,0.845326,0.605569,0.510581,0.458845,0.52185,0.79473,0.794854,0.834346,0.633541,0.571077
2022-08-02 12:00:00,0.841341,0.579061,0.499971,0.43568,0.488296,0.758582,0.753303,0.832242,0.603312,0.60351
2022-08-02 12:05:00,0.837495,0.549662,0.492595,0.435426,0.457086,0.727302,0.715675,0.829085,0.573186,0.629899
2022-08-02 12:10:00,0.833767,0.519934,0.488024,0.468962,0.441872,0.710646,0.700437,0.82415,0.553934,0.640247
2022-08-02 12:15:00,0.829771,0.491037,0.486441,0.524089,0.44007,0.705285,0.698033,0.818256,0.543581,0.638949
2022-08-02 12:20:00,0.825006,0.463051,0.493198,0.570203,0.459261,0.703118,0.698245,0.812196,0.551638,0.637714
2022-08-02 12:25:00,0.819344,0.440314,0.511094,0.596703,0.50455,0.706071,0.700294,0.806172,0.581567,0.636507
2022-08-02 12:30:00,0.813003,0.422489,0.534579,0.608727,0.562192,0.710209,0.702474,0.800145,0.622333,0.635577
2022-08-02 12:35:00,0.806112,0.418824,0.548177,0.61596,0.602292,0.707384,0.71913,0.793974,0.65159,0.629499
2022-08-02 12:40:00,0.799023,0.433924,0.546277,0.621015,0.609979,0.693252,0.743169,0.787312,0.658412,0.615735
2022-08-02 12:45:00,0.791854,0.460788,0.535267,0.62498,0.596662,0.672421,0.76755,0.780257,0.651163,0.597386
2022-08-02 12:50:00,0.784698,0.483205,0.527721,0.628199,0.578082,0.670189,0.785001,0.773496,0.63576,0.579651
2022-08-02 12:55:00,0.778111,0.496369,0.531459,0.630162,0.561811,0.691301,0.786247,0.767351,0.617271,0.565823
2022-08-02 13:00:00,0.771848,0.502473,0.541694,0.631118,0.547693,0.724324,0.775084,0.761204,0.598098,0.555237
2022-08-02 13:05:00,0.764764,0.510935,0.547103,0.618532,0.544833,0.748735,0.731088,0.754043,0.601807,0.542001
2022-08-02 13:10:00,0.755937,0.523701,0.543846,0.591978,0.553913,0.754915,0.650564,0.74525,0.633262,0.526947
2022-08-02 13:15:00,0.745851,0.539235,0.536754,0.557148,0.570643,0.749389,0.54962,0.735445,0.676656,0.510647
2022-08-02 13:20:00,0.735496,0.556631,0.545045,0.529481,0.588274,0.740923,0.473048,0.725469,0.699328,0.507708
2022-08-02 13:25:00,0.725561,0.573171,0.575262,0.521104,0.601887,0.732578,0.446308,0.715334,0.687486,0.520283
2022-08-02 13:30:00,0.715691,0.587112,0.615118,0.526035,0.611323,0.724437,0.449332,0.704966,0.654372,0.541411
2022-08-02 13:35:00,0.70488,0.590005,0.637138,0.536897,0.627672,0.716194,0.47115,0.694897,0.622932,0.557991
2022-08-02 13:40:00,0.692433,0.577665,0.632841,0.552324,0.647827,0.708021,0.499162,0.684925,0.60368,0.561568
2022-08-02 13:45:00,0.678856,0.556421,0.613319,0.56929,0.668848,0.699242,0.524643,0.674569,0.592754,0.556405
2022-08-02 13:50:00,0.665823,0.535175,0.602673,0.590928,0.681796,0.690843,0.526097,0.65018,0.594156,0.546945
2022-08-02 13:55:00,0.653182,0.521802,0.612869,0.612899,0.681557,0.680922,0.493811,0.611447,0.604727,0.533863
2022-08-02 14:00:00,0.641092,0.514234,0.633371,0.633027,0.672841,0.669811,0.446397,0.564516,0.618934,0.518771
2022-08-02 14:05:00,0.61956,0.524019,0.647427,0.641518,0.662693,0.651799,0.416819,0.525826,0.62682,0.5028
2022-08-02 14:10:00,0.589103,0.551074,0.647948,0.634689,0.65251,0.624925,0.413521,0.508389,0.623055,0.487642
2022-08-02 14:15:00,0.551248,0.583937,0.639825,0.618645,0.642308,0.593695,0.423549,0.504024,0.612253,0.473208
2022-08-02 14:20:00,0.5013,0.607029,0.628998,0.604162,0.631709,0.572631,0.428562,0.500592,0.599946,0.466141
2022-08-02 14:25:00,0.438643,0.610134,0.617381,0.596226,0.620583,0.569067,0.423136,0.494085,0.588054,0.466865
2022-08-02 14:30:00,0.371245,0.601408,0.605245,0.592108,0.608898,0.575032,0.412291,0.486064,0.576107,0.472189
2022-08-02 14:35:00,0.342399,0.580703,0.592838,0.587306,0.59677,0.578111,0.406569,0.48467,0.563188,0.47679
2022-08-02 14:40:00,0.364617,0.551385,0.580066,0.579937,0.584308,0.573469,0.405258,0.491364,0.549047,0.478759
2022-08-02 14:45:00,0.412099,0.517588,0.566826,0.570682,0.571493,0.563909,0.405847,0.500811,0.534335,0.47828
2022-08-02 14:50:00,0.45189,0.496688,0.553129,0.559542,0.55811,0.541111,0.388043,0.503494,0.51973,0.482132
2022-08-02 14:55:00,0.465363,0.494834,0.538946,0.54692,0.544274,0.506564,0.356365,0.495322,0.505543,0.488278
2022-08-02 15:00:00,0.462798,0.502956,0.524717,0.533071,0.530092,0.465307,0.320804,0.480715,0.491156,0.493666
2022-08-02 15:05:00,0.445046,0.506467,0.510963,0.518549,0.515449,0.421848,0.30904,0.465629,0.476405,0.493801
2022-08-02 15:10:00,0.414869,0.49941,0.49801,0.503681,0.50041,0.383196,0.325798,0.451013,0.460171,0.484235
2022-08-02 15:15:00,0.378014,0.48595,0.484913,0.488643,0.48513,0.348827,0.354704,0.436489,0.443272,0.46857
2022-08-02 15:20:00,0.335956,0.46298,0.471404,0.473451,0.469561,0.320109,0.368439,0.419412,0.426629,0.452652
2022-08-02 15:25:00,0.292362,0.432627,0.45621,0.457771,0.453657,0.299076,0.365347,0.399484,0.41082,0.435464
2022-08-02 15:30:00,0.249798,0.399591,0.439998,0.441654,0.437561,0.283168,0.353353,0.377548,0.395485,0.418065
2022-08-02 15:35:00,0.216203,0.377072,0.423424,0.425223,0.421272,0.269218,0.345181,0.359051,0.379336,0.401167
2022-08-02 15:40:00,0.19601,0.370082,0.406726,0.408642,0.404851,0.256826,0.342002,0.343262,0.361816,0.385167
2022-08-02 15:45:00,0.184321,0.370215,0.38975,0.392205,0.38824,0.245331,0.338051,0.328685,0.343617,0.369521
2022-08-02 15:50:00,0.176892,0.367044,0.37301,0.376183,0.372666,0.233098,0.31571,0.311492,0.325801,0.353326
2022-08-02 15:55:00,0.172169,0.356894,0.355845,0.360938,0.357459,0.219691,0.277864,0.29105,0.308543,0.336286
2022-08-02 16:00:00,0.168718,0.342329,0.338352,0.345911,0.342441,0.206109,0.236855,0.269172,0.291293,0.31888
2022-08-02 16:05:00,0.165737,0.325074,0.321264,0.330342,0.327121,0.196391,0.201626,0.243929,0.270443,0.301488
2022-08-02 16:10:00,0.162166,0.305638,0.304056,0.313562,0.310387,0.191744,0.180178,0.214691,0.247616,0.284416
2022-08-02 16:15:00,0.157788,0.2861,0.287067,0.296319,0.293389,0.190283,0.164639,0.186813,0.225679,0.267515
2022-08-02 16:20:00,0.149867,0.26809,0.270569,0.279897,0.276705,0.187101,0.14885,0.164765,0.206555,0.250279
2022-08-02 16:25:00,0.137593,0.252517,0.254503,0.263936,0.260468,0.182273,0.133734,0.151162,0.191051,0.232597
2022-08-02 16:30:00,0.123265,0.237865,0.238451,0.248037,0.244224,0.175987,0.120216,0.141271,0.177857,0.214978
2022-08-02 16:35:00,0.112828,0.223218,0.222188,0.231569,0.226781,0.171911,0.10857,0.131603,0.166039,0.197957
2022-08-02 16:40:00,0.109003,0.208427,0.205952,0.214671,0.208945,0.168225,0.10291,0.121013,0.153326,0.181415
2022-08-02 16:45:00,0.108804,0.193321,0.189689,0.197912,0.191996,0.162903,0.100223,0.109852,0.137747,0.16493
2022-08-02 16:50:00,0.107191,0.177698,0.173668,0.181572,0.176859,0.153728,0.09234,0.098772,0.120261,0.148521
2022-08-02 16:55:00,0.102127,0.162111,0.157599,0.165652,0.162998,0.142036,0.080605,0.08814,0.103683,0.132941
2022-08-02 17:00:00,0.095093,0.148047,0.142263,0.150316,0.149172,0.131252,0.067161,0.078649,0.089415,0.118594
2022-08-02 17:05:00,0.08484,0.135829,0.127706,0.135808,0.134956,0.12216,0.060878,0.072758,0.076629,0.104872
2022-08-02 17:10:00,0.07206,0.124962,0.113822,0.122145,0.121134,0.112511,0.06335,0.072316,0.064073,0.091228
2022-08-02 17:15:00,0.058303,0.115262,0.100857,0.109326,0.108427,0.101145,0.070021,0.07397,0.051896,0.077778
2022-08-02 17:20:00,0.049553,0.106578,0.089082,0.097168,0.096584,0.088328,0.072915,0.073687,0.041445,0.065529
2022-08-02 17:25:00,0.04817,0.098046,0.078469,0.085086,0.084766,0.07552,0.069566,0.070802,0.034025,0.055634
2022-08-02 17:30:00,0.050972,0.089651,0.069022,0.073229,0.073068,0.06308,0.062999,0.066938,0.029647,0.048264
2022-08-02 17:35:00,0.052945,0.081906,0.060928,0.062526,0.062546,0.051735,0.056421,0.06245,0.028366,0.043581
2022-08-02 17:40:00,0.051891,0.074617,0.054375,0.053933,0.054229,0.042562,0.051207,0.056357,0.028995,0.042735
2022-08-02 17:45:00,0.048439,0.067522,0.049325,0.047622,0.048246,0.035991,0.046924,0.049422,0.029681,0.045384
2022-08-02 17:50:00,0.043572,0.060134,0.045062,0.043302,0.044211,0.033203,0.043618,0.043169,0.030283,0.047315
2022-08-02 17:55:00,0.037262,0.052424,0.041809,0.040943,0.042202,0.031946,0.041634,0.038371,0.030666,0.045281
2022-08-02 18:00:00,0.030285,0.045286,0.038267,0.040301,0.041257,0.031521,0.04024,0.034613,0.030519,0.040712
2022-08-02 18:05:00,0.033124,0.034558,0.035081,0.038876,0.03962,0.031082,0.042789,0.026945,0.025769,0.033713
2022-08-02 18:10:00,0.029443,0.0316,0.033063,0.036395,0.037062,0.030417,0.04005,0.023962,0.021956,0.030418
2022-08-02 18:15:00,0.025563,0.030673,0.031864,0.03321,0.033839,0.029431,0.036128,0.021738,0.017682,0.027974
2022-08-02 18:20:00,0.015398,0.029738,0.030746,0.030109,0.030679,0.02815,0.030972,0.018382,0.010964,0.019021
2022-08-02 18:25:00,0.012276,0.028087,0.029248,0.027595,0.028084,0.02393,0.026473,0.014614,0.007902,0.015634
2022-08-02 18:30:00,0.005495,0.025952,0.027233,0.025383,0.02579,0.019226,0.021952,0.009847,0.004056,0.007342
2022-08-02 18:35:00,0.0,0.023279,0.024527,0.023086,0.023192,0.014312,0.016838,0.005426,0.000202,0.0
2022-08-02 18:40:00,0.0,0.019985,0.021105,0.020411,0.020163,0.009881,0.012082,0.002273,0.0,0.0
2022-08-02 18:45:00,0.0,0.016162,0.017105,0.017228,0.016849,0.00603,0.007488,0.000171,0.0,0.0
2022-08-02 18:50:00,0.0,0.012046,0.012965,0.013443,0.013238,0.002681,0.003681,0.0,0.0,0.0
2022-08-02 18:55:00,0.0,0.008024,0.008924,0.009365,0.009502,0.000416,0.001081,0.0,0.0,0.0
2022-08-02 19:00:00,0.0,0.00421,0.005101,0.005278,0.005849,0.0,0.0,0.0,0.0,0.0
2022-08-02 19:05:00,0.0,0.000867,0.001699,0.001955,0.002322,0.0,0.0,0.0,0.0,0.0
2022-08-02 19:10:00,0.0,0.0,0.0,0.0,0.0,0.0,0.0,0.0,0.0,0.0
2022-08-02 19:15:00,0.0,0.0,0.0,0.0,0.0,0.0,0.0,0.0,0.0,0.0
2022-08-02 19:20:00,0.0,0.0,0.0,0.0,0.0,0.0,0.0,0.0,0.0,0.0
2022-08-02 19:25:00,0.0,0.0,0.0,0.0,0.0,0.0,0.0,0.0,0.0,0.0
2022-08-02 19:30:00,0.0,0.0,0.0,0.0,0.0,0.0,0.0,0.0,0.0,0.0
2022-08-02 19:35:00,0.0,0.0,0.0,0.0,0.0,0.0,0.0,0.0,0.0,0.0
2022-08-02 19:40:00,0.0,0.0,0.0,0.0,0.0,0.0,0.0,0.0,0.0,0.0
2022-08-02 19:45:00,0.0,0.0,0.0,0.0,0.0,0.0,0.0,0.0,0.0,0.0
2022-08-02 19:50:00,0.0,0.0,0.0,0.0,0.0,0.0,0.0,0.0,0.0,0.0
2022-08-02 19:55:00,0.0,0.0,0.0,0.0,0.0,0.0,0.0,0.0,0.0,0.0
2022-08-02 20:00:00,0.0,0.0,0.0,0.0,0.0,0.0,0.0,0.0,0.0,0.0
2022-08-02 20:05:00,0.0,0.0,0.0,0.0,0.0,0.0,0.0,0.0,0.0,0.0
2022-08-02 20:10:00,0.0,0.0,0.0,0.0,0.0,0.0,0.0,0.0,0.0,0.0
2022-08-02 20:15:00,0.0,0.0,0.0,0.0,0.0,0.0,0.0,0.0,0.0,0.0
2022-08-02 20:20:00,0.0,0.0,0.0,0.0,0.0,0.0,0.0,0.0,0.0,0.0
2022-08-02 20:25:00,0.0,0.0,0.0,0.0,0.0,0.0,0.0,0.0,0.0,0.0
2022-08-02 20:30:00,0.0,0.0,0.0,0.0,0.0,0.0,0.0,0.0,0.0,0.0
2022-08-02 20:35:00,0.0,0.0,0.0,0.0,0.0,0.0,0.0,0.0,0.0,0.0
2022-08-02 20:40:00,0.0,0.0,0.0,0.0,0.0,0.0,0.0,0.0,0.0,0.0
2022-08-02 20:45:00,0.0,0.0,0.0,0.0,0.0,0.0,0.0,0.0,0.0,0.0
2022-08-02 20:50:00,0.0,0.0,0.0,0.0,0.0,0.0,0.0,0.0,0.0,0.0
2022-08-02 20:55:00,0.0,0.0,0.0,0.0,0.0,0.0,0.0,0.0,0.0,0.0
2022-08-02 21:00:00,0.0,0.0,0.0,0.0,0.0,0.0,0.0,0.0,0.0,0.0
2022-08-02 21:05:00,0.0,0.0,0.0,0.0,0.0,0.0,0.0,0.0,0.0,0.0
2022-08-02 21:10:00,0.0,0.0,0.0,0.0,0.0,0.0,0.0,0.0,0.0,0.0
2022-08-02 21:15:00,0.0,0.0,0.0,0.0,0.0,0.0,0.0,0.0,0.0,0.0
2022-08-02 21:20:00,0.0,0.0,0.0,0.0,0.0,0.0,0.0,0.0,0.0,0.0
2022-08-02 21:25:00,0.0,0.0,0.0,0.0,0.0,0.0,0.0,0.0,0.0,0.0
2022-08-02 21:30:00,0.0,0.0,0.0,0.0,0.0,0.0,0.0,0.0,0.0,0.0
2022-08-02 21:35:00,0.0,0.0,0.0,0.0,0.0,0.0,0.0,0.0,0.0,0.0
2022-08-02 21:40:00,0.0,0.0,0.0,0.0,0.0,0.0,0.0,0.0,0.0,0.0
2022-08-02 21:45:00,0.0,0.0,0.0,0.0,0.0,0.0,0.0,0.0,0.0,0.0
2022-08-02 21:50:00,0.0,0.0,0.0,0.0,0.0,0.0,0.0,0.0,0.0,0.0
2022-08-02 21:55:00,0.0,0.0,0.0,0.0,0.0,0.0,0.0,0.0,0.0,0.0
2022-08-02 22:00:00,0.0,0.0,0.0,0.0,0.0,0.0,0.0,0.0,0.0,0.0
2022-08-02 22:05:00,0.0,0.0,0.0,0.0,0.0,0.0,0.0,0.0,0.0,0.0
2022-08-02 22:10:00,0.0,0.0,0.0,0.0,0.0,0.0,0.0,0.0,0.0,0.0
2022-08-02 22:15:00,0.0,0.0,0.0,0.0,0.0,0.0,0.0,0.0,0.0,0.0
2022-08-02 22:20:00,0.0,0.0,0.0,0.0,0.0,0.0,0.0,0.0,0.0,0.0
2022-08-02 22:25:00,0.0,0.0,0.0,0.0,0.0,0.0,0.0,0.0,0.0,0.0
2022-08-02 22:30:00,0.0,0.0,0.0,0.0,0.0,0.0,0.0,0.0,0.0,0.0
2022-08-02 22:35:00,0.0,0.0,0.0,0.0,0.0,0.0,0.0,0.0,0.0,0.0
2022-08-02 22:40:00,0.0,0.0,0.0,0.0,0.0,0.0,0.0,0.0,0.0,0.0
2022-08-02 22:45:00,0.0,0.0,0.0,0.0,0.0,0.0,0.0,0.0,0.0,0.0
2022-08-02 22:50:00,0.0,0.0,0.0,0.0,0.0,0.0,0.0,0.0,0.0,0.0
2022-08-02 22:55:00,0.0,0.0,0.0,0.0,0.0,0.0,0.0,0.0,0.0,0.0
2022-08-02 23:00:00,0.0,0.0,0.0,0.0,0.0,0.0,0.0,0.0,0.0,0.0
2022-08-02 23:05:00,0.0,0.0,0.0,0.0,0.0,0.0,0.0,0.0,0.0,0.0
2022-08-02 23:10:00,0.0,0.0,0.0,0.0,0.0,0.0,0.0,0.0,0.0,0.0
2022-08-02 23:15:00,0.0,0.0,0.0,0.0,0.0,0.0,0.0,0.0,0.0,0.0
2022-08-02 23:20:00,0.0,0.0,0.0,0.0,0.0,0.0,0.0,0.0,0.0,0.0
2022-08-02 23:25:00,0.0,0.0,0.0,0.0,0.0,0.0,0.0,0.0,0.0,0.0
2022-08-02 23:30:00,0.0,0.0,0.0,0.0,0.0,0.0,0.0,0.0,0.0,0.0
2022-08-02 23:35:00,0.0,0.0,0.0,0.0,0.0,0.0,0.0,0.0,0.0,0.0
2022-08-02 23:40:00,0.0,0.0,0.0,0.0,0.0,0.0,0.0,0.0,0.0,0.0
2022-08-02 23:45:00,0.0,0.0,0.0,0.0,0.0,0.0,0.0,0.0,0.0,0.0
2022-08-02 23:50:00,0.0,0.0,0.0,0.0,0.0,0.0,0.0,0.0,0.0,0.0
2022-08-02 23:55:00,0.0,0.0,0.0,0.0,0.0,0.0,0.0,0.0,0.0,0.0
2022-08-03 00:00:00,0.0,0.0,0.0,0.0,0.0,0.0,0.0,0.0,0.0,0.0
2022-08-03 00:05:00,0.0,0.0,0.0,0.0,0.0,0.0,0.0,0.0,0.0,0.0
2022-08-03 00:10:00,0.0,0.0,0.0,0.0,0.0,0.0,0.0,0.0,0.0,0.0
2022-08-03 00:15:00,0.0,0.0,0.0,0.0,0.0,0.0,0.0,0.0,0.0,0.0
2022-08-03 00:20:00,0.0,0.0,0.0,0.0,0.0,0.0,0.0,0.0,0.0,0.0
2022-08-03 00:25:00,0.0,0.0,0.0,0.0,0.0,0.0,0.0,0.0,0.0,0.0
2022-08-03 00:30:00,0.0,0.0,0.0,0.0,0.0,0.0,0.0,0.0,0.0,0.0
2022-08-03 00:35:00,0.0,0.0,0.0,0.0,0.0,0.0,0.0,0.0,0.0,0.0
2022-08-03 00:40:00,0.0,0.0,0.0,0.0,0.0,0.0,0.0,0.0,0.0,0.0
2022-08-03 00:45:00,0.0,0.0,0.0,0.0,0.0,0.0,0.0,0.0,0.0,0.0
2022-08-03 00:50:00,0.0,0.0,0.0,0.0,0.0,0.0,0.0,0.0,0.0,0.0
2022-08-03 00:55:00,0.0,0.0,0.0,0.0,0.0,0.0,0.0,0.0,0.0,0.0
2022-08-03 01:00:00,0.0,0.0,0.0,0.0,0.0,0.0,0.0,0.0,0.0,0.0
2022-08-03 01:05:00,0.0,0.0,0.0,0.0,0.0,0.0,0.0,0.0,0.0,0.0
2022-08-03 01:10:00,0.0,0.0,0.0,0.0,0.0,0.0,0.0,0.0,0.0,0.0
2022-08-03 01:15:00,0.0,0.0,0.0,0.0,0.0,0.0,0.0,0.0,0.0,0.0
2022-08-03 01:20:00,0.0,0.0,0.0,0.0,0.0,0.0,0.0,0.0,0.0,0.0
2022-08-03 01:25:00,0.0,0.0,0.0,0.0,0.0,0.0,0.0,0.0,0.0,0.0
2022-08-03 01:30:00,0.0,0.0,0.0,0.0,0.0,0.0,0.0,0.0,0.0,0.0
2022-08-03 01:35:00,0.0,0.0,0.0,0.0,0.0,0.0,0.0,0.0,0.0,0.0
2022-08-03 01:40:00,0.0,0.0,0.0,0.0,0.0,0.0,0.0,0.0,0.0,0.0
2022-08-03 01:45:00,0.0,0.0,0.0,0.0,0.0,0.0,0.0,0.0,0.0,0.0
2022-08-03 01:50:00,0.0,0.0,0.0,0.0,0.0,0.0,0.0,0.0,0.0,0.0
2022-08-03 01:55:00,0.0,0.0,0.0,0.0,0.0,0.0,0.0,0.0,0.0,0.0
2022-08-03 02:00:00,0.0,0.0,0.0,0.0,0.0,0.0,0.0,0.0,0.0,0.0
2022-08-03 02:05:00,0.0,0.0,0.0,0.0,0.0,0.0,0.0,0.0,0.0,0.0
2022-08-03 02:10:00,0.0,0.0,0.0,0.0,0.0,0.0,0.0,0.0,0.0,0.0
2022-08-03 02:15:00,0.0,0.0,0.0,0.0,0.0,0.0,0.0,0.0,0.0,0.0
2022-08-03 02:20:00,0.0,0.0,0.0,0.0,0.0,0.0,0.0,0.0,0.0,0.0
2022-08-03 02:25:00,0.0,0.0,0.0,0.0,0.0,0.0,0.0,0.0,0.0,0.0
2022-08-03 02:30:00,0.0,0.0,0.0,0.0,0.0,0.0,0.0,0.0,0.0,0.0
2022-08-03 02:35:00,0.0,0.0,0.0,0.0,0.0,0.0,0.0,0.0,0.0,0.0
2022-08-03 02:40:00,0.0,0.0,0.0,0.0,0.0,0.0,0.0,0.0,0.0,0.0
2022-08-03 02:45:00,0.0,0.0,0.0,0.0,0.0,0.0,0.0,0.0,0.0,0.0
2022-08-03 02:50:00,0.0,0.0,0.0,0.0,0.0,0.0,0.0,0.0,0.0,0.0
2022-08-03 02:55:00,0.0,0.0,0.0,0.0,0.0,0.0,0.0,0.0,0.0,0.0
2022-08-03 03:00:00,0.0,0.0,0.0,0.0,0.0,0.0,0.0,0.0,0.0,0.0
2022-08-03 03:05:00,0.0,0.0,0.0,0.0,0.0,0.0,0.0,0.0,0.0,0.0
2022-08-03 03:10:00,0.0,0.0,0.0,0.0,0.0,0.0,0.0,0.0,0.0,0.0
2022-08-03 03:15:00,0.0,0.0,0.0,0.0,0.0,0.0,0.0,0.0,0.0,0.0
2022-08-03 03:20:00,0.0,0.0,0.0,0.0,0.0,0.0,0.0,0.0,0.0,0.0
2022-08-03 03:25:00,0.0,0.0,0.0,0.0,0.0,0.0,0.0,0.0,0.0,0.0
2022-08-03 03:30:00,0.0,0.0,0.0,0.0,0.0,0.0,0.0,0.0,0.0,0.0
2022-08-03 03:35:00,0.0,0.0,0.0,0.0,0.0,0.0,0.0,0.0,0.0,0.0
2022-08-03 03:40:00,0.0,0.0,0.0,0.0,0.0,0.0,0.0,0.0,0.0,0.0
2022-08-03 03:45:00,0.000129,0.0,0.0,0.0,0.0,0.0,0.0,0.0,0.0,0.0
2022-08-03 03:50:00,0.002835,0.0,0.0,0.0,0.0,0.0,0.0,0.0,0.0,0.0
2022-08-03 03:55:00,0.006646,0.0,0.0,0.0,0.0,0.0,0.00115,0.001535,0.0,0.0
2022-08-03 04:00:00,0.011092,0.0,0.0,0.0,0.0,0.0,0.004381,0.005535,0.001488,0.0
2022-08-03 04:05:00,0.015106,0.0,0.000128,0.0,0.0,0.00046,0.007812,0.009816,0.004837,0.0
2022-08-03 04:10:00,0.018281,0.0,0.001903,0.0,0.000175,0.002845,0.011646,0.014017,0.008591,0.001433
2022-08-03 04:15:00,0.021139,0.00028,0.003821,0.000203,0.002,0.005414,0.015616,0.017962,0.012653,0.003871
2022-08-03 04:20:00,0.024998,0.002022,0.006368,0.002249,0.004658,0.008365,0.018679,0.021454,0.016643,0.006679
2022-08-03 04:25:00,0.030233,0.005045,0.009921,0.005613,0.008463,0.011757,0.020957,0.024314,0.020303,0.009749
2022-08-03 04:30:00,0.036165,0.009,0.014074,0.00976,0.012975,0.015449,0.02301,0.026645,0.023714,0.012798
2022-08-03 04:35:00,0.039459,0.0137,0.017662,0.014408,0.017397,0.01855,0.025828,0.028502,0.026633,0.015516
2022-08-03 04:40:00,0.039246,0.018779,0.020458,0.019157,0.021464,0.02032,0.029856,0.029833,0.028852,0.017776
2022-08-03 04:45:00,0.036885,0.024031,0.022583,0.023929,0.025249,0.021346,0.034378,0.030956,0.03058,0.01994
2022-08-03 04:50:00,0.035708,0.02809,0.025826,0.027629,0.028719,0.022906,0.038239,0.032658,0.031544,0.022609
2022-08-03 04:55:00,0.037411,0.030064,0.031419,0.030016,0.032104,0.025791,0.040693,0.035497,0.031397,0.025994
2022-08-03 05:00:00,0.040817,0.030547,0.038816,0.031371,0.035039,0.029301,0.042101,0.038905,0.030605,0.029513
2022-08-03 05:05:00,0.045778,0.030699,0.04418,0.031708,0.037941,0.032088,0.043217,0.041815,0.029786,0.032188
2022-08-03 05:10:00,0.051803,0.030962,0.045204,0.032111,0.040349,0.033462,0.044329,0.0449,0.02939,0.033497
2022-08-03 05:15:00,0.058518,0.031537,0.043213,0.032816,0.04271,0.034006,0.045276,0.049438,0.031502,0.034009
2022-08-03 05:20:00,0.066391,0.032857,0.043139,0.034262,0.046616,0.035005,0.048746,0.05554,0.037366,0.034974
2022-08-03 05:25:00,0.075494,0.035433,0.046905,0.037163,0.052755,0.038836,0.053873,0.063296,0.046437,0.039682
2022-08-03 05:30:00,0.085893,0.0394,0.054976,0.041187,0.06098,0.046275,0.06056,0.072734,0.057649,0.047455
2022-08-03 05:35:00,0.097662,0.045816,0.063893,0.047289,0.06818,0.054921,0.068698,0.084238,0.069674,0.056238
2022-08-03 05:40:00,0.110599,0.052603,0.071071,0.053696,0.072363,0.063817,0.078764,0.097774,0.081986,0.065192
2022-08-03 05:45:00,0.124607,0.06031,0.077966,0.060805,0.075737,0.073523,0.090146,0.112424,0.095172,0.074961
2022-08-03 05:50:00,0.139812,0.069953,0.084791,0.071964,0.081002,0.084856,0.102541,0.127199,0.109877,0.086588
2022-08-03 05:55:00,0.155784,0.081825,0.092529,0.086258,0.088804,0.097922,0.115653,0.141814,0.125945,0.100142
2022-08-03 06:00:00,0.171795,0.095006,0.10175,0.101288,0.098754,0.111899,0.129473,0.15674,0.142601,0.114786
2022-08-03 06:05:00,0.187715,0.108489,0.113343,0.112871,0.11026,0.126127,0.144329,0.172331,0.159351,0.12973
2022-08-03 06:10:00,0.203998,0.122038,0.126916,0.121508,0.123072,0.140411,0.160172,0.188536,0.176231,0.144801
2022-08-03 06:15:00,0.220853,0.136026,0.14165,0.13182,0.136946,0.155095,0.17677,0.205298,0.19374,0.160561
2022-08-03 06:20:00,0.237919,0.150789,0.157374,0.146239,0.151505,0.170576,0.19374,0.222614,0.211883,0.1772
2022-08-03 06:25:00,0.254979,0.166141,0.173562,0.162891,0.166866,0.186751,0.210389,0.239744,0.229987,0.194167
2022-08-03 06:30:00,0.272126,0.182013,0.189586,0.179446,0.182793,0.203471,0.22653,0.256074,0.247606,0.211022
2022-08-03 06:35:00,0.289504,0.198583,0.205671,0.195869,0.199312,0.22094,0.242734,0.272552,0.26509,0.227992
2022-08-03 06:40:00,0.307176,0.215767,0.222271,0.2128,0.216389,0.238922,0.259511,0.289403,0.282583,0.245196
2022-08-03 06:45:00,0.325037,0.233396,0.23938,0.230301,0.233918,0.257129,0.27673,0.306977,0.300076,0.262806
2022-08-03 06:50:00,0.342319,0.25125,0.256856,0.248033,0.251563,0.275186,0.294142,0.324809,0.317748,0.280572
2022-08-03 06:55:00,0.358113,0.268505,0.274299,0.265092,0.268537,0.292378,0.311462,0.342317,0.335852,0.297842
2022-08-03 07:00:00,0.372588,0.284878,0.291653,0.281255,0.28458,0.308683,0.328691,0.359497,0.354425,0.314446
2022-08-03 07:05:00,0.387167,0.300762,0.308904,0.297193,0.300661,0.325198,0.34599,0.376523,0.37299,0.331179
2022-08-03 07:10:00,0.402676,0.316776,0.325456,0.314138,0.317646,0.342532,0.363471,0.392641,0.390762,0.348572
2022-08-03 07:15:00,0.418689,0.332479,0.341157,0.331787,0.335331,0.360765,0.380933,0.407687,0.407615,0.366617
2022-08-03 07:20:00,0.434805,0.348243,0.35674,0.349605,0.353157,0.378705,0.389872,0.422558,0.424041,0.384361
2022-08-03 07:25:00,0.450572,0.364413,0.372791,0.366885,0.370476,0.394842,0.389329,0.437929,0.440609,0.400699
2022-08-03 07:30:00,0.465843,0.380843,0.389159,0.38369,0.387334,0.409375,0.381454,0.453601,0.457383,0.415767
2022-08-03 07:35:00,0.480968,0.397741,0.405976,0.400811,0.404482,0.424116,0.378746,0.469569,0.473844,0.430914
2022-08-03 07:40:00,0.496059,0.414804,0.423079,0.418288,0.421901,0.439974,0.388929,0.485579,0.489243,0.44707
2022-08-03 07:45:00,0.51097,0.431706,0.440185,0.435694,0.439163,0.456509,0.407868,0.501303,0.503703,0.464015
2022-08-03 07:50:00,0.525591,0.448352,0.456874,0.45214,0.455613,0.473094,0.421349,0.516422,0.518103,0.480782
2022-08-03 07:55:00,0.539476,0.464339,0.472692,0.466477,0.470393,0.488929,0.428139,0.530713,0.53285,0.49679
2022-08-03 08:00:00,0.552608,0.479638,0.487754,0.478943,0.483676,0.503851,0.431383,0.544322,0.547817,0.512239
2022-08-03 08:05:00,0.565758,0.494774,0.503025,0.491855,0.497114,0.518525,0.446473,0.557905,0.563129,0.527914
2022-08-03 08:10:00,0.579206,0.510074,0.518257,0.505886,0.511108,0.532176,0.47954,0.571851,0.578399,0.543676
2022-08-03 08:15:00,0.592536,0.525442,0.532904,0.52082,0.525682,0.544525,0.521642,0.585936,0.59318,0.558993
2022-08-03 08:20:00,0.605299,0.540417,0.547899,0.535578,0.540266,0.556599,0.557363,0.599455,0.607572,0.573198
2022-08-03 08:25:00,0.616718,0.554521,0.561784,0.549563,0.554265,0.568974,0.579154,0.611705,0.621152,0.5853
2022-08-03 08:30:00,0.627057,0.56782,0.574824,0.56296,0.567698,0.581395,0.592331,0.622898,0.633849,0.595728
2022-08-03 08:35:00,0.63738,0.58118,0.587486,0.576394,0.581153,0.594198,0.603885,0.634306,0.646125,0.606355
2022-08-03 08:40:00,0.648029,0.594731,0.600531,0.589901,0.59468,0.607143,0.615818,0.646048,0.658769,0.618184
2022-08-03 08:45:00,0.658494,0.60803,0.613427,0.603179,0.607944,0.619794,0.627622,0.657642,0.671233,0.630824
2022-08-03 08:50:00,0.66839,0.620754,0.625896,0.616061,0.620558,0.631983,0.638542,0.668514,0.683104,0.643273
2022-08-03 08:55:00,0.677505,0.632145,0.637667,0.628239,0.631872,0.643039,0.648195,0.677951,0.693842,0.654693
2022-08-03 09:00:00,0.686141,0.642447,0.64885,0.639775,0.642161,0.65301,0.657175,0.686292,0.70377,0.665177
2022-08-03 09:05:00,0.695194,0.652761,0.659788,0.651023,0.652678,0.663055,0.66706,0.694576,0.71382,0.675606
2022-08-03 09:10:00,0.705137,0.663307,0.670467,0.662075,0.663364,0.67332,0.678387,0.703053,0.723967,0.685972
2022-08-03 09:15:00,0.7154,0.673714,0.680884,0.672862,0.673821,0.683471,0.690212,0.711336,0.733801,0.69605
2022-08-03 09:20:00,0.724499,0.683533,0.690641,0.6829,0.683747,0.693063,0.701017,0.719005,0.742803,0.705451
2022-08-03 09:25:00,0.731179,0.692137,0.699218,0.691574,0.693077,0.701195,0.709899,0.725473,0.750228,0.713764
2022-08-03 09:30:00,0.735993,0.6997,0.706667,0.69913,0.701781,0.708165,0.717536,0.731106,0.756375,0.721042
2022-08-03 09:35:00,0.741382,0.707483,0.714169,0.70681,0.710162,0.715864,0.725247,0.737485,0.762716,0.728538
2022-08-03 09:40:00,0.748352,0.715582,0.721749,0.714782,0.718263,0.725161,0.733654,0.745237,0.76938,0.736198
2022-08-03 09:45:00,0.755828,0.723419,0.729034,0.722534,0.725978,0.734967,0.74181,0.753493,0.7758,0.743563
2022-08-03 09:50:00,0.762221,0.730516,0.735908,0.729371,0.732775,0.743487,0.749541,0.761446,0.78184,0.750246
2022-08-03 09:55:00,0.766584,0.736131,0.742062,0.734784,0.738142,0.749559,0.75432,0.768611,0.787413,0.75558
2022-08-03 10:00:00,0.769647,0.74062,0.747759,0.739437,0.742751,0.753937,0.757673,0.775067,0.792603,0.75989
2022-08-03 10:05:00,0.772777,0.745889,0.753732,0.745007,0.748287,0.758732,0.761797,0.781136,0.79784,0.764851
2022-08-03 10:10:00,0.776602,0.752716,0.760597,0.751985,0.755213,0.764888,0.767229,0.786797,0.803635,0.771114
2022-08-03 10:15:00,0.780785,0.760304,0.767782,0.75945,0.762496,0.7715,0.772873,0.791981,0.809813,0.777982
2022-08-03 10:20:00,0.784521,0.76724,0.774738,0.76649,0.769515,0.776829,0.777907,0.796323,0.815238,0.784314
2022-08-03 10:25:00,0.786764,0.772496,0.779862,0.772015,0.774709,0.779612,0.782225,0.799131,0.818729,0.789053
2022-08-03 10:30:00,0.787858,0.776536,0.783668,0.776117,0.77859,0.7808,0.786287,0.800737,0.820734,0.792457
2022-08-03 10:35:00,0.789594,0.780828,0.787594,0.780277,0.782668,0.782724,0.790598,0.802528,0.82308,0.796032
2022-08-03 10:40:00,0.792801,0.785254,0.791754,0.784915,0.787264,0.785772,0.79557,0.804719,0.82582,0.800001
2022-08-03 10:45:00,0.796662,0.789285,0.795616,0.789497,0.791804,0.789123,0.800824,0.806751,0.828228,0.803799
2022-08-03 10:50:00,0.800079,0.792597,0.798847,0.793213,0.795472,0.792293,0.804706,0.808137,0.830181,0.806848
2022-08-03 10:55:00,0.802441,0.794653,0.80134,0.795918,0.798125,0.794771,0.805796,0.808589,0.831383,0.809027
2022-08-03 11:00:00,0.804172,0.79565,0.803467,0.798183,0.800293,0.796653,0.805218,0.808368,0.831963,0.810757
2022-08-03 11:05:00,0.80548,0.796713,0.805599,0.800454,0.802779,0.798611,0.805519,0.808158,0.832686,0.812495
2022-08-03 11:10:00,0.806243,0.797886,0.808418,0.803405,0.805945,0.80091,0.807256,0.808527,0.834038,0.814576
2022-08-03 11:15:00,0.80642,0.798872,0.811687,0.806685,0.809334,0.80327,0.809269,0.809216,0.835763,0.816811
2022-08-03 11:20:00,0.80582,0.799881,0.80277,0.808643,0.812203,0.805353,0.810594,0.809925,0.837528,0.81853
2022-08-03 11:25:00,0.803973,0.80118,0.779309,0.80798,0.813652,0.806732,0.811,0.810218,0.83897,0.818557
2022-08-03 11:30:00,0.801114,0.802512,0.746441,0.805703,0.81375,0.807454,0.810739,0.809857,0.839941,0.817109
2022-08-03 11:35:00,0.79838,0.803479,0.715367,0.8045,0.813837,0.807527,0.810195,0.809174,0.839723,0.81586
2022-08-03 11:40:00,0.795822,0.803883,0.701335,0.80423,0.814039,0.807036,0.809523,0.807839,0.838601,0.815165
2022-08-03 11:45:00,0.793115,0.803877,0.699334,0.804481,0.813943,0.806255,0.80876,0.805639,0.836542,0.814567
2022-08-03 11:50:00,0.790338,0.80379,0.699924,0.804983,0.81331,0.805195,0.807592,0.802974,0.834223,0.813537
2022-08-03 11:55:00,0.787808,0.803225,0.70476,0.805532,0.81191,0.803599,0.805745,0.800555,0.832039,0.812397
2022-08-03 12:00:00,0.785301,0.801341,0.712062,0.805697,0.809706,0.801344,0.803172,0.798268,0.829704,0.811055
2022-08-03 12:05:00,0.782416,0.800339,0.726126,0.805064,0.807062,0.798678,0.800034,0.795248,0.826449,0.809015
2022-08-03 12:10:00,0.778975,0.798062,0.748073,0.802779,0.803943,0.795337,0.79608,0.790781,0.821812,0.805656
2022-08-03 12:15:00,0.774904,0.794884,0.773403,0.799124,0.8002,0.791279,0.791557,0.78555,0.816516,0.801437
2022-08-03 12:20:00,0.770618,0.791581,0.792277,0.795425,0.797178,0.787217,0.787118,0.780716,0.811486,0.797582
2022-08-03 12:25:00,0.765482,0.788495,0.799043,0.792499,0.794062,0.782889,0.782939,0.776844,0.806791,0.79483
2022-08-03 12:30:00,0.759752,0.785186,0.797272,0.789774,0.790447,0.778749,0.778821,0.773445,0.802005,0.792231
2022-08-03 12:35:00,0.753716,0.781734,0.79364,0.786708,0.787065,0.774405,0.774411,0.76942,0.796958,0.788974
2022-08-03 12:40:00,0.747404,0.77801,0.787834,0.783082,0.783157,0.76968,0.769725,0.76422,0.791087,0.784676
2022-08-03 12:45:00,0.740812,0.773846,0.781158,0.778937,0.779051,0.764637,0.76471,0.758202,0.784395,0.779457
2022-08-03 12:50:00,0.734155,0.769024,0.774936,0.773939,0.774698,0.759738,0.758705,0.751983,0.777521,0.773923
2022-08-03 12:55:00,0.727933,0.763338,0.769377,0.767451,0.770072,0.755091,0.751629,0.746083,0.771056,0.768674
2022-08-03 13:00:00,0.721792,0.756936,0.763809,0.759852,0.765026,0.750346,0.744134,0.740251,0.764546,0.763397
2022-08-03 13:05:00,0.714721,0.750064,0.757795,0.752461,0.759681,0.744826,0.723083,0.73357,0.756972,0.757294
2022-08-03 13:10:00,0.706059,0.742894,0.751333,0.745341,0.753503,0.737926,0.692598,0.725293,0.748013,0.749892
2022-08-03 13:15:00,0.696439,0.735449,0.74391,0.738127,0.746475,0.730085,0.65883,0.716036,0.738302,0.741559
2022-08-03 13:20:00,0.686968,0.728269,0.736493,0.731085,0.739463,0.72193,0.641704,0.706556,0.72844,0.732914
2022-08-03 13:25:00,0.678029,0.721464,0.729605,0.724345,0.73283,0.713716,0.650083,0.697442,0.718805,0.724554
2022-08-03 13:30:00,0.669225,0.714569,0.722595,0.717495,0.7259,0.705542,0.668781,0.688391,0.709493,0.716356
2022-08-03 13:35:00,0.660034,0.707455,0.714447,0.710256,0.718041,0.697353,0.681175,0.678444,0.700748,0.70728
2022-08-03 13:40:00,0.650639,0.700173,0.704889,0.702722,0.708681,0.689242,0.681059,0.666976,0.693018,0.69662
2022-08-03 13:45:00,0.641038,0.692592,0.694494,0.694911,0.698363,0.680983,0.674301,0.654674,0.685491,0.685061
2022-08-03 13:50:00,0.630738,0.684479,0.684082,0.686762,0.688079,0.672198,0.665863,0.642416,0.677048,0.674124
2022-08-03 13:55:00,0.61932,0.675819,0.674025,0.678055,0.678436,0.662549,0.657163,0.630511,0.666417,0.664864
2022-08-03 14:00:00,0.607332,0.666834,0.664137,0.668848,0.669152,0.652359,0.647913,0.618746,0.654749,0.65662
2022-08-03 14:05:00,0.595457,0.657241,0.654525,0.659393,0.659498,0.641862,0.63675,0.606955,0.642489,0.647556
2022-08-03 14:10:00,0.583767,0.647182,0.644476,0.649577,0.649411,0.631021,0.623348,0.595053,0.629896,0.637475
2022-08-03 14:15:00,0.571805,0.636801,0.633757,0.639277,0.639003,0.619813,0.609241,0.583048,0.617031,0.626252
2022-08-03 14:20:00,0.559258,0.626116,0.614309,0.628642,0.628292,0.608203,0.595899,0.571265,0.603693,0.614153
2022-08-03 14:25:00,0.546037,0.614911,0.584667,0.617494,0.617059,0.596062,0.583839,0.560233,0.589702,0.601259
2022-08-03 14:30:00,0.532288,0.60309,0.5502,0.605744,0.605197,0.583604,0.57233,0.549312,0.575206,0.587994
2022-08-03 14:35:00,0.518096,0.590879,0.516091,0.593512,0.592981,0.571556,0.560186,0.537785,0.560311,0.575262
2022-08-03 14:40:00,0.503588,0.578301,0.491298,0.581075,0.580549,0.56037,0.547177,0.524448,0.545141,0.56357
2022-08-03 14:45:00,0.488893,0.565403,0.472786,0.568497,0.567813,0.549532,0.533721,0.50946,0.53006,0.552104
2022-08-03 14:50:00,0.474073,0.55198,0.456417,0.555471,0.554485,0.537397,0.519922,0.495482,0.515442,0.53946
2022-08-03 14:55:00,0.458984,0.53817,0.443149,0.541897,0.540541,0.523824,0.505736,0.480238,0.50182,0.525095
2022-08-03 15:00:00,0.443769,0.523933,0.432564,0.527567,0.526375,0.509054,0.491177,0.464826,0.488741,0.509731
2022-08-03 15:05:00,0.428335,0.510167,0.431168,0.513353,0.512698,0.493652,0.476387,0.443557,0.474623,0.494563
2022-08-03 15:10:00,0.412632,0.497362,0.440508,0.498439,0.49999,0.478071,0.461506,0.417466,0.458706,0.480331
2022-08-03 15:15:00,0.396671,0.484785,0.453224,0.483309,0.487519,0.462443,0.446688,0.389379,0.44182,0.466501
2022-08-03 15:20:00,0.381709,0.471342,0.45811,0.467936,0.474367,0.446597,0.432331,0.370197,0.425166,0.451844
2022-08-03 15:25:00,0.367353,0.456449,0.450763,0.452169,0.45928,0.430226,0.418722,0.362096,0.408981,0.435534
2022-08-03 15:30:00,0.352959,0.440511,0.436549,0.436086,0.443261,0.413734,0.405086,0.358587,0.392651,0.418293
2022-08-03 15:35:00,0.338036,0.424137,0.414544,0.419944,0.426781,0.397794,0.390439,0.352815,0.375722,0.401648
2022-08-03 15:40:00,0.321656,0.407507,0.387583,0.403855,0.409998,0.382667,0.37433,0.341274,0.358045,0.38603
2022-08-03 15:45:00,0.304561,0.390769,0.359089,0.387989,0.39301,0.367684,0.356598,0.325785,0.340011,0.370516
2022-08-03 15:50:00,0.287552,0.373881,0.339402,0.372295,0.375875,0.351963,0.334587,0.306906,0.322316,0.354056
2022-08-03 15:55:00,0.270574,0.357172,0.331192,0.357063,0.358604,0.335216,0.308898,0.284428,0.305353,0.336568
2022-08-03 16:00:00,0.253805,0.340666,0.327696,0.341875,0.341359,0.317994,0.28409,0.261411,0.288751,0.318572
2022-08-03 16:05:00,0.237466,0.320393,0.320549,0.326291,0.324137,0.30105,0.255354,0.239625,0.271904,0.30054
2022-08-03 16:10:00,0.221553,0.29725,0.306846,0.309511,0.306982,0.284638,0.228321,0.22038,0.254795,0.282326
2022-08-03 16:15:00,0.20575,0.274144,0.28993,0.292715,0.290048,0.268336,0.204101,0.203522,0.237492,0.264267
2022-08-03 16:20:00,0.189513,0.253236,0.272339,0.276147,0.273558,0.251728,0.188938,0.190045,0.219789,0.246435
2022-08-03 16:25:00,0.17343,0.236255,0.254811,0.260054,0.257523,0.234864,0.182613,0.179344,0.201694,0.228672
2022-08-03 16:30:00,0.157658,0.221844,0.237648,0.244105,0.241225,0.218161,0.179148,0.168818,0.18377,0.211207
2022-08-03 16:35:00,0.142542,0.209192,0.22085,0.227698,0.22211,0.201724,0.173161,0.155594,0.166542,0.194465
2022-08-03 16:40:00,0.128062,0.198224,0.2044,0.210985,0.20132,0.185438,0.164413,0.141236,0.149793,0.178252
2022-08-03 16:45:00,0.114511,0.186863,0.188049,0.19461,0.182383,0.169087,0.154341,0.128938,0.133298,0.162131
2022-08-03 16:50:00,0.101816,0.174034,0.171962,0.178773,0.168436,0.152827,0.144325,0.119541,0.117344,0.146153
2022-08-03 16:55:00,0.090096,0.159963,0.155786,0.163356,0.157661,0.137195,0.134643,0.109897,0.102528,0.130987
2022-08-03 17:00:00,0.079437,0.14526,0.140366,0.148567,0.146442,0.122487,0.125342,0.097649,0.089045,0.116957
2022-08-03 17:05:00,0.069323,0.130161,0.125838,0.134457,0.1339,0.108391,0.116251,0.083794,0.076394,0.103671
2022-08-03 17:10:00,0.059134,0.115514,0.112072,0.121045,0.121823,0.094392,0.107343,0.070833,0.06394,0.090445
2022-08-03 17:15:00,0.049376,0.102133,0.099292,0.108478,0.112187,0.080528,0.098904,0.05972,0.051985,0.077354
2022-08-03 17:20:00,0.041301,0.090058,0.088441,0.09662,0.104336,0.067655,0.089584,0.050626,0.041875,0.065419
2022-08-03 17:25:00,0.036125,0.079172,0.081013,0.084864,0.096197,0.056755,0.077944,0.044234,0.034829,0.055709
2022-08-03 17:30:00,0.034472,0.069533,0.077491,0.073315,0.087432,0.047957,0.064808,0.040379,0.030596,0.048123
2022-08-03 17:35:00,0.034198,0.061155,0.074448,0.062851,0.07759,0.041048,0.052987,0.038735,0.02875,0.041651
2022-08-03 17:40:00,0.033686,0.054173,0.067813,0.054468,0.067015,0.036108,0.044021,0.036312,0.027167,0.035588
2022-08-03 17:45:00,0.032938,0.048637,0.058025,0.048238,0.056375,0.033243,0.039042,0.033105,0.024689,0.031336
2022-08-03 17:50:00,0.031963,0.043901,0.048367,0.043088,0.04645,0.033196,0.037665,0.030287,0.022487,0.029053
2022-08-03 17:55:00,0.030902,0.039984,0.042389,0.038557,0.03982,0.033179,0.038554,0.028588,0.021216,0.028
2022-08-03 18:00:00,0.029578,0.036598,0.038123,0.035136,0.035636,0.032767,0.040447,0.02749,0.020557,0.027679
2022-08-03 18:05:00,0.027567,0.033701,0.035038,0.032275,0.032633,0.031531,0.04088,0.026159,0.019802,0.026861
2022-08-03 18:10:00,0.024871,0.032065,0.033357,0.030838,0.031148,0.029169,0.038486,0.024253,0.018535,0.024665
2022-08-03 18:15:00,0.02166,0.03114,0.032382,0.030215,0.030529,0.02599,0.034332,0.021909,0.016801,0.021402
2022-08-03 18:20:00,0.017482,0.03015,0.031186,0.029297,0.029771,0.022848,0.029318,0.018965,0.014587,0.018086
2022-08-03 18:25:00,0.012431,0.028718,0.029332,0.027666,0.028446,0.020301,0.024848,0.0153,0.011756,0.01538
2022-08-03 18:30:00,0.007106,0.026748,0.026876,0.025556,0.02654,0.01809,0.020682,0.010967,0.00839,0.013147
2022-08-03 18:35:00,0.002583,0.02381,0.023503,0.022907,0.023707,0.015262,0.015846,0.006611,0.004712,0.010663
2022-08-03 18:40:00,0.0,0.019871,0.019473,0.019579,0.020019,0.011654,0.011385,0.002905,0.00106,0.007391
2022-08-03 18:45:00,0.0,0.015221,0.015045,0.015566,0.015742,0.007721,0.00718,0.0,0.0,0.003613
2022-08-03 18:50:00,0.0,0.010717,0.010472,0.011169,0.011478,0.00406,0.003609,0.0,0.0,0.000376
2022-08-03 18:55:00,0.0,0.00685,0.006301,0.007068,0.00768,0.00145,0.00112,0.0,0.0,0.0
2022-08-03 19:00:00,0.0,0.003461,0.002689,0.003486,0.004302,0.0,0.0,0.0,0.0,0.0
2022-08-03 19:05:00,0.0,0.000551,0.0,0.000524,0.001348,0.0,0.0,0.0,0.0,0.0
2022-08-03 19:10:00,0.0,0.0,0.0,0.0,0.0,0.0,0.0,0.0,0.0,0.0
2022-08-03 19:15:00,0.0,0.0,0.0,0.0,0.0,0.0,0.0,0.0,0.0,0.0
2022-08-03 19:20:00,0.0,0.0,0.0,0.0,0.0,0.0,0.0,0.0,0.0,0.0
2022-08-03 19:25:00,0.0,0.0,0.0,0.0,0.0,0.0,0.0,0.0,0.0,0.0
2022-08-03 19:30:00,0.0,0.0,0.0,0.0,0.0,0.0,0.0,0.0,0.0,0.0
2022-08-03 19:35:00,0.0,0.0,0.0,0.0,0.0,0.0,0.0,0.0,0.0,0.0
2022-08-03 19:40:00,0.0,0.0,0.0,0.0,0.0,0.0,0.0,0.0,0.0,0.0
2022-08-03 19:45:00,0.0,0.0,0.0,0.0,0.0,0.0,0.0,0.0,0.0,0.0
2022-08-03 19:50:00,0.0,0.0,0.0,0.0,0.0,0.0,0.0,0.0,0.0,0.0
2022-08-03 19:55:00,0.0,0.0,0.0,0.0,0.0,0.0,0.0,0.0,0.0,0.0
2022-08-03 20:00:00,0.0,0.0,0.0,0.0,0.0,0.0,0.0,0.0,0.0,0.0
2022-08-03 20:05:00,0.0,0.0,0.0,0.0,0.0,0.0,0.0,0.0,0.0,0.0
2022-08-03 20:10:00,0.0,0.0,0.0,0.0,0.0,0.0,0.0,0.0,0.0,0.0
2022-08-03 20:15:00,0.0,0.0,0.0,0.0,0.0,0.0,0.0,0.0,0.0,0.0
2022-08-03 20:20:00,0.0,0.0,0.0,0.0,0.0,0.0,0.0,0.0,0.0,0.0
2022-08-03 20:25:00,0.0,0.0,0.0,0.0,0.0,0.0,0.0,0.0,0.0,0.0
2022-08-03 20:30:00,0.0,0.0,0.0,0.0,0.0,0.0,0.0,0.0,0.0,0.0
2022-08-03 20:35:00,0.0,0.0,0.0,0.0,0.0,0.0,0.0,0.0,0.0,0.0
2022-08-03 20:40:00,0.0,0.0,0.0,0.0,0.0,0.0,0.0,0.0,0.0,0.0
2022-08-03 20:45:00,0.0,0.0,0.0,0.0,0.0,0.0,0.0,0.0,0.0,0.0
2022-08-03 20:50:00,0.0,0.0,0.0,0.0,0.0,0.0,0.0,0.0,0.0,0.0
2022-08-03 20:55:00,0.0,0.0,0.0,0.0,0.0,0.0,0.0,0.0,0.0,0.0
2022-08-03 21:00:00,0.0,0.0,0.0,0.0,0.0,0.0,0.0,0.0,0.0,0.0
2022-08-03 21:05:00,0.0,0.0,0.0,0.0,0.0,0.0,0.0,0.0,0.0,0.0
2022-08-03 21:10:00,0.0,0.0,0.0,0.0,0.0,0.0,0.0,0.0,0.0,0.0
2022-08-03 21:15:00,0.0,0.0,0.0,0.0,0.0,0.0,0.0,0.0,0.0,0.0
2022-08-03 21:20:00,0.0,0.0,0.0,0.0,0.0,0.0,0.0,0.0,0.0,0.0
2022-08-03 21:25:00,0.0,0.0,0.0,0.0,0.0,0.0,0.0,0.0,0.0,0.0
2022-08-03 21:30:00,0.0,0.0,0.0,0.0,0.0,0.0,0.0,0.0,0.0,0.0
2022-08-03 21:35:00,0.0,0.0,0.0,0.0,0.0,0.0,0.0,0.0,0.0,0.0
2022-08-03 21:40:00,0.0,0.0,0.0,0.0,0.0,0.0,0.0,0.0,0.0,0.0
2022-08-03 21:45:00,0.0,0.0,0.0,0.0,0.0,0.0,0.0,0.0,0.0,0.0
2022-08-03 21:50:00,0.0,0.0,0.0,0.0,0.0,0.0,0.0,0.0,0.0,0.0
2022-08-03 21:55:00,0.0,0.0,0.0,0.0,0.0,0.0,0.0,0.0,0.0,0.0
2022-08-03 22:00:00,0.0,0.0,0.0,0.0,0.0,0.0,0.0,0.0,0.0,0.0
2022-08-03 22:05:00,0.0,0.0,0.0,0.0,0.0,0.0,0.0,0.0,0.0,0.0
2022-08-03 22:10:00,0.0,0.0,0.0,0.0,0.0,0.0,0.0,0.0,0.0,0.0
2022-08-03 22:15:00,0.0,0.0,0.0,0.0,0.0,0.0,0.0,0.0,0.0,0.0
2022-08-03 22:20:00,0.0,0.0,0.0,0.0,0.0,0.0,0.0,0.0,0.0,0.0
2022-08-03 22:25:00,0.0,0.0,0.0,0.0,0.0,0.0,0.0,0.0,0.0,0.0
2022-08-03 22:30:00,0.0,0.0,0.0,0.0,0.0,0.0,0.0,0.0,0.0,0.0
2022-08-03 22:35:00,0.0,0.0,0.0,0.0,0.0,0.0,0.0,0.0,0.0,0.0
2022-08-03 22:40:00,0.0,0.0,0.0,0.0,0.0,0.0,0.0,0.0,0.0,0.0
2022-08-03 22:45:00,0.0,0.0,0.0,0.0,0.0,0.0,0.0,0.0,0.0,0.0
2022-08-03 22:50:00,0.0,0.0,0.0,0.0,0.0,0.0,0.0,0.0,0.0,0.0
2022-08-03 22:55:00,0.0,0.0,0.0,0.0,0.0,0.0,0.0,0.0,0.0,0.0
2022-08-03 23:00:00,0.0,0.0,0.0,0.0,0.0,0.0,0.0,0.0,0.0,0.0
2022-08-03 23:05:00,0.0,0.0,0.0,0.0,0.0,0.0,0.0,0.0,0.0,0.0
2022-08-03 23:10:00,0.0,0.0,0.0,0.0,0.0,0.0,0.0,0.0,0.0,0.0
2022-08-03 23:15:00,0.0,0.0,0.0,0.0,0.0,0.0,0.0,0.0,0.0,0.0
2022-08-03 23:20:00,0.0,0.0,0.0,0.0,0.0,0.0,0.0,0.0,0.0,0.0
2022-08-03 23:25:00,0.0,0.0,0.0,0.0,0.0,0.0,0.0,0.0,0.0,0.0
2022-08-03 23:30:00,0.0,0.0,0.0,0.0,0.0,0.0,0.0,0.0,0.0,0.0
2022-08-03 23:35:00,0.0,0.0,0.0,0.0,0.0,0.0,0.0,0.0,0.0,0.0
2022-08-03 23:40:00,0.0,0.0,0.0,0.0,0.0,0.0,0.0,0.0,0.0,0.0
2022-08-03 23:45:00,0.0,0.0,0.0,0.0,0.0,0.0,0.0,0.0,0.0,0.0
2022-08-03 23:50:00,0.0,0.0,0.0,0.0,0.0,0.0,0.0,0.0,0.0,0.0
2022-08-03 23:55:00,0.0,0.0,0.0,0.0,0.0,0.0,0.0,0.0,0.0,0.0
2022-08-04 00:00:00,0.0,0.0,0.0,0.0,0.0,0.0,0.0,0.0,0.0,0.0
2022-08-04 00:05:00,0.0,0.0,0.0,0.0,0.0,0.0,0.0,0.0,0.0,0.0
2022-08-04 00:10:00,0.0,0.0,0.0,0.0,0.0,0.0,0.0,0.0,0.0,0.0
2022-08-04 00:15:00,0.0,0.0,0.0,0.0,0.0,0.0,0.0,0.0,0.0,0.0
2022-08-04 00:20:00,0.0,0.0,0.0,0.0,0.0,0.0,0.0,0.0,0.0,0.0
2022-08-04 00:25:00,0.0,0.0,0.0,0.0,0.0,0.0,0.0,0.0,0.0,0.0
2022-08-04 00:30:00,0.0,0.0,0.0,0.0,0.0,0.0,0.0,0.0,0.0,0.0
2022-08-04 00:35:00,0.0,0.0,0.0,0.0,0.0,0.0,0.0,0.0,0.0,0.0
2022-08-04 00:40:00,0.0,0.0,0.0,0.0,0.0,0.0,0.0,0.0,0.0,0.0
2022-08-04 00:45:00,0.0,0.0,0.0,0.0,0.0,0.0,0.0,0.0,0.0,0.0
2022-08-04 00:50:00,0.0,0.0,0.0,0.0,0.0,0.0,0.0,0.0,0.0,0.0
2022-08-04 00:55:00,0.0,0.0,0.0,0.0,0.0,0.0,0.0,0.0,0.0,0.0
2022-08-04 01:00:00,0.0,0.0,0.0,0.0,0.0,0.0,0.0,0.0,0.0,0.0
2022-08-04 01:05:00,0.0,0.0,0.0,0.0,0.0,0.0,0.0,0.0,0.0,0.0
2022-08-04 01:10:00,0.0,0.0,0.0,0.0,0.0,0.0,0.0,0.0,0.0,0.0
2022-08-04 01:15:00,0.0,0.0,0.0,0.0,0.0,0.0,0.0,0.0,0.0,0.0
2022-08-04 01:20:00,0.0,0.0,0.0,0.0,0.0,0.0,0.0,0.0,0.0,0.0
2022-08-04 01:25:00,0.0,0.0,0.0,0.0,0.0,0.0,0.0,0.0,0.0,0.0
2022-08-04 01:30:00,0.0,0.0,0.0,0.0,0.0,0.0,0.0,0.0,0.0,0.0
2022-08-04 01:35:00,0.0,0.0,0.0,0.0,0.0,0.0,0.0,0.0,0.0,0.0
2022-08-04 01:40:00,0.0,0.0,0.0,0.0,0.0,0.0,0.0,0.0,0.0,0.0
2022-08-04 01:45:00,0.0,0.0,0.0,0.0,0.0,0.0,0.0,0.0,0.0,0.0
2022-08-04 01:50:00,0.0,0.0,0.0,0.0,0.0,0.0,0.0,0.0,0.0,0.0
2022-08-04 01:55:00,0.0,0.0,0.0,0.0,0.0,0.0,0.0,0.0,0.0,0.0
2022-08-04 02:00:00,0.0,0.0,0.0,0.0,0.0,0.0,0.0,0.0,0.0,0.0
2022-08-04 02:05:00,0.0,0.0,0.0,0.0,0.0,0.0,0.0,0.0,0.0,0.0
2022-08-04 02:10:00,0.0,0.0,0.0,0.0,0.0,0.0,0.0,0.0,0.0,0.0
2022-08-04 02:15:00,0.0,0.0,0.0,0.0,0.0,0.0,0.0,0.0,0.0,0.0
2022-08-04 02:20:00,0.0,0.0,0.0,0.0,0.0,0.0,0.0,0.0,0.0,0.0
2022-08-04 02:25:00,0.0,0.0,0.0,0.0,0.0,0.0,0.0,0.0,0.0,0.0
2022-08-04 02:30:00,0.0,0.0,0.0,0.0,0.0,0.0,0.0,0.0,0.0,0.0
2022-08-04 02:35:00,0.0,0.0,0.0,0.0,0.0,0.0,0.0,0.0,0.0,0.0
2022-08-04 02:40:00,0.0,0.0,0.0,0.0,0.0,0.0,0.0,0.0,0.0,0.0
2022-08-04 02:45:00,0.0,0.0,0.0,0.0,0.0,0.0,0.0,0.0,0.0,0.0
2022-08-04 02:50:00,0.0,0.0,0.0,0.0,0.0,0.0,0.0,0.0,0.0,0.0
2022-08-04 02:55:00,0.0,0.0,0.0,0.0,0.0,0.0,0.0,0.0,0.0,0.0
2022-08-04 03:00:00,0.0,0.0,0.0,0.0,0.0,0.0,0.0,0.0,0.0,0.0
2022-08-04 03:05:00,0.0,0.0,0.0,0.0,0.0,0.0,0.0,0.0,0.0,0.0
2022-08-04 03:10:00,0.0,0.0,0.0,0.0,0.0,0.0,0.0,0.0,0.0,0.0
2022-08-04 03:15:00,0.0,0.0,0.0,0.0,0.0,0.0,0.0,0.0,0.0,0.0
2022-08-04 03:20:00,0.0,0.0,0.0,0.0,0.0,0.0,0.0,0.0,0.0,0.0
2022-08-04 03:25:00,0.0,0.0,0.0,0.0,0.0,0.0,0.0,0.0,0.0,0.0
2022-08-04 03:30:00,0.0,0.0,0.0,0.0,0.0,0.0,0.0,0.0,0.0,0.0
2022-08-04 03:35:00,0.0,0.0,0.0,0.0,0.0,0.0,0.0,0.0,0.0,0.0
2022-08-04 03:40:00,0.000134,0.0,0.0,0.0,0.0,0.0,0.0,0.0,0.0,0.0
2022-08-04 03:45:00,0.002126,0.0,0.0,0.0,0.0,0.0,0.0,0.0,0.0,0.0
2022-08-04 03:50:00,0.004993,0.0,0.0,0.0,0.0,0.0,0.0,0.0,0.0,0.0
2022-08-04 03:55:00,0.008658,0.0,0.0,0.0,0.0,0.0,0.000864,0.001118,0.0,0.0
2022-08-04 04:00:00,0.012651,0.0,0.0,0.0,0.0,0.0,0.004419,0.004425,0.001134,0.0
2022-08-04 04:05:00,0.016234,0.0,0.0,0.0,0.0,0.0,0.007886,0.007601,0.003797,0.0
2022-08-04 04:10:00,0.019999,0.0,0.00027,0.0,0.0,0.000473,0.011159,0.01027,0.00641,0.001038
2022-08-04 04:15:00,0.023501,0.001119,0.001738,0.0,0.0,0.002816,0.01417,0.012672,0.008955,0.002905
2022-08-04 04:20:00,0.02653,0.003687,0.003876,0.0,0.001634,0.005719,0.016926,0.015528,0.011449,0.005222
2022-08-04 04:25:00,0.028811,0.007427,0.007239,0.000476,0.00458,0.008998,0.019666,0.019444,0.013981,0.008347
2022-08-04 04:30:00,0.030648,0.011784,0.011412,0.003682,0.008001,0.012658,0.022626,0.023975,0.016581,0.011997
2022-08-04 04:35:00,0.032191,0.01573,0.01544,0.008269,0.011556,0.016255,0.026578,0.028007,0.018946,0.015523
2022-08-04 04:40:00,0.033324,0.018909,0.019013,0.014013,0.015296,0.019639,0.031716,0.030818,0.020797,0.018582
2022-08-04 04:45:00,0.034112,0.021839,0.022173,0.020336,0.019393,0.022777,0.037575,0.032689,0.022375,0.021369
2022-08-04 04:50:00,0.034681,0.024673,0.025729,0.025804,0.023985,0.026505,0.0412,0.03388,0.024294,0.024315
2022-08-04 04:55:00,0.0351,0.027743,0.030338,0.029663,0.028917,0.03098,0.043041,0.034359,0.026919,0.02764
2022-08-04 05:00:00,0.035412,0.030639,0.035729,0.032217,0.033591,0.036054,0.043844,0.034608,0.029717,0.030936
2022-08-04 05:05:00,0.037414,0.034703,0.039677,0.035454,0.037504,0.041638,0.046605,0.035709,0.031826,0.033502
2022-08-04 05:10:00,0.042059,0.040057,0.041543,0.039939,0.040246,0.047789,0.052267,0.040047,0.032772,0.034869
2022-08-04 05:15:00,0.048858,0.046556,0.041797,0.0455,0.042511,0.054318,0.059593,0.047775,0.034909,0.035583
2022-08-04 05:20:00,0.058118,0.05051,0.041482,0.051656,0.043611,0.059435,0.067507,0.056416,0.040403,0.036808
2022-08-04 05:25:00,0.069843,0.050998,0.041262,0.058155,0.044925,0.063022,0.07358,0.065051,0.048995,0.041477
2022-08-04 05:30:00,0.082918,0.049366,0.043338,0.064416,0.047282,0.066904,0.077407,0.074352,0.059673,0.048994
2022-08-04 05:35:00,0.096243,0.053776,0.049987,0.068353,0.054555,0.073383,0.079765,0.08529,0.07086,0.057447
2022-08-04 05:40:00,0.109479,0.064265,0.061367,0.068637,0.066255,0.08322,0.081763,0.098036,0.082628,0.066096
2022-08-04 05:45:00,0.123111,0.078117,0.075117,0.068917,0.079811,0.09409,0.084316,0.111727,0.095242,0.075538
2022-08-04 05:50:00,0.137609,0.090829,0.087144,0.073004,0.090507,0.099747,0.087364,0.125563,0.109525,0.086891
2022-08-04 05:55:00,0.152778,0.099506,0.097076,0.081189,0.097929,0.102851,0.092692,0.139413,0.125137,0.100088
2022-08-04 06:00:00,0.168409,0.105066,0.106675,0.091674,0.104883,0.108923,0.099564,0.153602,0.14118,0.11412
2022-08-04 06:05:00,0.184705,0.109418,0.118187,0.103424,0.112817,0.121659,0.109041,0.168615,0.157363,0.12843
2022-08-04 06:10:00,0.20165,0.113421,0.130943,0.11627,0.121964,0.137806,0.121669,0.183973,0.173895,0.142972
2022-08-04 06:15:00,0.219087,0.117982,0.143597,0.130235,0.133502,0.15339,0.135466,0.199209,0.191145,0.158154
2022-08-04 06:20:00,0.236471,0.124685,0.155249,0.145235,0.147971,0.1678,0.149593,0.214818,0.209,0.174234
2022-08-04 06:25:00,0.253088,0.135725,0.167495,0.16081,0.163868,0.181175,0.16056,0.231392,0.22673,0.190698
2022-08-04 06:30:00,0.26887,0.150015,0.182779,0.176389,0.17962,0.19387,0.169834,0.249231,0.244013,0.207124
2022-08-04 06:35:00,0.284683,0.164954,0.200917,0.191881,0.195395,0.206962,0.183628,0.26775,0.261237,0.223735
2022-08-04 06:40:00,0.30132,0.178507,0.219572,0.207912,0.21167,0.223424,0.202615,0.285138,0.278436,0.240688
2022-08-04 06:45:00,0.318666,0.191055,0.237645,0.2245,0.228373,0.244766,0.22641,0.300979,0.295604,0.258155
2022-08-04 06:50:00,0.3361,0.202795,0.255226,0.239898,0.244713,0.267976,0.249453,0.316607,0.312772,0.276135
2022-08-04 06:55:00,0.353251,0.212834,0.271927,0.25171,0.259292,0.28835,0.268104,0.332776,0.33004,0.29418
2022-08-04 07:00:00,0.370096,0.220931,0.287603,0.259606,0.271411,0.305398,0.283099,0.349234,0.347566,0.312146
2022-08-04 07:05:00,0.386514,0.230913,0.302916,0.268936,0.279998,0.321525,0.295737,0.364994,0.365319,0.330411
2022-08-04 07:10:00,0.401823,0.24478,0.318249,0.285115,0.284819,0.338822,0.305355,0.379494,0.382472,0.349017
2022-08-04 07:15:00,0.416058,0.261977,0.333481,0.308278,0.286865,0.356802,0.313168,0.392772,0.398806,0.367642
2022-08-04 07:20:00,0.430132,0.279079,0.34866,0.33276,0.288368,0.374431,0.325938,0.407039,0.414992,0.385428
2022-08-04 07:25:00,0.444578,0.293344,0.364414,0.353612,0.29582,0.390374,0.346782,0.42418,0.431285,0.401415
2022-08-04 07:30:00,0.459177,0.304822,0.380142,0.371205,0.308285,0.405174,0.37245,0.443245,0.447619,0.415992
2022-08-04 07:35:00,0.474009,0.322398,0.395598,0.388007,0.328656,0.420218,0.39449,0.458146,0.463694,0.430781
2022-08-04 07:40:00,0.489,0.34785,0.409265,0.40481,0.35827,0.436127,0.408742,0.465272,0.478804,0.446522
2022-08-04 07:45:00,0.50379,0.379198,0.421657,0.42139,0.394479,0.452563,0.418884,0.466518,0.492983,0.46274
2022-08-04 07:50:00,0.518207,0.411782,0.43496,0.436954,0.42802,0.469063,0.434201,0.461153,0.506963,0.478448
2022-08-04 07:55:00,0.531796,0.437574,0.451168,0.450538,0.451146,0.484982,0.458833,0.453708,0.521243,0.492524
2022-08-04 08:00:00,0.544588,0.457666,0.469459,0.462613,0.466262,0.500148,0.488467,0.444854,0.535828,0.505227
2022-08-04 08:05:00,0.557651,0.476737,0.487822,0.468725,0.479207,0.514746,0.500862,0.45066,0.550677,0.518247
2022-08-04 08:10:00,0.570925,0.493083,0.504315,0.468151,0.492776,0.527737,0.492187,0.48005,0.565591,0.532441
2022-08-04 08:15:00,0.583869,0.507793,0.519067,0.461851,0.506798,0.539132,0.469299,0.525226,0.580323,0.547113
2022-08-04 08:20:00,0.59636,0.521946,0.533036,0.46418,0.518366,0.550687,0.467121,0.566358,0.594651,0.560828
2022-08-04 08:25:00,0.607672,0.535773,0.546264,0.483267,0.526281,0.562894,0.496434,0.591624,0.607984,0.572439
2022-08-04 08:30:00,0.617848,0.549199,0.55867,0.513427,0.530055,0.575171,0.541305,0.605677,0.62036,0.582571
2022-08-04 08:35:00,0.628014,0.562266,0.570978,0.527615,0.535513,0.5878,0.573092,0.607578,0.632591,0.593188
2022-08-04 08:40:00,0.638627,0.574933,0.583413,0.511893,0.541738,0.600575,0.578026,0.598183,0.644458,0.60506
2022-08-04 08:45:00,0.649165,0.586319,0.595803,0.472309,0.547711,0.61305,0.568527,0.580662,0.655499,0.617601
2022-08-04 08:50:00,0.658892,0.590888,0.60785,0.42279,0.548375,0.625113,0.568221,0.559363,0.666277,0.629922
2022-08-04 08:55:00,0.667164,0.583414,0.619369,0.381901,0.538905,0.636289,0.589235,0.545668,0.676509,0.641212
2022-08-04 09:00:00,0.674487,0.567489,0.630441,0.352141,0.521277,0.646621,0.62127,0.53772,0.686114,0.65155
2022-08-04 09:05:00,0.682425,0.551106,0.641162,0.353416,0.522598,0.656857,0.649844,0.536577,0.69584,0.661978
2022-08-04 09:10:00,0.691927,0.542762,0.651346,0.401284,0.549674,0.667203,0.668872,0.545816,0.705673,0.672457
2022-08-04 09:15:00,0.702133,0.542064,0.661062,0.478054,0.588489,0.677497,0.681326,0.562931,0.715198,0.682556
2022-08-04 09:20:00,0.711289,0.554394,0.670121,0.551497,0.608168,0.687183,0.691681,0.589879,0.724176,0.691966
2022-08-04 09:25:00,0.717896,0.586158,0.678041,0.604129,0.576645,0.695424,0.698947,0.626848,0.732604,0.699907
2022-08-04 09:30:00,0.722826,0.626304,0.684857,0.639225,0.509745,0.702581,0.704696,0.668508,0.740643,0.706691
2022-08-04 09:35:00,0.728241,0.664589,0.691752,0.634039,0.463073,0.710533,0.711145,0.703352,0.747899,0.714418
2022-08-04 09:40:00,0.735106,0.685641,0.69897,0.577501,0.46964,0.7199,0.719066,0.724571,0.754545,0.723828
2022-08-04 09:45:00,0.742578,0.694663,0.70628,0.48556,0.51581,0.729618,0.727272,0.735931,0.760912,0.733778
2022-08-04 09:50:00,0.749836,0.701366,0.713792,0.39811,0.571502,0.738152,0.70333,0.743953,0.766724,0.742521
2022-08-04 09:55:00,0.756237,0.703284,0.721026,0.36322,0.624716,0.744272,0.650583,0.750908,0.771187,0.748715
2022-08-04 10:00:00,0.761821,0.697297,0.72778,0.365126,0.669206,0.748639,0.577162,0.757038,0.774573,0.753017
2022-08-04 10:05:00,0.766939,0.646234,0.734505,0.356763,0.670043,0.753391,0.522003,0.753549,0.778649,0.757812
2022-08-04 10:10:00,0.771713,0.526831,0.741864,0.325641,0.606139,0.759494,0.506959,0.7395,0.78406,0.763988
2022-08-04 10:15:00,0.775878,0.363215,0.748798,0.280856,0.497347,0.766157,0.520272,0.71814,0.790075,0.77065
2022-08-04 10:20:00,0.771738,0.226679,0.75425,0.267949,0.392476,0.77228,0.563582,0.70869,0.795422,0.776122
2022-08-04 10:25:00,0.757844,0.179011,0.757103,0.309371,0.343072,0.776893,0.628391,0.721369,0.799141,0.778958
2022-08-04 10:30:00,0.737979,0.202097,0.758058,0.386654,0.334716,0.780322,0.698345,0.747655,0.801637,0.780072
2022-08-04 10:35:00,0.713937,0.2793,0.730791,0.479561,0.340437,0.783917,0.749362,0.753942,0.804247,0.781883
2022-08-04 10:40:00,0.694761,0.415654,0.671293,0.57068,0.351022,0.787764,0.772875,0.730054,0.806974,0.784817
2022-08-04 10:45:00,0.678586,0.574099,0.58654,0.652792,0.365652,0.791369,0.781057,0.684045,0.809375,0.787473
2022-08-04 10:50:00,0.681254,0.674969,0.531897,0.692422,0.403239,0.794413,0.773202,0.640645,0.811716,0.790925
2022-08-04 10:55:00,0.70604,0.683919,0.543515,0.674372,0.46789,0.796574,0.753545,0.622099,0.814069,0.793134
2022-08-04 11:00:00,0.743152,0.627989,0.596251,0.614537,0.542884,0.798023,0.727925,0.623032,0.816352,0.794289
2022-08-04 11:05:00,0.760707,0.548979,0.643446,0.538785,0.583039,0.799561,0.718886,0.642844,0.818523,0.796519
2022-08-04 11:10:00,0.748169,0.472643,0.655576,0.466981,0.561788,0.801951,0.733193,0.680575,0.820454,0.798553
2022-08-04 11:15:00,0.715144,0.402636,0.64591,0.400181,0.498754,0.804664,0.758583,0.724084,0.822009,0.799913
2022-08-04 11:20:00,0.682594,0.3429,0.651205,0.361776,0.428513,0.806555,0.777772,0.752598,0.822603,0.802648
2022-08-04 11:25:00,0.666285,0.304125,0.682076,0.35696,0.371565,0.806751,0.784571,0.751114,0.821617,0.802999
2022-08-04 11:30:00,0.66011,0.280624,0.726075,0.372323,0.326283,0.805665,0.780484,0.730406,0.819497,0.801086
2022-08-04 11:35:00,0.650924,0.25928,0.741916,0.375619,0.297553,0.804706,0.752459,0.703729,0.817437,0.800972
2022-08-04 11:40:00,0.630988,0.240727,0.713277,0.346473,0.287579,0.804162,0.696111,0.677029,0.815519,0.800284
2022-08-04 11:45:00,0.605197,0.225006,0.652765,0.298795,0.288893,0.803636,0.622876,0.65182,0.813404,0.799283
2022-08-04 11:50:00,0.594698,0.226479,0.573488,0.288773,0.290583,0.802762,0.601254,0.635064,0.811302,0.782247
2022-08-04 11:55:00,0.608225,0.251551,0.4945,0.337423,0.284739,0.801767,0.638572,0.631033,0.809328,0.747362
2022-08-04 12:00:00,0.636343,0.289292,0.419903,0.41833,0.274944,0.800665,0.69985,0.636584,0.807228,0.700733
2022-08-04 12:05:00,0.669293,0.318512,0.37377,0.472285,0.253706,0.798635,0.731641,0.644724,0.804744,0.661411
2022-08-04 12:10:00,0.699309,0.324214,0.371713,0.46155,0.223883,0.79501,0.715939,0.654995,0.801835,0.647516
2022-08-04 12:15:00,0.724317,0.313726,0.395553,0.41098,0.191187,0.790186,0.674318,0.664929,0.798549,0.650129
2022-08-04 12:20:00,0.73076,0.295927,0.394729,0.386299,0.184018,0.777239,0.658681,0.681873,0.794608,0.659182
2022-08-04 12:25:00,0.710589,0.272804,0.347623,0.412497,0.220046,0.754579,0.67497,0.703102,0.789779,0.667369
2022-08-04 12:30:00,0.672995,0.249698,0.271434,0.467614,0.280304,0.726026,0.705442,0.725213,0.784171,0.674088
2022-08-04 12:35:00,0.636331,0.249297,0.213813,0.492568,0.330147,0.704557,0.713889,0.741452,0.778106,0.665698
2022-08-04 12:40:00,0.61237,0.283253,0.199999,0.456664,0.348366,0.69842,0.691719,0.745055,0.771739,0.638517
2022-08-04 12:45:00,0.597618,0.335867,0.217066,0.38276,0.348228,0.701623,0.652052,0.739359,0.765112,0.599807
2022-08-04 12:50:00,0.588503,0.399061,0.23246,0.341539,0.369411,0.710367,0.579812,0.734678,0.75837,0.577214
2022-08-04 12:55:00,0.583595,0.452984,0.238396,0.359654,0.424547,0.719189,0.493605,0.728745,0.751418,0.584857
2022-08-04 13:00:00,0.581308,0.497582,0.236975,0.413098,0.49573,0.726281,0.405647,0.721443,0.743965,0.610756
2022-08-04 13:05:00,0.592072,0.526892,0.249734,0.434406,0.528731,0.718104,0.340943,0.703129,0.73672,0.629575
2022-08-04 13:10:00,0.613443,0.530454,0.280227,0.393071,0.500375,0.688046,0.329076,0.667831,0.729809,0.633049
2022-08-04 13:15:00,0.63897,0.516824,0.321158,0.312282,0.431336,0.643531,0.344704,0.622872,0.722741,0.62567
2022-08-04 13:20:00,0.642917,0.492262,0.349554,0.236958,0.373259,0.605219,0.362272,0.586207,0.715021,0.628429
2022-08-04 13:25:00,0.618692,0.457281,0.353808,0.195161,0.348019,0.584384,0.372977,0.571943,0.70635,0.642905
2022-08-04 13:30:00,0.576757,0.416331,0.342343,0.176305,0.345177,0.575751,0.380011,0.573226,0.696982,0.662255
2022-08-04 13:35:00,0.552021,0.379506,0.31392,0.166536,0.354095,0.561301,0.384961,0.569295,0.687408,0.677993
2022-08-04 13:40:00,0.558775,0.352816,0.274065,0.160255,0.364045,0.537169,0.389661,0.559727,0.677725,0.679556
2022-08-04 13:45:00,0.583132,0.333049,0.230417,0.155494,0.372423,0.505167,0.396212,0.547221,0.667795,0.672867
2022-08-04 13:50:00,0.600846,0.343986,0.200911,0.149292,0.364789,0.46706,0.429167,0.543461,0.657458,0.664205
2022-08-04 13:55:00,0.601944,0.383066,0.204774,0.139389,0.331885,0.423602,0.482731,0.554764,0.646613,0.654956
2022-08-04 14:00:00,0.592636,0.438257,0.229054,0.127492,0.283123,0.37959,0.537302,0.569009,0.635299,0.644821
2022-08-04 14:05:00,0.580883,0.492816,0.271195,0.121892,0.233268,0.358736,0.574756,0.573542,0.623389,0.635475
2022-08-04 14:10:00,0.56931,0.533049,0.320462,0.124715,0.189922,0.371118,0.579236,0.552775,0.611074,0.624693
2022-08-04 14:15:00,0.55759,0.561391,0.368729,0.132675,0.152218,0.404112,0.564881,0.518247,0.598452,0.609272
2022-08-04 14:20:00,0.545327,0.576797,0.400352,0.137202,0.12353,0.433977,0.5008,0.497177,0.585381,0.601713
2022-08-04 14:25:00,0.532275,0.576727,0.397982,0.134024,0.108323,0.453226,0.395624,0.497314,0.571718,0.589203
2022-08-04 14:30:00,0.518634,0.563735,0.37392,0.125614,0.102501,0.464241,0.271548,0.507787,0.557687,0.573662
2022-08-04 14:35:00,0.504859,0.544237,0.338992,0.119386,0.101946,0.466346,0.171246,0.515178,0.543305,0.563777
2022-08-04 14:40:00,0.490863,0.509669,0.295893,0.117592,0.104908,0.460964,0.121619,0.50999,0.528662,0.552197
2022-08-04 14:45:00,0.476522,0.465945,0.249596,0.118777,0.10961,0.451509,0.101347,0.496852,0.514085,0.539
2022-08-04 14:50:00,0.461924,0.410676,0.209608,0.120299,0.109773,0.44761,0.084891,0.483127,0.499855,0.528222
2022-08-04 14:55:00,0.447067,0.343376,0.183558,0.120412,0.103325,0.451917,0.070523,0.468087,0.486423,0.513966
2022-08-04 15:00:00,0.431873,0.27201,0.167282,0.120327,0.093865,0.45838,0.057612,0.452457,0.47343,0.498831
2022-08-04 15:05:00,0.417027,0.21784,0.154543,0.118746,0.089608,0.451104,0.045811,0.438259,0.459466,0.483931
2022-08-04 15:10:00,0.401603,0.195426,0.143968,0.117567,0.096919,0.424687,0.03825,0.424417,0.443889,0.46983
2022-08-04 15:15:00,0.385486,0.193806,0.134552,0.116236,0.111422,0.38918,0.0331,0.410639,0.427423,0.455505
2022-08-04 15:20:00,0.371024,0.191502,0.128307,0.114414,0.116826,0.365517,0.029874,0.396033,0.411045,0.441169
2022-08-04 15:25:00,0.357008,0.182772,0.124111,0.112065,0.109535,0.362437,0.028317,0.380282,0.395291,0.425119
2022-08-04 15:30:00,0.343241,0.169187,0.121957,0.109564,0.093991,0.369018,0.029182,0.364013,0.379784,0.407432
2022-08-04 15:35:00,0.3287,0.153905,0.121202,0.111557,0.086613,0.37033,0.024004,0.348032,0.363716,0.392015
2022-08-04 15:40:00,0.312863,0.138844,0.122952,0.11954,0.094245,0.361091,0.018662,0.332658,0.346732,0.376364
2022-08-04 15:45:00,0.296491,0.124167,0.126609,0.13179,0.110217,0.343946,0.017025,0.317144,0.329297,0.360492
2022-08-04 15:50:00,0.276459,0.115391,0.128402,0.141311,0.120989,0.317287,0.036423,0.301371,0.312253,0.345031
2022-08-04 15:55:00,0.254459,0.113158,0.12901,0.147963,0.116945,0.27879,0.083801,0.284587,0.295909,0.328113
2022-08-04 16:00:00,0.23285,0.115228,0.128068,0.153915,0.104986,0.237869,0.13841,0.267122,0.279769,0.31077
2022-08-04 16:05:00,0.217238,0.114693,0.124531,0.1684,0.1025,0.213053,0.168878,0.250073,0.2634,0.293556
2022-08-04 16:10:00,0.206338,0.108149,0.117359,0.193842,0.118297,0.209475,0.159988,0.233039,0.246904,0.276718
2022-08-04 16:15:00,0.19606,0.098321,0.107444,0.221278,0.1456,0.215272,0.131299,0.216379,0.230188,0.26004
2022-08-04 16:20:00,0.183653,0.096674,0.095539,0.236966,0.172445,0.214638,0.11143,0.200044,0.213051,0.24308
2022-08-04 16:25:00,0.168954,0.107116,0.081436,0.235306,0.19134,0.20454,0.106109,0.184078,0.195881,0.22575
2022-08-04 16:30:00,0.153974,0.123779,0.066738,0.223632,0.201101,0.190586,0.107863,0.168657,0.179158,0.208485
2022-08-04 16:35:00,0.139539,0.131211,0.062752,0.206773,0.201764,0.178321,0.108579,0.153723,0.162947,0.191618
2022-08-04 16:40:00,0.125823,0.121655,0.073273,0.188662,0.193052,0.167735,0.103733,0.138886,0.146961,0.175184
2022-08-04 16:45:00,0.112939,0.102413,0.092383,0.171798,0.179686,0.156623,0.097098,0.123998,0.131053,0.158982
2022-08-04 16:50:00,0.100724,0.087435,0.111686,0.158963,0.165622,0.144097,0.095736,0.109594,0.115606,0.142852
2022-08-04 16:55:00,0.088502,0.083447,0.122456,0.149687,0.152202,0.131255,0.1004,0.096537,0.101442,0.127153
2022-08-04 17:00:00,0.076199,0.086804,0.125137,0.1404,0.139521,0.119355,0.10634,0.08491,0.088757,0.112348
2022-08-04 17:05:00,0.064761,0.090979,0.12116,0.129351,0.127649,0.108274,0.107389,0.073874,0.076943,0.098638
2022-08-04 17:10:00,0.055423,0.094083,0.112128,0.117684,0.11652,0.097365,0.100425,0.062837,0.065332,0.086175
2022-08-04 17:15:00,0.048432,0.095281,0.101231,0.106907,0.106224,0.086714,0.088819,0.052264,0.054173,0.075119
2022-08-04 17:20:00,0.043277,0.093556,0.090576,0.097148,0.096779,0.076914,0.077409,0.044932,0.044645,0.065504
2022-08-04 17:25:00,0.039617,0.087667,0.081124,0.088291,0.088178,0.068587,0.068883,0.042993,0.037922,0.057363
2022-08-04 17:30:00,0.03812,0.078527,0.073172,0.080443,0.080393,0.061786,0.063226,0.04617,0.033821,0.050674
2022-08-04 17:35:00,0.037273,0.069183,0.066288,0.073506,0.073168,0.056701,0.057859,0.050081,0.031987,0.044879
2022-08-04 17:40:00,0.036298,0.062548,0.060312,0.067392,0.067027,0.053067,0.052687,0.048905,0.030411,0.03945
2022-08-04 17:45:00,0.035235,0.058942,0.055283,0.062114,0.062251,0.050635,0.048414,0.043909,0.028147,0.035732
2022-08-04 17:50:00,0.033928,0.056377,0.051265,0.057293,0.058188,0.048832,0.044732,0.038696,0.026038,0.033319
2022-08-04 17:55:00,0.032251,0.053328,0.048761,0.05267,0.054031,0.045868,0.04088,0.035227,0.024559,0.031982
2022-08-04 18:00:00,0.030272,0.049785,0.046187,0.04838,0.04979,0.042085,0.036671,0.033104,0.023392,0.031052
2022-08-04 18:05:00,0.027765,0.045997,0.043333,0.044074,0.045708,0.037911,0.032282,0.030686,0.022109,0.029601
2022-08-04 18:10:00,0.024572,0.042079,0.040215,0.040209,0.04173,0.033398,0.027765,0.027263,0.020399,0.02702
2022-08-04 18:15:00,0.020639,0.038068,0.036969,0.036735,0.037896,0.028799,0.023769,0.023118,0.018115,0.023508
2022-08-04 18:20:00,0.015367,0.033489,0.03367,0.033564,0.034178,0.023537,0.020607,0.018483,0.015012,0.019723
2022-08-04 18:25:00,0.009101,0.028638,0.029483,0.029855,0.030643,0.017495,0.018325,0.013502,0.01127,0.016028
2022-08-04 18:30:00,0.002691,0.023834,0.025008,0.026129,0.027049,0.010966,0.016428,0.008532,0.007335,0.012365
2022-08-04 18:35:00,0.0,0.018825,0.020253,0.021403,0.022813,0.004877,0.013626,0.004194,0.003316,0.008671
2022-08-04 18:40:00,0.0,0.013847,0.015629,0.01576,0.018142,0.000423,0.009793,0.000873,0.00011,0.005062
2022-08-04 18:45:00,0.0,0.009089,0.011297,0.009857,0.013239,0.0,0.005746,0.0,0.0,0.001552
2022-08-04 18:50:00,0.0,0.005033,0.007319,0.004515,0.008595,0.0,0.002982,0.0,0.0,0.0
2022-08-04 18:55:00,0.0,0.001857,0.003828,0.000494,0.004583,0.0,0.00112,0.0,0.0,0.0
2022-08-04 19:00:00,0.0,0.0,0.000795,0.0,0.001115,0.0,1.4e-05,0.0,0.0,0.0
2022-08-04 19:05:00,0.0,0.0,0.0,0.0,0.0,0.0,0.0,0.0,0.0,0.0
2022-08-04 19:10:00,0.0,0.0,0.0,0.0,0.0,0.0,0.0,0.0,0.0,0.0
2022-08-04 19:15:00,0.0,0.0,0.0,0.0,0.0,0.0,0.0,0.0,0.0,0.0
2022-08-04 19:20:00,0.0,0.0,0.0,0.0,0.0,0.0,0.0,0.0,0.0,0.0
2022-08-04 19:25:00,0.0,0.0,0.0,0.0,0.0,0.0,0.0,0.0,0.0,0.0
2022-08-04 19:30:00,0.0,0.0,0.0,0.0,0.0,0.0,0.0,0.0,0.0,0.0
2022-08-04 19:35:00,0.0,0.0,0.0,0.0,0.0,0.0,0.0,0.0,0.0,0.0
2022-08-04 19:40:00,0.0,0.0,0.0,0.0,0.0,0.0,0.0,0.0,0.0,0.0
2022-08-04 19:45:00,0.0,0.0,0.0,0.0,0.0,0.0,0.0,0.0,0.0,0.0
2022-08-04 19:50:00,0.0,0.0,0.0,0.0,0.0,0.0,0.0,0.0,0.0,0.0
2022-08-04 19:55:00,0.0,0.0,0.0,0.0,0.0,0.0,0.0,0.0,0.0,0.0
2022-08-04 20:00:00,0.0,0.0,0.0,0.0,0.0,0.0,0.0,0.0,0.0,0.0
2022-08-04 20:05:00,0.0,0.0,0.0,0.0,0.0,0.0,0.0,0.0,0.0,0.0
2022-08-04 20:10:00,0.0,0.0,0.0,0.0,0.0,0.0,0.0,0.0,0.0,0.0
2022-08-04 20:15:00,0.0,0.0,0.0,0.0,0.0,0.0,0.0,0.0,0.0,0.0
2022-08-04 20:20:00,0.0,0.0,0.0,0.0,0.0,0.0,0.0,0.0,0.0,0.0
2022-08-04 20:25:00,0.0,0.0,0.0,0.0,0.0,0.0,0.0,0.0,0.0,0.0
2022-08-04 20:30:00,0.0,0.0,0.0,0.0,0.0,0.0,0.0,0.0,0.0,0.0
2022-08-04 20:35:00,0.0,0.0,0.0,0.0,0.0,0.0,0.0,0.0,0.0,0.0
2022-08-04 20:40:00,0.0,0.0,0.0,0.0,0.0,0.0,0.0,0.0,0.0,0.0
2022-08-04 20:45:00,0.0,0.0,0.0,0.0,0.0,0.0,0.0,0.0,0.0,0.0
2022-08-04 20:50:00,0.0,0.0,0.0,0.0,0.0,0.0,0.0,0.0,0.0,0.0
2022-08-04 20:55:00,0.0,0.0,0.0,0.0,0.0,0.0,0.0,0.0,0.0,0.0
2022-08-04 21:00:00,0.0,0.0,0.0,0.0,0.0,0.0,0.0,0.0,0.0,0.0
2022-08-04 21:05:00,0.0,0.0,0.0,0.0,0.0,0.0,0.0,0.0,0.0,0.0
2022-08-04 21:10:00,0.0,0.0,0.0,0.0,0.0,0.0,0.0,0.0,0.0,0.0
2022-08-04 21:15:00,0.0,0.0,0.0,0.0,0.0,0.0,0.0,0.0,0.0,0.0
2022-08-04 21:20:00,0.0,0.0,0.0,0.0,0.0,0.0,0.0,0.0,0.0,0.0
2022-08-04 21:25:00,0.0,0.0,0.0,0.0,0.0,0.0,0.0,0.0,0.0,0.0
2022-08-04 21:30:00,0.0,0.0,0.0,0.0,0.0,0.0,0.0,0.0,0.0,0.0
2022-08-04 21:35:00,0.0,0.0,0.0,0.0,0.0,0.0,0.0,0.0,0.0,0.0
2022-08-04 21:40:00,0.0,0.0,0.0,0.0,0.0,0.0,0.0,0.0,0.0,0.0
2022-08-04 21:45:00,0.0,0.0,0.0,0.0,0.0,0.0,0.0,0.0,0.0,0.0
2022-08-04 21:50:00,0.0,0.0,0.0,0.0,0.0,0.0,0.0,0.0,0.0,0.0
2022-08-04 21:55:00,0.0,0.0,0.0,0.0,0.0,0.0,0.0,0.0,0.0,0.0
2022-08-04 22:00:00,0.0,0.0,0.0,0.0,0.0,0.0,0.0,0.0,0.0,0.0
2022-08-04 22:05:00,0.0,0.0,0.0,0.0,0.0,0.0,0.0,0.0,0.0,0.0
2022-08-04 22:10:00,0.0,0.0,0.0,0.0,0.0,0.0,0.0,0.0,0.0,0.0
2022-08-04 22:15:00,0.0,0.0,0.0,0.0,0.0,0.0,0.0,0.0,0.0,0.0
2022-08-04 22:20:00,0.0,0.0,0.0,0.0,0.0,0.0,0.0,0.0,0.0,0.0
2022-08-04 22:25:00,0.0,0.0,0.0,0.0,0.0,0.0,0.0,0.0,0.0,0.0
2022-08-04 22:30:00,0.0,0.0,0.0,0.0,0.0,0.0,0.0,0.0,0.0,0.0
2022-08-04 22:35:00,0.0,0.0,0.0,0.0,0.0,0.0,0.0,0.0,0.0,0.0
2022-08-04 22:40:00,0.0,0.0,0.0,0.0,0.0,0.0,0.0,0.0,0.0,0.0
2022-08-04 22:45:00,0.0,0.0,0.0,0.0,0.0,0.0,0.0,0.0,0.0,0.0
2022-08-04 22:50:00,0.0,0.0,0.0,0.0,0.0,0.0,0.0,0.0,0.0,0.0
2022-08-04 22:55:00,0.0,0.0,0.0,0.0,0.0,0.0,0.0,0.0,0.0,0.0
2022-08-04 23:00:00,0.0,0.0,0.0,0.0,0.0,0.0,0.0,0.0,0.0,0.0
2022-08-04 23:05:00,0.0,0.0,0.0,0.0,0.0,0.0,0.0,0.0,0.0,0.0
2022-08-04 23:10:00,0.0,0.0,0.0,0.0,0.0,0.0,0.0,0.0,0.0,0.0
2022-08-04 23:15:00,0.0,0.0,0.0,0.0,0.0,0.0,0.0,0.0,0.0,0.0
2022-08-04 23:20:00,0.0,0.0,0.0,0.0,0.0,0.0,0.0,0.0,0.0,0.0
2022-08-04 23:25:00,0.0,0.0,0.0,0.0,0.0,0.0,0.0,0.0,0.0,0.0
2022-08-04 23:30:00,0.0,0.0,0.0,0.0,0.0,0.0,0.0,0.0,0.0,0.0
2022-08-04 23:35:00,0.0,0.0,0.0,0.0,0.0,0.0,0.0,0.0,0.0,0.0
2022-08-04 23:40:00,0.0,0.0,0.0,0.0,0.0,0.0,0.0,0.0,0.0,0.0
2022-08-04 23:45:00,0.0,0.0,0.0,0.0,0.0,0.0,0.0,0.0,0.0,0.0
2022-08-04 23:50:00,0.0,0.0,0.0,0.0,0.0,0.0,0.0,0.0,0.0,0.0
2022-08-04 23:55:00,0.0,0.0,0.0,0.0,0.0,0.0,0.0,0.0,0.0,0.0
2022-08-05 00:00:00,0.0,0.0,0.0,0.0,0.0,0.0,0.0,0.0,0.0,0.0
2022-08-05 00:05:00,0.0,0.0,0.0,0.0,0.0,0.0,0.0,0.0,0.0,0.0
2022-08-05 00:10:00,0.0,0.0,0.0,0.0,0.0,0.0,0.0,0.0,0.0,0.0
2022-08-05 00:15:00,0.0,0.0,0.0,0.0,0.0,0.0,0.0,0.0,0.0,0.0
2022-08-05 00:20:00,0.0,0.0,0.0,0.0,0.0,0.0,0.0,0.0,0.0,0.0
2022-08-05 00:25:00,0.0,0.0,0.0,0.0,0.0,0.0,0.0,0.0,0.0,0.0
2022-08-05 00:30:00,0.0,0.0,0.0,0.0,0.0,0.0,0.0,0.0,0.0,0.0
2022-08-05 00:35:00,0.0,0.0,0.0,0.0,0.0,0.0,0.0,0.0,0.0,0.0
2022-08-05 00:40:00,0.0,0.0,0.0,0.0,0.0,0.0,0.0,0.0,0.0,0.0
2022-08-05 00:45:00,0.0,0.0,0.0,0.0,0.0,0.0,0.0,0.0,0.0,0.0
2022-08-05 00:50:00,0.0,0.0,0.0,0.0,0.0,0.0,0.0,0.0,0.0,0.0
2022-08-05 00:55:00,0.0,0.0,0.0,0.0,0.0,0.0,0.0,0.0,0.0,0.0
2022-08-05 01:00:00,0.0,0.0,0.0,0.0,0.0,0.0,0.0,0.0,0.0,0.0
2022-08-05 01:05:00,0.0,0.0,0.0,0.0,0.0,0.0,0.0,0.0,0.0,0.0
2022-08-05 01:10:00,0.0,0.0,0.0,0.0,0.0,0.0,0.0,0.0,0.0,0.0
2022-08-05 01:15:00,0.0,0.0,0.0,0.0,0.0,0.0,0.0,0.0,0.0,0.0
2022-08-05 01:20:00,0.0,0.0,0.0,0.0,0.0,0.0,0.0,0.0,0.0,0.0
2022-08-05 01:25:00,0.0,0.0,0.0,0.0,0.0,0.0,0.0,0.0,0.0,0.0
2022-08-05 01:30:00,0.0,0.0,0.0,0.0,0.0,0.0,0.0,0.0,0.0,0.0
2022-08-05 01:35:00,0.0,0.0,0.0,0.0,0.0,0.0,0.0,0.0,0.0,0.0
2022-08-05 01:40:00,0.0,0.0,0.0,0.0,0.0,0.0,0.0,0.0,0.0,0.0
2022-08-05 01:45:00,0.0,0.0,0.0,0.0,0.0,0.0,0.0,0.0,0.0,0.0
2022-08-05 01:50:00,0.0,0.0,0.0,0.0,0.0,0.0,0.0,0.0,0.0,0.0
2022-08-05 01:55:00,0.0,0.0,0.0,0.0,0.0,0.0,0.0,0.0,0.0,0.0
2022-08-05 02:00:00,0.0,0.0,0.0,0.0,0.0,0.0,0.0,0.0,0.0,0.0
2022-08-05 02:05:00,0.0,0.0,0.0,0.0,0.0,0.0,0.0,0.0,0.0,0.0
2022-08-05 02:10:00,0.0,0.0,0.0,0.0,0.0,0.0,0.0,0.0,0.0,0.0
2022-08-05 02:15:00,0.0,0.0,0.0,0.0,0.0,0.0,0.0,0.0,0.0,0.0
2022-08-05 02:20:00,0.0,0.0,0.0,0.0,0.0,0.0,0.0,0.0,0.0,0.0
2022-08-05 02:25:00,0.0,0.0,0.0,0.0,0.0,0.0,0.0,0.0,0.0,0.0
2022-08-05 02:30:00,0.0,0.0,0.0,0.0,0.0,0.0,0.0,0.0,0.0,0.0
2022-08-05 02:35:00,0.0,0.0,0.0,0.0,0.0,0.0,0.0,0.0,0.0,0.0
2022-08-05 02:40:00,0.0,0.0,0.0,0.0,0.0,0.0,0.0,0.0,0.0,0.0
2022-08-05 02:45:00,0.0,0.0,0.0,0.0,0.0,0.0,0.0,0.0,0.0,0.0
2022-08-05 02:50:00,0.0,0.0,0.0,0.0,0.0,0.0,0.0,0.0,0.0,0.0
2022-08-05 02:55:00,0.0,0.0,0.0,0.0,0.0,0.0,0.0,0.0,0.0,0.0
2022-08-05 03:00:00,0.0,0.0,0.0,0.0,0.0,0.0,0.0,0.0,0.0,0.0
2022-08-05 03:05:00,0.0,0.0,0.0,0.0,0.0,0.0,0.0,0.0,0.0,0.0
2022-08-05 03:10:00,0.0,0.0,0.0,0.0,0.0,0.0,0.0,0.0,0.0,0.0
2022-08-05 03:15:00,0.0,0.0,0.0,0.0,0.0,0.0,0.0,0.0,0.0,0.0
2022-08-05 03:20:00,0.0,0.0,0.0,0.0,0.0,0.0,0.0,0.0,0.0,0.0
2022-08-05 03:25:00,0.0,0.0,0.0,0.0,0.0,0.0,0.0,0.0,0.0,0.0
2022-08-05 03:30:00,0.0,0.0,0.0,0.0,0.0,0.0,0.0,0.0,0.0,0.0
2022-08-05 03:35:00,0.0,0.0,0.0,0.0,0.0,0.0,0.0,0.0,0.0,0.0
2022-08-05 03:40:00,0.0,0.0,0.0,0.0,0.0,0.0,0.0,0.0,0.0,0.0
2022-08-05 03:45:00,0.0,0.0,0.0,0.0,0.0,0.0,0.0,0.0,0.0,0.0
2022-08-05 03:50:00,0.0,0.0,0.0,0.0,0.0,0.0,0.0,0.0,0.0,0.0
2022-08-05 03:55:00,0.002284,0.0,0.0,0.0,0.0,0.0,0.0,0.0,0.0,0.0
2022-08-05 04:00:00,0.006247,0.0,0.0,0.0,0.0,0.0,0.0,0.002694,0.0,0.0
2022-08-05 04:05:00,0.010244,0.0,0.0,0.0,0.0,0.0,0.0,0.005923,0.001983,0.0
2022-08-05 04:10:00,0.013957,0.0,0.0,0.0,0.0,0.0,0.001711,0.008866,0.004885,0.0
2022-08-05 04:15:00,0.017467,0.0,0.0,0.0,0.0,0.0,0.003484,0.01187,0.008169,0.0
2022-08-05 04:20:00,0.021654,0.0,0.0,0.0,0.0,0.0,0.004564,0.015092,0.01184,0.0
2022-08-05 04:25:00,0.026688,0.0,0.0,0.0,0.0,0.0,0.004247,0.018565,0.015824,0.000316
2022-08-05 04:30:00,0.032123,0.0,0.0,0.0,0.0,0.0,0.003383,0.022116,0.019837,0.004041
2022-08-05 04:35:00,0.036393,0.0,0.0,0.0,0.000147,0.0,0.002988,0.024401,0.024205,0.007841
2022-08-05 04:40:00,0.039346,0.0,0.001243,0.0,0.00173,0.001229,0.00388,0.025687,0.028506,0.011631
2022-08-05 04:45:00,0.041307,0.0,0.003752,0.00042,0.003219,0.004948,0.00536,0.026728,0.032598,0.015552
2022-08-05 04:50:00,0.042033,0.0,0.004962,0.001637,0.003479,0.009946,0.006795,0.030314,0.036965,0.020879
2022-08-05 04:55:00,0.041474,0.001228,0.004725,0.002588,0.002974,0.016199,0.008954,0.0379,0.041592,0.027525
2022-08-05 05:00:00,0.040025,0.003051,0.003924,0.003078,0.001976,0.022888,0.011434,0.047633,0.046295,0.034444
2022-08-05 05:05:00,0.040826,0.004722,0.002634,0.00327,0.000416,0.029889,0.011496,0.056689,0.048305,0.040966
2022-08-05 05:10:00,0.044754,0.005698,0.002366,0.003078,0.0,0.035517,0.010823,0.064423,0.047451,0.046707
2022-08-05 05:15:00,0.051024,0.006207,0.002974,0.002637,0.0,0.040332,0.009588,0.071701,0.046688,0.052319
2022-08-05 05:20:00,0.059421,0.005474,0.002483,0.002223,0.0,0.041468,0.008224,0.078683,0.050855,0.057972
2022-08-05 05:25:00,0.068958,0.003583,0.00168,0.001776,0.0,0.039583,0.006512,0.085663,0.061721,0.064309
2022-08-05 05:30:00,0.078964,0.001106,0.000611,0.001401,0.0,0.035707,0.005655,0.092903,0.075762,0.071126
2022-08-05 05:35:00,0.085288,0.0,0.0,0.001392,0.0,0.038278,0.013781,0.101723,0.085791,0.078588
2022-08-05 05:40:00,0.085873,0.0,0.000391,0.001755,0.0,0.047877,0.030397,0.11023,0.093089,0.086329
2022-08-05 05:45:00,0.082022,0.000597,0.002218,0.002243,0.0,0.062307,0.051838,0.119047,0.100821,0.094418
2022-08-05 05:50:00,0.07457,0.006218,0.003527,0.002604,0.0,0.071338,0.066715,0.125841,0.110825,0.102709
2022-08-05 05:55:00,0.064263,0.016455,0.003873,0.002824,0.000465,0.069257,0.07306,0.128923,0.124182,0.110058
2022-08-05 06:00:00,0.053878,0.029218,0.003629,0.003019,0.001779,0.059515,0.073553,0.126918,0.138787,0.11599
2022-08-05 06:05:00,0.057941,0.042745,0.007126,0.003141,0.002901,0.053528,0.073076,0.116536,0.153911,0.120463
2022-08-05 06:10:00,0.084662,0.054036,0.015109,0.003552,0.004071,0.056104,0.07228,0.095739,0.169292,0.128878
2022-08-05 06:15:00,0.126141,0.062619,0.026203,0.004382,0.005286,0.06429,0.072006,0.06984,0.18522,0.144319
2022-08-05 06:20:00,0.166272,0.065744,0.03148,0.005353,0.007777,0.076343,0.081272,0.047468,0.201742,0.164591
2022-08-05 06:25:00,0.195521,0.058812,0.028305,0.007509,0.01147,0.0886,0.099181,0.036868,0.217705,0.184223
2022-08-05 06:30:00,0.217393,0.046174,0.019898,0.010665,0.016535,0.099841,0.121043,0.034399,0.231738,0.201206
2022-08-05 06:35:00,0.22811,0.03432,0.010868,0.016017,0.019256,0.099681,0.132151,0.037802,0.24035,0.217529
2022-08-05 06:40:00,0.223054,0.028047,0.006158,0.024375,0.020597,0.082337,0.12898,0.046152,0.239664,0.233955
2022-08-05 06:45:00,0.205902,0.025789,0.004373,0.034414,0.02132,0.054631,0.117067,0.057909,0.229927,0.251007
2022-08-05 06:50:00,0.18923,0.028207,0.005136,0.038912,0.019626,0.046573,0.111213,0.069555,0.212549,0.268411
2022-08-05 06:55:00,0.18477,0.034994,0.008607,0.035456,0.018099,0.069298,0.11268,0.080826,0.192813,0.285208
2022-08-05 07:00:00,0.189338,0.043831,0.014383,0.026639,0.016719,0.110304,0.116647,0.091234,0.173011,0.301219
2022-08-05 07:05:00,0.188338,0.048155,0.015816,0.020067,0.014876,0.140434,0.113692,0.10751,0.156794,0.317355
2022-08-05 07:10:00,0.177312,0.044258,0.014422,0.019602,0.01453,0.140807,0.0976,0.128718,0.146197,0.334249
2022-08-05 07:15:00,0.159537,0.035066,0.010862,0.023538,0.015067,0.121567,0.075054,0.152377,0.141036,0.351839
2022-08-05 07:20:00,0.14827,0.027844,0.0102,0.028859,0.016819,0.103563,0.056819,0.170138,0.154616,0.369097
2022-08-05 07:25:00,0.15047,0.026422,0.015021,0.034205,0.020188,0.096105,0.046853,0.175865,0.19021,0.384861
2022-08-05 07:30:00,0.161156,0.028539,0.023089,0.039216,0.024479,0.095694,0.042804,0.175437,0.241243,0.39935
2022-08-05 07:35:00,0.17612,0.029298,0.029225,0.042878,0.029911,0.097413,0.044415,0.184242,0.299278,0.41408
2022-08-05 07:40:00,0.189811,0.026605,0.030376,0.044849,0.03622,0.097126,0.051627,0.212253,0.358703,0.429873
2022-08-05 07:45:00,0.201844,0.022162,0.028206,0.045962,0.042762,0.09563,0.061666,0.251654,0.418265,0.445899
2022-08-05 07:50:00,0.201795,0.021143,0.026424,0.048922,0.047471,0.090538,0.071951,0.288738,0.470016,0.462201
2022-08-05 07:55:00,0.184216,0.025504,0.026877,0.054853,0.049473,0.081229,0.080638,0.312932,0.502601,0.476343
2022-08-05 08:00:00,0.1574,0.033841,0.028908,0.062932,0.049732,0.069908,0.087389,0.328283,0.521849,0.488965
2022-08-05 08:05:00,0.135329,0.042528,0.031011,0.073659,0.053668,0.065232,0.091896,0.34043,0.53707,0.501926
2022-08-05 08:10:00,0.13181,0.050805,0.03244,0.086678,0.062292,0.071331,0.091855,0.350094,0.551785,0.515899
2022-08-05 08:15:00,0.139258,0.057814,0.033676,0.100946,0.074185,0.084924,0.089727,0.357553,0.566003,0.530356
2022-08-05 08:20:00,0.143523,0.064326,0.036539,0.114822,0.087083,0.106883,0.087879,0.340957,0.579044,0.544575
2022-08-05 08:25:00,0.137574,0.068235,0.041868,0.127209,0.099617,0.135432,0.087082,0.297885,0.590081,0.557976
2022-08-05 08:30:00,0.125218,0.071364,0.048935,0.138548,0.111933,0.166415,0.086433,0.23959,0.599704,0.570601
2022-08-05 08:35:00,0.10923,0.079821,0.058656,0.131397,0.127024,0.200615,0.086961,0.237442,0.609634,0.583321
2022-08-05 08:40:00,0.093458,0.096855,0.070735,0.104577,0.144785,0.230382,0.086594,0.318167,0.620643,0.596427
2022-08-05 08:45:00,0.078913,0.119747,0.083814,0.067748,0.16405,0.255811,0.085821,0.450258,0.632225,0.6095
2022-08-05 08:50:00,0.071806,0.142529,0.093863,0.045573,0.176175,0.275569,0.083988,0.565139,0.643688,0.60533
2022-08-05 08:55:00,0.077813,0.162753,0.098419,0.059253,0.177349,0.281057,0.080741,0.624341,0.653817,0.580585
2022-08-05 09:00:00,0.092194,0.180539,0.099802,0.094558,0.1714,0.276981,0.077194,0.645398,0.663044,0.538421
2022-08-05 09:05:00,0.102766,0.188329,0.105008,0.125771,0.165978,0.264675,0.074774,0.61874,0.672509,0.522544
2022-08-05 09:10:00,0.105619,0.184582,0.116755,0.140751,0.164746,0.243095,0.075733,0.546729,0.682098,0.550946
2022-08-05 09:15:00,0.103498,0.17333,0.13221,0.144736,0.166338,0.216709,0.079151,0.439467,0.69128,0.609186
2022-08-05 09:20:00,0.101438,0.163936,0.143353,0.15058,0.165243,0.201305,0.085466,0.339324,0.70019,0.661574
2022-08-05 09:25:00,0.101808,0.161791,0.146446,0.162635,0.160587,0.204276,0.09568,0.280283,0.707462,0.690144
2022-08-05 09:30:00,0.103424,0.164414,0.14423,0.17866,0.153829,0.219697,0.107778,0.257879,0.713137,0.702296
2022-08-05 09:35:00,0.096632,0.169043,0.135798,0.193533,0.157078,0.235939,0.114837,0.24913,0.719337,0.709891
2022-08-05 09:40:00,0.077973,0.173124,0.124033,0.203995,0.173756,0.246783,0.116297,0.261636,0.725515,0.717187
2022-08-05 09:45:00,0.052575,0.177337,0.110343,0.211553,0.198609,0.253059,0.11371,0.289974,0.73093,0.724214
2022-08-05 09:50:00,0.03012,0.186489,0.100508,0.222275,0.219847,0.255136,0.10518,0.309974,0.738156,0.730509
2022-08-05 09:55:00,0.018941,0.200501,0.09837,0.237499,0.230735,0.251433,0.091487,0.330064,0.744987,0.73599
2022-08-05 10:00:00,0.01703,0.217041,0.101697,0.25532,0.235206,0.245056,0.07624,0.343769,0.751849,0.741194
2022-08-05 10:05:00,0.034762,0.232021,0.109198,0.274333,0.255006,0.244029,0.069936,0.347387,0.758225,0.746727
2022-08-05 10:10:00,0.076828,0.241456,0.119337,0.291605,0.294007,0.252208,0.076345,0.331492,0.764647,0.75301
2022-08-05 10:15:00,0.130463,0.247156,0.13099,0.307208,0.34335,0.266998,0.089921,0.308957,0.769907,0.759755
2022-08-05 10:20:00,0.169147,0.249544,0.141165,0.330401,0.380173,0.284598,0.105863,0.294607,0.775931,0.765971
2022-08-05 10:25:00,0.173631,0.249003,0.148753,0.357905,0.387083,0.303429,0.120097,0.311415,0.779546,0.770645
2022-08-05 10:30:00,0.157051,0.246357,0.154604,0.387873,0.374416,0.322437,0.132819,0.34853,0.781956,0.77414
2022-08-05 10:35:00,0.127043,0.238542,0.1519,0.424302,0.35602,0.343121,0.13832,0.42383,0.784523,0.777918
2022-08-05 10:40:00,0.093358,0.226227,0.140522,0.46079,0.338344,0.363942,0.136072,0.533896,0.787347,0.781962
2022-08-05 10:45:00,0.060142,0.212166,0.123562,0.497306,0.324236,0.383905,0.128186,0.655893,0.789856,0.785739
2022-08-05 10:50:00,0.05889,0.20327,0.10776,0.513909,0.339089,0.400048,0.123452,0.747895,0.791668,0.788832
2022-08-05 10:55:00,0.104408,0.205663,0.099462,0.506529,0.394592,0.407335,0.119815,0.788369,0.792443,0.791028
2022-08-05 11:00:00,0.179885,0.216158,0.097971,0.483845,0.475032,0.407225,0.118339,0.796342,0.792554,0.792582
2022-08-05 11:05:00,0.264665,0.242633,0.144553,0.470927,0.545866,0.403446,0.1135,0.784009,0.792845,0.794138
2022-08-05 11:10:00,0.346234,0.285289,0.245908,0.482467,0.590155,0.392503,0.108254,0.758575,0.793899,0.79646
2022-08-05 11:15:00,0.42107,0.335601,0.377268,0.508812,0.614644,0.379002,0.101548,0.725224,0.793307,0.798851
2022-08-05 11:20:00,0.463938,0.377761,0.480901,0.528074,0.61597,0.369862,0.097985,0.708155,0.750478,0.800913
2022-08-05 11:25:00,0.459926,0.39726,0.519953,0.529514,0.592955,0.372263,0.096336,0.720683,0.652675,0.801033
2022-08-05 11:30:00,0.425832,0.403287,0.518695,0.517753,0.553732,0.383337,0.097324,0.748991,0.515932,0.799629
2022-08-05 11:35:00,0.396583,0.413223,0.531036,0.514747,0.523641,0.400361,0.106608,0.775482,0.400714,0.798786
2022-08-05 11:40:00,0.388851,0.435161,0.575727,0.523519,0.514661,0.42508,0.124278,0.786104,0.35711,0.797953
2022-08-05 11:45:00,0.397556,0.465427,0.634767,0.541668,0.522624,0.453587,0.146112,0.785271,0.363424,0.79616
2022-08-05 11:50:00,0.422355,0.506527,0.666077,0.560828,0.539212,0.480724,0.156851,0.784567,0.376396,0.795829
2022-08-05 11:55:00,0.463007,0.555987,0.645314,0.578397,0.565842,0.502919,0.155325,0.781498,0.377008,0.794502
2022-08-05 12:00:00,0.511618,0.606354,0.593023,0.592189,0.596084,0.520096,0.148017,0.77623,0.368613,0.791042
2022-08-05 12:05:00,0.553061,0.636308,0.56083,0.600474,0.623006,0.531919,0.146839,0.751923,0.379905,0.775427
2022-08-05 12:10:00,0.579058,0.633899,0.580058,0.596922,0.639767,0.534321,0.158132,0.701772,0.413361,0.739972
2022-08-05 12:15:00,0.596017,0.610437,0.626586,0.585706,0.649097,0.527248,0.176693,0.634677,0.457224,0.69083
2022-08-05 12:20:00,0.619986,0.599166,0.64516,0.594564,0.659245,0.527554,0.19848,0.574174,0.476244,0.665953
2022-08-05 12:25:00,0.656702,0.611394,0.606465,0.624401,0.668334,0.526352,0.222207,0.545112,0.446754,0.677833
2022-08-05 12:30:00,0.69755,0.634628,0.530992,0.66604,0.674436,0.52477,0.245774,0.532691,0.388989,0.711296
2022-08-05 12:35:00,0.72637,0.651748,0.489862,0.68411,0.636563,0.500427,0.278594,0.498294,0.348327,0.72504
2022-08-05 12:40:00,0.735159,0.643841,0.512103,0.667981,0.542752,0.445754,0.314026,0.419821,0.350593,0.704143
2022-08-05 12:45:00,0.731618,0.621412,0.569238,0.626442,0.412542,0.373279,0.349584,0.316083,0.378966,0.660268
2022-08-05 12:50:00,0.724894,0.588372,0.594181,0.541865,0.314303,0.318817,0.375587,0.235938,0.409847,0.612505
2022-08-05 12:55:00,0.718021,0.551069,0.551973,0.418371,0.287169,0.303777,0.386582,0.207316,0.425923,0.576336
2022-08-05 13:00:00,0.70796,0.511305,0.464828,0.271389,0.307142,0.312851,0.38932,0.211743,0.432151,0.549593
2022-08-05 13:05:00,0.675915,0.465214,0.364676,0.145169,0.318813,0.318824,0.393329,0.210245,0.4464,0.515988
2022-08-05 13:10:00,0.611198,0.417681,0.271961,0.073849,0.298394,0.305539,0.400886,0.184152,0.469517,0.477295
2022-08-05 13:15:00,0.52496,0.37122,0.18793,0.041068,0.256507,0.279985,0.407797,0.145315,0.497505,0.436413
2022-08-05 13:20:00,0.449158,0.344837,0.132476,0.028782,0.208382,0.26053,0.388489,0.12023,0.510681,0.39413
2022-08-05 13:25:00,0.407299,0.349003,0.119073,0.030994,0.164806,0.252833,0.344055,0.129379,0.503505,0.360463
2022-08-05 13:30:00,0.388947,0.372085,0.137536,0.043707,0.125855,0.253019,0.286523,0.160997,0.483704,0.332711
2022-08-05 13:35:00,0.369758,0.409129,0.220668,0.075568,0.09615,0.240342,0.240672,0.217897,0.448761,0.303663
2022-08-05 13:40:00,0.341006,0.448007,0.364686,0.12673,0.081743,0.209326,0.215416,0.293517,0.406494,0.27634
2022-08-05 13:45:00,0.306335,0.483929,0.527392,0.185812,0.078563,0.169463,0.202079,0.373767,0.360323,0.249864
2022-08-05 13:50:00,0.272901,0.496252,0.602863,0.217835,0.076592,0.164512,0.195158,0.431446,0.317617,0.221795
2022-08-05 13:55:00,0.246716,0.470875,0.544494,0.203302,0.075808,0.214803,0.189457,0.441599,0.287095,0.193472
2022-08-05 14:00:00,0.228802,0.421837,0.398933,0.160594,0.077,0.296441,0.184563,0.422993,0.267745,0.165024
2022-08-05 14:05:00,0.210993,0.35999,0.253871,0.124317,0.085116,0.350712,0.181729,0.410979,0.289214,0.134173
2022-08-05 14:10:00,0.202062,0.293995,0.162959,0.119202,0.106296,0.348474,0.178812,0.416952,0.358402,0.102184
2022-08-05 14:15:00,0.196507,0.226831,0.112771,0.135832,0.13601,0.310411,0.175733,0.432629,0.44954,0.070895
2022-08-05 14:20:00,0.183734,0.168285,0.082309,0.159563,0.174245,0.27806,0.170638,0.435878,0.518437,0.043998
2022-08-05 14:25:00,0.160543,0.128015,0.068672,0.187944,0.219757,0.269522,0.161635,0.417852,0.544287,0.028696
2022-08-05 14:30:00,0.132056,0.105072,0.066351,0.216713,0.265647,0.276335,0.151079,0.387765,0.54302,0.023378
2022-08-05 14:35:00,0.116826,0.110611,0.068039,0.248731,0.281295,0.261275,0.164067,0.362457,0.533526,0.018388
2022-08-05 14:40:00,0.124721,0.157592,0.072403,0.277652,0.250232,0.215606,0.195235,0.350026,0.521522,0.019414
2022-08-05 14:45:00,0.145735,0.227262,0.078481,0.302606,0.193467,0.15125,0.234666,0.347903,0.507867,0.023759
2022-08-05 14:50:00,0.168373,0.295683,0.085306,0.330289,0.164353,0.092545,0.258262,0.357534,0.493468,0.034741
2022-08-05 14:55:00,0.180315,0.343513,0.094124,0.353156,0.192147,0.060652,0.256864,0.378877,0.478514,0.054275
2022-08-05 15:00:00,0.184352,0.373851,0.10431,0.370413,0.253899,0.048471,0.243264,0.401815,0.463244,0.082762
2022-08-05 15:05:00,0.174023,0.377635,0.141507,0.365227,0.31032,0.050131,0.229354,0.41585,0.44747,0.136567
2022-08-05 15:10:00,0.145615,0.348889,0.205023,0.328731,0.339622,0.067846,0.223022,0.412413,0.431754,0.219913
2022-08-05 15:15:00,0.106258,0.301975,0.280307,0.275752,0.349424,0.09465,0.219668,0.398542,0.416228,0.311841
2022-08-05 15:20:00,0.070238,0.264203,0.33453,0.24708,0.342361,0.119321,0.205113,0.381835,0.401212,0.377213
2022-08-05 15:25:00,0.046005,0.247806,0.346596,0.258349,0.320876,0.136562,0.179493,0.361879,0.386343,0.396883
2022-08-05 15:30:00,0.031016,0.24428,0.333777,0.29157,0.292278,0.147796,0.152379,0.340642,0.371331,0.388682
2022-08-05 15:35:00,0.023491,0.242324,0.319673,0.334211,0.268967,0.145676,0.139642,0.323166,0.356109,0.373559
2022-08-05 15:40:00,0.025658,0.235022,0.315018,0.365826,0.258296,0.129186,0.154445,0.307811,0.339722,0.358577
2022-08-05 15:45:00,0.034012,0.225182,0.314367,0.384042,0.254699,0.104471,0.184473,0.293227,0.322959,0.343607
2022-08-05 15:50:00,0.042618,0.219309,0.30503,0.385998,0.250262,0.092941,0.222958,0.281395,0.292281,0.328017
2022-08-05 15:55:00,0.049138,0.221164,0.283722,0.36434,0.241998,0.105269,0.260634,0.268924,0.249724,0.311829
2022-08-05 16:00:00,0.054104,0.226764,0.256778,0.332534,0.230826,0.131403,0.289056,0.255135,0.204356,0.295581
2022-08-05 16:05:00,0.056522,0.226857,0.238598,0.300851,0.227942,0.145238,0.29404,0.233633,0.171152,0.279478
2022-08-05 16:10:00,0.056972,0.217677,0.231463,0.274541,0.231357,0.135776,0.277891,0.20351,0.157816,0.263735
2022-08-05 16:15:00,0.055737,0.203614,0.229282,0.252795,0.23686,0.11245,0.254594,0.172298,0.15534,0.248105
2022-08-05 16:20:00,0.054149,0.186594,0.226891,0.231845,0.231205,0.090807,0.233654,0.151266,0.152635,0.232107
2022-08-05 16:25:00,0.05233,0.170127,0.219245,0.214084,0.209867,0.082095,0.218373,0.142198,0.14676,0.215975
2022-08-05 16:30:00,0.050578,0.155227,0.208836,0.198309,0.18264,0.081691,0.205723,0.138805,0.138701,0.20024
2022-08-05 16:35:00,0.053194,0.140203,0.198893,0.1818,0.162224,0.082976,0.194089,0.13255,0.131686,0.184982
2022-08-05 16:40:00,0.061115,0.129574,0.189066,0.166368,0.156209,0.083252,0.181854,0.121237,0.126508,0.169995
2022-08-05 16:45:00,0.071759,0.121868,0.179576,0.152603,0.157521,0.082608,0.16717,0.107507,0.122082,0.155034
2022-08-05 16:50:00,0.077826,0.122186,0.170935,0.14415,0.154168,0.081332,0.150086,0.096284,0.117271,0.140342
2022-08-05 16:55:00,0.075304,0.128132,0.16112,0.142725,0.144333,0.078868,0.13268,0.089483,0.110839,0.12656
2022-08-05 17:00:00,0.0674,0.132853,0.148185,0.143205,0.131608,0.075484,0.116483,0.08497,0.103526,0.113917
2022-08-05 17:05:00,0.058983,0.129424,0.132082,0.139439,0.118018,0.074415,0.10106,0.081045,0.093664,0.101816
2022-08-05 17:10:00,0.052416,0.119413,0.114889,0.130465,0.106914,0.075559,0.086746,0.076039,0.080978,0.08994
2022-08-05 17:15:00,0.04721,0.110228,0.098571,0.120073,0.097503,0.077801,0.073995,0.0705,0.067168,0.078557
2022-08-05 17:20:00,0.044093,0.104004,0.083535,0.11006,0.091292,0.076031,0.062128,0.064122,0.0553,0.068093
2022-08-05 17:25:00,0.042685,0.097389,0.070229,0.099345,0.088643,0.068396,0.052085,0.056679,0.047039,0.059476
2022-08-05 17:30:00,0.042333,0.090108,0.059144,0.087177,0.086758,0.057806,0.04391,0.048921,0.041139,0.052986
2022-08-05 17:35:00,0.042062,0.083766,0.051525,0.073031,0.081791,0.050068,0.039629,0.041924,0.036299,0.048462
2022-08-05 17:40:00,0.040797,0.078056,0.049044,0.058888,0.0737,0.048052,0.039966,0.036641,0.031501,0.046051
2022-08-05 17:45:00,0.038636,0.072495,0.051231,0.045733,0.064947,0.048898,0.044349,0.032792,0.027068,0.045743
2022-08-05 17:50:00,0.036109,0.066755,0.052935,0.035559,0.058318,0.048997,0.046437,0.030462,0.02427,0.044715
2022-08-05 17:55:00,0.032233,0.061129,0.049918,0.030941,0.055048,0.046403,0.043269,0.02955,0.023711,0.041076
2022-08-05 18:00:00,0.027624,0.055833,0.042871,0.030132,0.053593,0.042141,0.037737,0.029209,0.024425,0.035385
2022-08-05 18:05:00,0.022857,0.050965,0.036727,0.029914,0.05198,0.037927,0.033285,0.027287,0.023315,0.028533
2022-08-05 18:10:00,0.018376,0.04663,0.033716,0.029903,0.049049,0.034401,0.030924,0.022828,0.018981,0.021276
2022-08-05 18:15:00,0.014123,0.042439,0.032412,0.029918,0.045137,0.031165,0.02954,0.016594,0.012573,0.014248
2022-08-05 18:20:00,0.009711,0.037984,0.030714,0.029605,0.040724,0.027402,0.027956,0.010189,0.006184,0.00843
2022-08-05 18:25:00,0.005397,0.032771,0.027663,0.028681,0.035898,0.02282,0.025759,0.005026,0.001332,0.005155
2022-08-05 18:30:00,0.001365,0.027337,0.023763,0.027092,0.030946,0.017717,0.023091,0.000944,0.0,0.003639
2022-08-05 18:35:00,0.0,0.022032,0.019769,0.024431,0.026124,0.012694,0.020033,0.0,0.0,0.002401
2022-08-05 18:40:00,0.0,0.017162,0.015981,0.020518,0.021125,0.008335,0.016666,0.0,0.0,0.000633
2022-08-05 18:45:00,0.0,0.012839,0.012257,0.015786,0.016019,0.004677,0.013263,0.0,0.0,0.0
2022-08-05 18:50:00,0.0,0.008949,0.008684,0.011235,0.01136,0.001848,0.00961,0.0,0.0,0.0
2022-08-05 18:55:00,0.0,0.005627,0.005531,0.007493,0.007625,0.0,0.005797,0.0,0.0,0.0
2022-08-05 19:00:00,0.0,0.002886,0.002607,0.004367,0.004651,0.0,0.002147,0.0,0.0,0.0
2022-08-05 19:05:00,0.0,0.000482,0.0,0.001538,0.001967,0.0,0.0,0.0,0.0,0.0
2022-08-05 19:10:00,0.0,0.0,0.0,0.0,0.0,0.0,0.0,0.0,0.0,0.0
2022-08-05 19:15:00,0.0,0.0,0.0,0.0,0.0,0.0,0.0,0.0,0.0,0.0
2022-08-05 19:20:00,0.0,0.0,0.0,0.0,0.0,0.0,0.0,0.0,0.0,0.0
2022-08-05 19:25:00,0.0,0.0,0.0,0.0,0.0,0.0,0.0,0.0,0.0,0.0
2022-08-05 19:30:00,0.0,0.0,0.0,0.0,0.0,0.0,0.0,0.0,0.0,0.0
2022-08-05 19:35:00,0.0,0.0,0.0,0.0,0.0,0.0,0.0,0.0,0.0,0.0
2022-08-05 19:40:00,0.0,0.0,0.0,0.0,0.0,0.0,0.0,0.0,0.0,0.0
2022-08-05 19:45:00,0.0,0.0,0.0,0.0,0.0,0.0,0.0,0.0,0.0,0.0
2022-08-05 19:50:00,0.0,0.0,0.0,0.0,0.0,0.0,0.0,0.0,0.0,0.0
2022-08-05 19:55:00,0.0,0.0,0.0,0.0,0.0,0.0,0.0,0.0,0.0,0.0
2022-08-05 20:00:00,0.0,0.0,0.0,0.0,0.0,0.0,0.0,0.0,0.0,0.0
2022-08-05 20:05:00,0.0,0.0,0.0,0.0,0.0,0.0,0.0,0.0,0.0,0.0
2022-08-05 20:10:00,0.0,0.0,0.0,0.0,0.0,0.0,0.0,0.0,0.0,0.0
2022-08-05 20:15:00,0.0,0.0,0.0,0.0,0.0,0.0,0.0,0.0,0.0,0.0
2022-08-05 20:20:00,0.0,0.0,0.0,0.0,0.0,0.0,0.0,0.0,0.0,0.0
2022-08-05 20:25:00,0.0,0.0,0.0,0.0,0.0,0.0,0.0,0.0,0.0,0.0
2022-08-05 20:30:00,0.0,0.0,0.0,0.0,0.0,0.0,0.0,0.0,0.0,0.0
2022-08-05 20:35:00,0.0,0.0,0.0,0.0,0.0,0.0,0.0,0.0,0.0,0.0
2022-08-05 20:40:00,0.0,0.0,0.0,0.0,0.0,0.0,0.0,0.0,0.0,0.0
2022-08-05 20:45:00,0.0,0.0,0.0,0.0,0.0,0.0,0.0,0.0,0.0,0.0
2022-08-05 20:50:00,0.0,0.0,0.0,0.0,0.0,0.0,0.0,0.0,0.0,0.0
2022-08-05 20:55:00,0.0,0.0,0.0,0.0,0.0,0.0,0.0,0.0,0.0,0.0
2022-08-05 21:00:00,0.0,0.0,0.0,0.0,0.0,0.0,0.0,0.0,0.0,0.0
2022-08-05 21:05:00,0.0,0.0,0.0,0.0,0.0,0.0,0.0,0.0,0.0,0.0
2022-08-05 21:10:00,0.0,0.0,0.0,0.0,0.0,0.0,0.0,0.0,0.0,0.0
2022-08-05 21:15:00,0.0,0.0,0.0,0.0,0.0,0.0,0.0,0.0,0.0,0.0
2022-08-05 21:20:00,0.0,0.0,0.0,0.0,0.0,0.0,0.0,0.0,0.0,0.0
2022-08-05 21:25:00,0.0,0.0,0.0,0.0,0.0,0.0,0.0,0.0,0.0,0.0
2022-08-05 21:30:00,0.0,0.0,0.0,0.0,0.0,0.0,0.0,0.0,0.0,0.0
2022-08-05 21:35:00,0.0,0.0,0.0,0.0,0.0,0.0,0.0,0.0,0.0,0.0
2022-08-05 21:40:00,0.0,0.0,0.0,0.0,0.0,0.0,0.0,0.0,0.0,0.0
2022-08-05 21:45:00,0.0,0.0,0.0,0.0,0.0,0.0,0.0,0.0,0.0,0.0
2022-08-05 21:50:00,0.0,0.0,0.0,0.0,0.0,0.0,0.0,0.0,0.0,0.0
2022-08-05 21:55:00,0.0,0.0,0.0,0.0,0.0,0.0,0.0,0.0,0.0,0.0
2022-08-05 22:00:00,0.0,0.0,0.0,0.0,0.0,0.0,0.0,0.0,0.0,0.0
2022-08-05 22:05:00,0.0,0.0,0.0,0.0,0.0,0.0,0.0,0.0,0.0,0.0
2022-08-05 22:10:00,0.0,0.0,0.0,0.0,0.0,0.0,0.0,0.0,0.0,0.0
2022-08-05 22:15:00,0.0,0.0,0.0,0.0,0.0,0.0,0.0,0.0,0.0,0.0
2022-08-05 22:20:00,0.0,0.0,0.0,0.0,0.0,0.0,0.0,0.0,0.0,0.0
2022-08-05 22:25:00,0.0,0.0,0.0,0.0,0.0,0.0,0.0,0.0,0.0,0.0
2022-08-05 22:30:00,0.0,0.0,0.0,0.0,0.0,0.0,0.0,0.0,0.0,0.0
2022-08-05 22:35:00,0.0,0.0,0.0,0.0,0.0,0.0,0.0,0.0,0.0,0.0
2022-08-05 22:40:00,0.0,0.0,0.0,0.0,0.0,0.0,0.0,0.0,0.0,0.0
2022-08-05 22:45:00,0.0,0.0,0.0,0.0,0.0,0.0,0.0,0.0,0.0,0.0
2022-08-05 22:50:00,0.0,0.0,0.0,0.0,0.0,0.0,0.0,0.0,0.0,0.0
2022-08-05 22:55:00,0.0,0.0,0.0,0.0,0.0,0.0,0.0,0.0,0.0,0.0
2022-08-05 23:00:00,0.0,0.0,0.0,0.0,0.0,0.0,0.0,0.0,0.0,0.0
2022-08-05 23:05:00,0.0,0.0,0.0,0.0,0.0,0.0,0.0,0.0,0.0,0.0
2022-08-05 23:10:00,0.0,0.0,0.0,0.0,0.0,0.0,0.0,0.0,0.0,0.0
2022-08-05 23:15:00,0.0,0.0,0.0,0.0,0.0,0.0,0.0,0.0,0.0,0.0
2022-08-05 23:20:00,0.0,0.0,0.0,0.0,0.0,0.0,0.0,0.0,0.0,0.0
2022-08-05 23:25:00,0.0,0.0,0.0,0.0,0.0,0.0,0.0,0.0,0.0,0.0
2022-08-05 23:30:00,0.0,0.0,0.0,0.0,0.0,0.0,0.0,0.0,0.0,0.0
2022-08-05 23:35:00,0.0,0.0,0.0,0.0,0.0,0.0,0.0,0.0,0.0,0.0
2022-08-05 23:40:00,0.0,0.0,0.0,0.0,0.0,0.0,0.0,0.0,0.0,0.0
2022-08-05 23:45:00,0.0,0.0,0.0,0.0,0.0,0.0,0.0,0.0,0.0,0.0
2022-08-05 23:50:00,0.0,0.0,0.0,0.0,0.0,0.0,0.0,0.0,0.0,0.0
2022-08-05 23:55:00,0.0,0.0,0.0,0.0,0.0,0.0,0.0,0.0,0.0,0.0
2022-08-06 00:00:00,0.0,0.0,0.0,0.0,0.0,0.0,0.0,0.0,0.0,0.0
2022-08-06 00:05:00,0.0,0.0,0.0,0.0,0.0,0.0,0.0,0.0,0.0,0.0
2022-08-06 00:10:00,0.0,0.0,0.0,0.0,0.0,0.0,0.0,0.0,0.0,0.0
2022-08-06 00:15:00,0.0,0.0,0.0,0.0,0.0,0.0,0.0,0.0,0.0,0.0
2022-08-06 00:20:00,0.0,0.0,0.0,0.0,0.0,0.0,0.0,0.0,0.0,0.0
2022-08-06 00:25:00,0.0,0.0,0.0,0.0,0.0,0.0,0.0,0.0,0.0,0.0
2022-08-06 00:30:00,0.0,0.0,0.0,0.0,0.0,0.0,0.0,0.0,0.0,0.0
2022-08-06 00:35:00,0.0,0.0,0.0,0.0,0.0,0.0,0.0,0.0,0.0,0.0
2022-08-06 00:40:00,0.0,0.0,0.0,0.0,0.0,0.0,0.0,0.0,0.0,0.0
2022-08-06 00:45:00,0.0,0.0,0.0,0.0,0.0,0.0,0.0,0.0,0.0,0.0
2022-08-06 00:50:00,0.0,0.0,0.0,0.0,0.0,0.0,0.0,0.0,0.0,0.0
2022-08-06 00:55:00,0.0,0.0,0.0,0.0,0.0,0.0,0.0,0.0,0.0,0.0
2022-08-06 01:00:00,0.0,0.0,0.0,0.0,0.0,0.0,0.0,0.0,0.0,0.0
2022-08-06 01:05:00,0.0,0.0,0.0,0.0,0.0,0.0,0.0,0.0,0.0,0.0
2022-08-06 01:10:00,0.0,0.0,0.0,0.0,0.0,0.0,0.0,0.0,0.0,0.0
2022-08-06 01:15:00,0.0,0.0,0.0,0.0,0.0,0.0,0.0,0.0,0.0,0.0
2022-08-06 01:20:00,0.0,0.0,0.0,0.0,0.0,0.0,0.0,0.0,0.0,0.0
2022-08-06 01:25:00,0.0,0.0,0.0,0.0,0.0,0.0,0.0,0.0,0.0,0.0
2022-08-06 01:30:00,0.0,0.0,0.0,0.0,0.0,0.0,0.0,0.0,0.0,0.0
2022-08-06 01:35:00,0.0,0.0,0.0,0.0,0.0,0.0,0.0,0.0,0.0,0.0
2022-08-06 01:40:00,0.0,0.0,0.0,0.0,0.0,0.0,0.0,0.0,0.0,0.0
2022-08-06 01:45:00,0.0,0.0,0.0,0.0,0.0,0.0,0.0,0.0,0.0,0.0
2022-08-06 01:50:00,0.0,0.0,0.0,0.0,0.0,0.0,0.0,0.0,0.0,0.0
2022-08-06 01:55:00,0.0,0.0,0.0,0.0,0.0,0.0,0.0,0.0,0.0,0.0
2022-08-06 02:00:00,0.0,0.0,0.0,0.0,0.0,0.0,0.0,0.0,0.0,0.0
2022-08-06 02:05:00,0.0,0.0,0.0,0.0,0.0,0.0,0.0,0.0,0.0,0.0
2022-08-06 02:10:00,0.0,0.0,0.0,0.0,0.0,0.0,0.0,0.0,0.0,0.0
2022-08-06 02:15:00,0.0,0.0,0.0,0.0,0.0,0.0,0.0,0.0,0.0,0.0
2022-08-06 02:20:00,0.0,0.0,0.0,0.0,0.0,0.0,0.0,0.0,0.0,0.0
2022-08-06 02:25:00,0.0,0.0,0.0,0.0,0.0,0.0,0.0,0.0,0.0,0.0
2022-08-06 02:30:00,0.0,0.0,0.0,0.0,0.0,0.0,0.0,0.0,0.0,0.0
2022-08-06 02:35:00,0.0,0.0,0.0,0.0,0.0,0.0,0.0,0.0,0.0,0.0
2022-08-06 02:40:00,0.0,0.0,0.0,0.0,0.0,0.0,0.0,0.0,0.0,0.0
2022-08-06 02:45:00,0.0,0.0,0.0,0.0,0.0,0.0,0.0,0.0,0.0,0.0
2022-08-06 02:50:00,0.0,0.0,0.0,0.0,0.0,0.0,0.0,0.0,0.0,0.0
2022-08-06 02:55:00,0.0,0.0,0.0,0.0,0.0,0.0,0.0,0.0,0.0,0.0
2022-08-06 03:00:00,0.0,0.0,0.0,0.0,0.0,0.0,0.0,0.0,0.0,0.0
2022-08-06 03:05:00,0.0,0.0,0.0,0.0,0.0,0.0,0.0,0.0,0.0,0.0
2022-08-06 03:10:00,0.0,0.0,0.0,0.0,0.0,0.0,0.0,0.0,0.0,0.0
2022-08-06 03:15:00,0.0,0.0,0.0,0.0,0.0,0.0,0.0,0.0,0.0,0.0
2022-08-06 03:20:00,0.0,0.0,0.0,0.0,0.0,0.0,0.0,0.0,0.0,0.0
2022-08-06 03:25:00,0.0,0.0,0.0,0.0,0.0,0.0,0.0,0.0,0.0,0.0
2022-08-06 03:30:00,0.0,0.0,0.0,0.0,0.0,0.0,0.0,0.0,0.0,0.0
2022-08-06 03:35:00,0.0,0.0,0.0,0.0,0.0,0.0,0.0,0.0,0.0,0.0
2022-08-06 03:40:00,0.0,0.0,0.0,0.0,0.0,0.0,0.0,0.0,0.0,0.0
2022-08-06 03:45:00,0.0,0.0,0.0,0.0,0.0,0.0,0.0,0.0,0.0,0.0
2022-08-06 03:50:00,0.0,0.0,0.0,0.0,0.0,0.0,0.0,0.0,0.0,0.0
2022-08-06 03:55:00,0.000429,0.0,0.0,0.0,0.0,0.0,0.001139,0.0,0.0,0.0
2022-08-06 04:00:00,0.002926,0.0,0.0,0.0,0.0,0.0,0.004806,0.0,0.0,0.0
2022-08-06 04:05:00,0.006677,0.0,0.0,0.0,0.0,0.0,0.008374,0.0,0.0,0.0
2022-08-06 04:10:00,0.010512,0.0,0.000405,0.0,0.0,0.001271,0.011745,0.0,0.0,0.0
2022-08-06 04:15:00,0.014681,0.00035,0.002481,0.0,0.001262,0.003921,0.01483,0.000517,0.0,0.0
2022-08-06 04:20:00,0.017534,0.00243,0.005458,0.001602,0.003057,0.006814,0.017624,0.004754,0.0,0.0
2022-08-06 04:25:00,0.018647,0.004858,0.009175,0.004205,0.005049,0.009928,0.020338,0.011661,0.0,0.00064
2022-08-06 04:30:00,0.018822,0.007609,0.013008,0.0073,0.007269,0.013034,0.023059,0.020363,0.0,0.003054
2022-08-06 04:35:00,0.018992,0.010618,0.016545,0.010503,0.009615,0.015789,0.024845,0.029246,3.6e-05,0.006112
2022-08-06 04:40:00,0.020473,0.013683,0.019564,0.013599,0.012085,0.01806,0.026709,0.037304,0.001265,0.009748
2022-08-06 04:45:00,0.023193,0.016723,0.022095,0.016683,0.014822,0.020222,0.02871,0.044384,0.003035,0.013703
2022-08-06 04:50:00,0.028625,0.020032,0.024081,0.019942,0.018022,0.022832,0.028894,0.0493,0.005447,0.017171
2022-08-06 04:55:00,0.037714,0.023921,0.025351,0.023872,0.021858,0.026021,0.029201,0.051578,0.008589,0.019374
2022-08-06 05:00:00,0.048861,0.027915,0.02618,0.027952,0.025834,0.02921,0.029897,0.052434,0.012098,0.02079
2022-08-06 05:05:00,0.057578,0.030935,0.02674,0.031053,0.028847,0.031678,0.029144,0.05164,0.016329,0.02329
2022-08-06 05:10:00,0.062441,0.032351,0.026712,0.032511,0.030268,0.032718,0.029457,0.051031,0.020155,0.027002
2022-08-06 05:15:00,0.065161,0.032701,0.026465,0.03288,0.030641,0.032678,0.029896,0.052854,0.023415,0.031348
2022-08-06 05:20:00,0.069487,0.032682,0.027075,0.032908,0.03066,0.032152,0.033001,0.056364,0.025536,0.037714
2022-08-06 05:25:00,0.079659,0.032445,0.02938,0.032841,0.030491,0.032738,0.039066,0.063963,0.025394,0.044962
2022-08-06 05:30:00,0.09439,0.032578,0.034859,0.032929,0.030993,0.036547,0.04787,0.073767,0.023804,0.052821
2022-08-06 05:35:00,0.10819,0.036208,0.04278,0.03642,0.035041,0.042909,0.057382,0.087328,0.023038,0.063096
2022-08-06 05:40:00,0.1186,0.042213,0.051066,0.042147,0.041502,0.051799,0.069422,0.103462,0.023109,0.074637
2022-08-06 05:45:00,0.129665,0.050555,0.060103,0.050173,0.050298,0.063032,0.083554,0.120128,0.023812,0.087429
2022-08-06 05:50:00,0.14593,0.061615,0.070669,0.060932,0.061755,0.076482,0.101755,0.134086,0.024403,0.099934
2022-08-06 05:55:00,0.163481,0.07525,0.082815,0.074292,0.075668,0.091893,0.121772,0.146379,0.024481,0.1113
2022-08-06 06:00:00,0.178288,0.090302,0.096436,0.089074,0.090875,0.108425,0.139125,0.161036,0.024212,0.123237
2022-08-06 06:05:00,0.19059,0.105742,0.111515,0.104268,0.106478,0.125271,0.153338,0.179222,0.023055,0.13647
2022-08-06 06:10:00,0.20573,0.121358,0.12784,0.119737,0.122336,0.142326,0.162073,0.199303,0.021049,0.149295
2022-08-06 06:15:00,0.22748,0.137644,0.145246,0.135969,0.138921,0.160205,0.168834,0.219684,0.018395,0.160647
2022-08-06 06:20:00,0.252724,0.154916,0.16358,0.15308,0.156529,0.179062,0.177276,0.238005,0.015791,0.171732
2022-08-06 06:25:00,0.275344,0.172834,0.182396,0.170755,0.174675,0.198328,0.195148,0.251192,0.014114,0.183373
2022-08-06 06:30:00,0.294152,0.190849,0.201276,0.188575,0.192608,0.21749,0.223171,0.25831,0.013302,0.195565
2022-08-06 06:35:00,0.312024,0.208888,0.220161,0.206445,0.210783,0.236505,0.254164,0.263859,0.013801,0.207981
2022-08-06 06:40:00,0.330971,0.227272,0.239338,0.224647,0.229043,0.255812,0.280028,0.275837,0.016357,0.220593
2022-08-06 06:45:00,0.350844,0.246339,0.259068,0.243538,0.247905,0.27581,0.301113,0.295007,0.020238,0.233466
2022-08-06 06:50:00,0.370812,0.265801,0.278928,0.262926,0.267412,0.295993,0.320449,0.318256,0.030541,0.246116
2022-08-06 06:55:00,0.390442,0.285374,0.297946,0.282613,0.287266,0.315268,0.338504,0.34438,0.046645,0.257019
2022-08-06 07:00:00,0.409811,0.305112,0.316019,0.302624,0.307292,0.333432,0.354986,0.37287,0.066595,0.266376
2022-08-06 07:05:00,0.429184,0.325183,0.33404,0.322798,0.327489,0.351573,0.372077,0.401038,0.08435,0.274677
2022-08-06 07:10:00,0.448359,0.345628,0.352853,0.343028,0.347714,0.370704,0.390296,0.425274,0.095828,0.282709
2022-08-06 07:15:00,0.467181,0.366219,0.372582,0.363155,0.367904,0.390764,0.408417,0.445997,0.102914,0.290747
2022-08-06 07:20:00,0.48565,0.381057,0.392419,0.382664,0.387306,0.410885,0.427986,0.465336,0.106154,0.304188
2022-08-06 07:25:00,0.503487,0.387041,0.411597,0.400504,0.404906,0.430255,0.445705,0.484132,0.106547,0.326358
2022-08-06 07:30:00,0.520618,0.384989,0.430213,0.416421,0.421163,0.448914,0.460637,0.502572,0.105015,0.355788
2022-08-06 07:35:00,0.537663,0.380847,0.444591,0.433453,0.437618,0.46708,0.480639,0.521033,0.105617,0.380151
2022-08-06 07:40:00,0.55474,0.382758,0.453106,0.451076,0.455181,0.484122,0.498074,0.539261,0.110544,0.393059
2022-08-06 07:45:00,0.571101,0.389546,0.456262,0.469213,0.4736,0.500108,0.514821,0.557036,0.118478,0.396166
2022-08-06 07:50:00,0.586615,0.400811,0.454343,0.488064,0.492084,0.515947,0.532257,0.574273,0.124396,0.399424
2022-08-06 07:55:00,0.599257,0.415442,0.452818,0.50595,0.50982,0.532076,0.547908,0.590606,0.127228,0.408619
2022-08-06 08:00:00,0.609405,0.432342,0.451894,0.523005,0.526602,0.548527,0.562689,0.605938,0.127817,0.421763
2022-08-06 08:05:00,0.620994,0.446842,0.452748,0.539489,0.542574,0.565383,0.577691,0.621157,0.127821,0.437168
2022-08-06 08:10:00,0.63416,0.455456,0.461756,0.554712,0.557314,0.58237,0.593031,0.636634,0.128445,0.450785
2022-08-06 08:15:00,0.647284,0.459138,0.477345,0.568651,0.57095,0.599067,0.608138,0.652068,0.129575,0.462403
2022-08-06 08:20:00,0.652601,0.463547,0.488888,0.572841,0.574866,0.615203,0.622623,0.666694,0.131257,0.459546
2022-08-06 08:25:00,0.643586,0.470304,0.495647,0.565585,0.567225,0.630243,0.636451,0.679827,0.134319,0.435949
2022-08-06 08:30:00,0.623955,0.479582,0.49912,0.548682,0.550674,0.644223,0.649815,0.691884,0.138383,0.398318
2022-08-06 08:35:00,0.604189,0.50585,0.500617,0.535903,0.535932,0.658233,0.662867,0.704185,0.140025,0.365159
2022-08-06 08:40:00,0.594262,0.549942,0.507264,0.537703,0.535737,0.672531,0.675637,0.71666,0.138903,0.353303
2022-08-06 08:45:00,0.591545,0.604019,0.517323,0.550636,0.546595,0.686602,0.688062,0.728832,0.13657,0.356756
2022-08-06 08:50:00,0.582993,0.652259,0.530472,0.5615,0.56243,0.699823,0.699733,0.731187,0.137161,0.366705
2022-08-06 08:55:00,0.566191,0.681313,0.547005,0.564366,0.580785,0.711699,0.709942,0.721561,0.144206,0.379414
2022-08-06 09:00:00,0.544725,0.695328,0.565608,0.560899,0.600191,0.722608,0.718937,0.703857,0.155276,0.392091
2022-08-06 09:05:00,0.531279,0.687429,0.581883,0.557202,0.617641,0.733823,0.728072,0.697082,0.162954,0.392635
2022-08-06 09:10:00,0.540609,0.649405,0.592937,0.557904,0.630032,0.745212,0.737355,0.715606,0.165586,0.374739
2022-08-06 09:15:00,0.564722,0.588753,0.600337,0.561215,0.638391,0.756192,0.743347,0.749314,0.164599,0.345616
2022-08-06 09:20:00,0.596123,0.533484,0.610213,0.56689,0.641585,0.766408,0.716215,0.78167,0.162296,0.328011
2022-08-06 09:25:00,0.62757,0.514603,0.625354,0.572433,0.639584,0.775051,0.650194,0.800181,0.159897,0.335177
2022-08-06 09:30:00,0.657262,0.523447,0.64395,0.577911,0.63404,0.782268,0.559197,0.808088,0.157523,0.357755
2022-08-06 09:35:00,0.669012,0.526251,0.651957,0.584478,0.624747,0.789884,0.466019,0.797877,0.156895,0.37095
2022-08-06 09:40:00,0.654672,0.514439,0.645572,0.590718,0.615255,0.798009,0.412068,0.762824,0.158654,0.363779
2022-08-06 09:45:00,0.624727,0.492692,0.629118,0.596067,0.605311,0.805965,0.384879,0.708907,0.161698,0.34373
2022-08-06 09:50:00,0.623107,0.474073,0.611608,0.596628,0.600327,0.813248,0.438494,0.665037,0.161977,0.327049
2022-08-06 09:55:00,0.673736,0.472134,0.603116,0.590288,0.603721,0.819632,0.551352,0.65374,0.157849,0.323773
2022-08-06 10:00:00,0.749841,0.482082,0.600954,0.579791,0.612375,0.825476,0.685842,0.664769,0.151142,0.32954
2022-08-06 10:05:00,0.80077,0.501469,0.602891,0.552638,0.618465,0.831547,0.758144,0.68059,0.146136,0.337668
2022-08-06 10:10:00,0.802931,0.529949,0.608985,0.512451,0.616931,0.838378,0.756447,0.688241,0.145374,0.344332
2022-08-06 10:15:00,0.770424,0.562227,0.617614,0.465818,0.61064,0.845604,0.709215,0.689954,0.147701,0.349339
2022-08-06 10:20:00,0.720338,0.590019,0.620711,0.449063,0.593965,0.852298,0.629982,0.691962,0.148088,0.354594
2022-08-06 10:25:00,0.661998,0.605231,0.616784,0.485113,0.569767,0.857449,0.547725,0.693167,0.144933,0.358801
2022-08-06 10:30:00,0.599432,0.61198,0.606756,0.553772,0.542086,0.86129,0.465666,0.694465,0.139537,0.362411
2022-08-06 10:35:00,0.541681,0.611339,0.615704,0.595298,0.535059,0.865051,0.394427,0.705683,0.138811,0.364312
2022-08-06 10:40:00,0.502577,0.604588,0.645253,0.590133,0.563178,0.86906,0.351007,0.727362,0.145123,0.363146
2022-08-06 10:45:00,0.479616,0.5942,0.686978,0.552988,0.611451,0.872948,0.324375,0.75278,0.155719,0.36052
2022-08-06 10:50:00,0.493778,0.583236,0.720859,0.535323,0.638528,0.876068,0.307886,0.773204,0.171866,0.367093
2022-08-06 10:55:00,0.550221,0.574195,0.732513,0.560537,0.627027,0.878252,0.298578,0.77578,0.190395,0.386535
2022-08-06 11:00:00,0.627291,0.567443,0.728179,0.612314,0.588415,0.879835,0.295776,0.767087,0.209752,0.41363
2022-08-06 11:05:00,0.686942,0.572451,0.705937,0.664269,0.539483,0.881456,0.38384,0.760624,0.22464,0.440188
2022-08-06 11:10:00,0.706341,0.591213,0.663489,0.698214,0.492561,0.883771,0.532091,0.759354,0.228909,0.459333
2022-08-06 11:15:00,0.69959,0.617932,0.606787,0.717151,0.450109,0.886542,0.696966,0.763398,0.226158,0.473543
2022-08-06 11:20:00,0.673025,0.638992,0.564182,0.729006,0.435453,0.888825,0.819059,0.780374,0.223978,0.489094
2022-08-06 11:25:00,0.633023,0.647325,0.54998,0.726216,0.461112,0.889367,0.867578,0.811202,0.223917,0.506117
2022-08-06 11:30:00,0.585587,0.647207,0.556059,0.712673,0.512347,0.888385,0.875903,0.846356,0.225237,0.523917
2022-08-06 11:35:00,0.538393,0.656087,0.548464,0.706328,0.552603,0.887632,0.863871,0.875053,0.230073,0.548167
2022-08-06 11:40:00,0.505438,0.67668,0.518807,0.704124,0.56816,0.887144,0.836476,0.886237,0.236715,0.576447
2022-08-06 11:45:00,0.483765,0.703519,0.47473,0.706219,0.565485,0.886365,0.801706,0.885869,0.243949,0.606206
2022-08-06 11:50:00,0.474571,0.714914,0.440593,0.697515,0.529999,0.885506,0.790768,0.884073,0.246134,0.624268
2022-08-06 11:55:00,0.484481,0.701617,0.432055,0.673623,0.463141,0.884721,0.80846,0.881849,0.239359,0.624688
2022-08-06 12:00:00,0.504386,0.67251,0.441183,0.638662,0.376688,0.883693,0.83966,0.879549,0.226875,0.61343
2022-08-06 12:05:00,0.529785,0.643961,0.440012,0.628067,0.30059,0.88162,0.82791,0.876592,0.211149,0.596953
2022-08-06 12:10:00,0.551157,0.627322,0.423402,0.650442,0.256843,0.878171,0.774894,0.87144,0.195992,0.580483
2022-08-06 12:15:00,0.570359,0.618775,0.397539,0.691384,0.235958,0.87378,0.697733,0.865165,0.182251,0.564449
2022-08-06 12:20:00,0.58896,0.626534,0.396289,0.711575,0.231888,0.869172,0.637407,0.858965,0.171318,0.551515
2022-08-06 12:25:00,0.604917,0.649171,0.432027,0.694217,0.241595,0.863653,0.626659,0.852776,0.167011,0.54372
2022-08-06 12:30:00,0.616857,0.678986,0.489489,0.652473,0.259438,0.857816,0.644727,0.846657,0.167123,0.539202
2022-08-06 12:35:00,0.621304,0.688717,0.557973,0.625855,0.28222,0.852073,0.662427,0.840322,0.170148,0.536485
2022-08-06 12:40:00,0.612496,0.667485,0.619514,0.631395,0.301742,0.846654,0.67714,0.833572,0.175883,0.535337
2022-08-06 12:45:00,0.59605,0.626923,0.671648,0.657169,0.319732,0.841287,0.69034,0.826459,0.183057,0.535014
2022-08-06 12:50:00,0.568706,0.622023,0.698105,0.683891,0.370045,0.835966,0.695221,0.8191,0.190391,0.540181
2022-08-06 12:55:00,0.534896,0.668015,0.689201,0.700263,0.450917,0.830987,0.698522,0.81165,0.196619,0.551333
2022-08-06 13:00:00,0.499461,0.737471,0.65631,0.708528,0.544488,0.826042,0.700271,0.803832,0.201672,0.565639
2022-08-06 13:05:00,0.491551,0.792576,0.638843,0.691941,0.63688,0.820124,0.711809,0.795456,0.204098,0.582018
2022-08-06 13:10:00,0.524582,0.811503,0.643458,0.646154,0.701996,0.812264,0.732426,0.785942,0.204506,0.596286
2022-08-06 13:15:00,0.578445,0.809556,0.662664,0.58146,0.744507,0.803075,0.754859,0.775563,0.203136,0.609173
2022-08-06 13:20:00,0.632648,0.801966,0.654546,0.545498,0.746277,0.79397,0.768991,0.76511,0.199473,0.620652
2022-08-06 13:25:00,0.670599,0.793857,0.609488,0.55822,0.693708,0.785529,0.769818,0.755246,0.19441,0.63082
2022-08-06 13:30:00,0.695154,0.784586,0.540148,0.598177,0.604931,0.777461,0.763172,0.745743,0.188416,0.639328
2022-08-06 13:35:00,0.708847,0.765293,0.471049,0.647418,0.498013,0.769197,0.75366,0.736034,0.181631,0.653448
2022-08-06 13:40:00,0.70647,0.732859,0.42627,0.684005,0.403095,0.760535,0.742333,0.725926,0.175268,0.671167
2022-08-06 13:45:00,0.695143,0.692687,0.398748,0.710568,0.322614,0.751441,0.730178,0.71544,0.169239,0.688318
2022-08-06 13:50:00,0.681852,0.668196,0.394942,0.727367,0.281404,0.741721,0.718423,0.704516,0.167922,0.686139
2022-08-06 13:55:00,0.66904,0.670323,0.413576,0.728551,0.298805,0.731142,0.707452,0.693029,0.172918,0.657508
2022-08-06 14:00:00,0.656535,0.687111,0.446882,0.718677,0.353462,0.719655,0.696753,0.680954,0.181675,0.612697
2022-08-06 14:05:00,0.644031,0.698953,0.497656,0.697289,0.432195,0.70693,0.685792,0.668321,0.18732,0.559827
2022-08-06 14:10:00,0.631333,0.697877,0.557838,0.660432,0.515347,0.692723,0.674411,0.655272,0.186298,0.511586
2022-08-06 14:15:00,0.618234,0.68858,0.614325,0.614602,0.590992,0.677844,0.662721,0.641862,0.181209,0.468723
2022-08-06 14:20:00,0.604394,0.676671,0.653468,0.589335,0.6404,0.66391,0.650901,0.627877,0.179518,0.429607
2022-08-06 14:25:00,0.589954,0.664129,0.661898,0.592361,0.653392,0.65187,0.637974,0.613445,0.183098,0.402285
2022-08-06 14:30:00,0.575324,0.650864,0.652215,0.61072,0.644543,0.640593,0.624561,0.598645,0.190071,0.382848
2022-08-06 14:35:00,0.561308,0.638917,0.629914,0.62527,0.619004,0.628508,0.61082,0.583779,0.200651,0.38306
2022-08-06 14:40:00,0.548226,0.627546,0.596073,0.625515,0.579828,0.615088,0.596578,0.568248,0.211885,0.401444
2022-08-06 14:45:00,0.535345,0.616468,0.555557,0.617349,0.531542,0.600646,0.581941,0.552582,0.222934,0.428358
2022-08-06 14:50:00,0.521794,0.60432,0.52018,0.605601,0.476637,0.58524,0.566849,0.537337,0.231553,0.446729
2022-08-06 14:55:00,0.506332,0.590488,0.494601,0.591962,0.420255,0.569062,0.551345,0.522848,0.23515,0.446573
2022-08-06 15:00:00,0.488795,0.57544,0.475039,0.57681,0.365143,0.552716,0.535635,0.508475,0.234893,0.435557
2022-08-06 15:05:00,0.472153,0.559809,0.472689,0.561141,0.314971,0.536857,0.519804,0.49313,0.22938,0.426171
2022-08-06 15:10:00,0.454443,0.543701,0.481646,0.545225,0.276445,0.521957,0.503483,0.476439,0.218469,0.421569
2022-08-06 15:15:00,0.436067,0.526883,0.494392,0.529056,0.247168,0.507426,0.486904,0.4588,0.204543,0.418442
2022-08-06 15:20:00,0.418431,0.510079,0.500297,0.512355,0.241966,0.492014,0.469726,0.440581,0.184265,0.419192
2022-08-06 15:25:00,0.39998,0.49247,0.492086,0.494927,0.264939,0.474981,0.451946,0.422282,0.160323,0.419332
2022-08-06 15:30:00,0.381381,0.47478,0.475631,0.475973,0.303972,0.456901,0.433927,0.404246,0.134749,0.417373
2022-08-06 15:35:00,0.362687,0.457714,0.448439,0.460254,0.343852,0.439161,0.415776,0.386437,0.114798,0.39934
2022-08-06 15:40:00,0.343909,0.44173,0.412227,0.444317,0.373361,0.422318,0.397548,0.369035,0.106676,0.364066
2022-08-06 15:45:00,0.32534,0.425957,0.372319,0.426745,0.39157,0.405646,0.379593,0.351696,0.106075,0.321852
2022-08-06 15:50:00,0.307373,0.409265,0.340251,0.411864,0.396133,0.388021,0.362246,0.333595,0.104314,0.29768
2022-08-06 15:55:00,0.29024,0.391551,0.319476,0.393789,0.386912,0.368955,0.345747,0.314382,0.097706,0.295376
2022-08-06 16:00:00,0.27339,0.373436,0.305152,0.37438,0.370608,0.349153,0.329478,0.294699,0.089184,0.301914
2022-08-06 16:05:00,0.256268,0.355358,0.295232,0.35572,0.352851,0.329804,0.312506,0.275752,0.082377,0.301851
2022-08-06 16:10:00,0.238839,0.337706,0.28578,0.336276,0.335478,0.3114,0.2938,0.257426,0.082729,0.291106
2022-08-06 16:15:00,0.220884,0.320004,0.275507,0.316758,0.317592,0.293229,0.274822,0.239084,0.087185,0.27452
2022-08-06 16:20:00,0.202348,0.301471,0.258601,0.297452,0.299773,0.274404,0.256023,0.220205,0.093157,0.253494
2022-08-06 16:25:00,0.18364,0.281999,0.235485,0.278468,0.280439,0.254909,0.237353,0.200958,0.099008,0.230843
2022-08-06 16:30:00,0.165257,0.261969,0.212291,0.259887,0.259732,0.235369,0.219062,0.181878,0.104133,0.209869
2022-08-06 16:35:00,0.147467,0.242492,0.190732,0.241828,0.234319,0.216211,0.201227,0.163492,0.108123,0.19366
2022-08-06 16:40:00,0.130486,0.223106,0.174282,0.2241,0.204853,0.197515,0.183588,0.145888,0.109859,0.180187
2022-08-06 16:45:00,0.114537,0.203991,0.160575,0.206191,0.177864,0.178856,0.165946,0.129131,0.109544,0.165482
2022-08-06 16:50:00,0.099574,0.181679,0.14679,0.188099,0.154675,0.159982,0.148716,0.113469,0.106524,0.148636
2022-08-06 16:55:00,0.08569,0.159572,0.134602,0.170194,0.132408,0.141409,0.131749,0.099073,0.100344,0.131459
2022-08-06 17:00:00,0.073103,0.142786,0.123726,0.15292,0.11009,0.123718,0.115882,0.085996,0.092612,0.115532
2022-08-06 17:05:00,0.061891,0.133504,0.116177,0.1362,0.093424,0.107137,0.100878,0.073482,0.084267,0.100714
2022-08-06 17:10:00,0.052349,0.126693,0.112303,0.119699,0.08796,0.091745,0.086932,0.061065,0.076063,0.086138
2022-08-06 17:15:00,0.044732,0.117752,0.108863,0.103517,0.089146,0.077722,0.074364,0.049324,0.068346,0.071818
2022-08-06 17:20:00,0.039011,0.105778,0.103077,0.088005,0.08922,0.065329,0.063186,0.039435,0.06011,0.058854
2022-08-06 17:25:00,0.035261,0.090459,0.095868,0.073931,0.082829,0.054672,0.053583,0.032558,0.052674,0.048477
2022-08-06 17:30:00,0.034385,0.072856,0.089098,0.061766,0.070204,0.04571,0.04582,0.028684,0.045782,0.040624
2022-08-06 17:35:00,0.03359,0.057814,0.082887,0.05153,0.055642,0.037831,0.040002,0.027735,0.0386,0.034213
2022-08-06 17:40:00,0.031523,0.050205,0.076166,0.043222,0.044444,0.03042,0.03621,0.025874,0.031824,0.028546
2022-08-06 17:45:00,0.028575,0.04987,0.069177,0.036943,0.037708,0.02455,0.035455,0.023287,0.025683,0.025263
2022-08-06 17:50:00,0.025881,0.052236,0.062553,0.032832,0.035308,0.022485,0.035139,0.021022,0.021347,0.023213
2022-08-06 17:55:00,0.024248,0.053761,0.056927,0.031485,0.038201,0.021908,0.034489,0.019679,0.019952,0.022569
2022-08-06 18:00:00,0.023262,0.053087,0.051304,0.031582,0.043347,0.022331,0.03341,0.018974,0.020294,0.022681
2022-08-06 18:05:00,0.022047,0.050029,0.045366,0.031692,0.046067,0.022841,0.03156,0.018327,0.019393,0.022651
2022-08-06 18:10:00,0.020229,0.045154,0.038942,0.031828,0.043934,0.022969,0.028605,0.017346,0.015756,0.02207
2022-08-06 18:15:00,0.017815,0.039397,0.032589,0.031594,0.03865,0.022708,0.024992,0.015877,0.01054,0.020869
2022-08-06 18:20:00,0.014957,0.033952,0.027422,0.030218,0.033014,0.02193,0.021516,0.013949,0.005801,0.01902
2022-08-06 18:25:00,0.011639,0.029151,0.024126,0.027282,0.028073,0.020345,0.018722,0.011548,0.002516,0.016472
2022-08-06 18:30:00,0.007891,0.024793,0.021866,0.023468,0.023731,0.01794,0.016439,0.008643,0.00034,0.013335
2022-08-06 18:35:00,0.004195,0.020497,0.019254,0.019496,0.019876,0.014832,0.014065,0.00538,0.0,0.009518
2022-08-06 18:40:00,0.001003,0.016316,0.015964,0.015755,0.016578,0.011101,0.011285,0.001945,0.0,0.005403
2022-08-06 18:45:00,0.0,0.01227,0.012201,0.01208,0.013574,0.007128,0.008361,0.0,0.0,0.001427
2022-08-06 18:50:00,0.0,0.008398,0.008371,0.008556,0.010396,0.003431,0.005641,0.0,0.0,0.0
2022-08-06 18:55:00,0.0,0.004941,0.00491,0.005496,0.007086,0.000792,0.00325,0.0,0.0,0.0
2022-08-06 19:00:00,0.0,0.002033,0.001998,0.002819,0.003752,0.0,0.001218,0.0,0.0,0.0
2022-08-06 19:05:00,0.0,0.0,0.0,0.000428,0.000769,0.0,0.0,0.0,0.0,0.0
2022-08-06 19:10:00,0.0,0.0,0.0,0.0,0.0,0.0,0.0,0.0,0.0,0.0
2022-08-06 19:15:00,0.0,0.0,0.0,0.0,0.0,0.0,0.0,0.0,0.0,0.0
2022-08-06 19:20:00,0.0,0.0,0.0,0.0,0.0,0.0,0.0,0.0,0.0,0.0
2022-08-06 19:25:00,0.0,0.0,0.0,0.0,0.0,0.0,0.0,0.0,0.0,0.0
2022-08-06 19:30:00,0.0,0.0,0.0,0.0,0.0,0.0,0.0,0.0,0.0,0.0
2022-08-06 19:35:00,0.0,0.0,0.0,0.0,0.0,0.0,0.0,0.0,0.0,0.0
2022-08-06 19:40:00,0.0,0.0,0.0,0.0,0.0,0.0,0.0,0.0,0.0,0.0
2022-08-06 19:45:00,0.0,0.0,0.0,0.0,0.0,0.0,0.0,0.0,0.0,0.0
2022-08-06 19:50:00,0.0,0.0,0.0,0.0,0.0,0.0,0.0,0.0,0.0,0.0
2022-08-06 19:55:00,0.0,0.0,0.0,0.0,0.0,0.0,0.0,0.0,0.0,0.0
2022-08-06 20:00:00,0.0,0.0,0.0,0.0,0.0,0.0,0.0,0.0,0.0,0.0
2022-08-06 20:05:00,0.0,0.0,0.0,0.0,0.0,0.0,0.0,0.0,0.0,0.0
2022-08-06 20:10:00,0.0,0.0,0.0,0.0,0.0,0.0,0.0,0.0,0.0,0.0
2022-08-06 20:15:00,0.0,0.0,0.0,0.0,0.0,0.0,0.0,0.0,0.0,0.0
2022-08-06 20:20:00,0.0,0.0,0.0,0.0,0.0,0.0,0.0,0.0,0.0,0.0
2022-08-06 20:25:00,0.0,0.0,0.0,0.0,0.0,0.0,0.0,0.0,0.0,0.0
2022-08-06 20:30:00,0.0,0.0,0.0,0.0,0.0,0.0,0.0,0.0,0.0,0.0
2022-08-06 20:35:00,0.0,0.0,0.0,0.0,0.0,0.0,0.0,0.0,0.0,0.0
2022-08-06 20:40:00,0.0,0.0,0.0,0.0,0.0,0.0,0.0,0.0,0.0,0.0
2022-08-06 20:45:00,0.0,0.0,0.0,0.0,0.0,0.0,0.0,0.0,0.0,0.0
2022-08-06 20:50:00,0.0,0.0,0.0,0.0,0.0,0.0,0.0,0.0,0.0,0.0
2022-08-06 20:55:00,0.0,0.0,0.0,0.0,0.0,0.0,0.0,0.0,0.0,0.0
2022-08-06 21:00:00,0.0,0.0,0.0,0.0,0.0,0.0,0.0,0.0,0.0,0.0
2022-08-06 21:05:00,0.0,0.0,0.0,0.0,0.0,0.0,0.0,0.0,0.0,0.0
2022-08-06 21:10:00,0.0,0.0,0.0,0.0,0.0,0.0,0.0,0.0,0.0,0.0
2022-08-06 21:15:00,0.0,0.0,0.0,0.0,0.0,0.0,0.0,0.0,0.0,0.0
2022-08-06 21:20:00,0.0,0.0,0.0,0.0,0.0,0.0,0.0,0.0,0.0,0.0
2022-08-06 21:25:00,0.0,0.0,0.0,0.0,0.0,0.0,0.0,0.0,0.0,0.0
2022-08-06 21:30:00,0.0,0.0,0.0,0.0,0.0,0.0,0.0,0.0,0.0,0.0
2022-08-06 21:35:00,0.0,0.0,0.0,0.0,0.0,0.0,0.0,0.0,0.0,0.0
2022-08-06 21:40:00,0.0,0.0,0.0,0.0,0.0,0.0,0.0,0.0,0.0,0.0
2022-08-06 21:45:00,0.0,0.0,0.0,0.0,0.0,0.0,0.0,0.0,0.0,0.0
2022-08-06 21:50:00,0.0,0.0,0.0,0.0,0.0,0.0,0.0,0.0,0.0,0.0
2022-08-06 21:55:00,0.0,0.0,0.0,0.0,0.0,0.0,0.0,0.0,0.0,0.0
2022-08-06 22:00:00,0.0,0.0,0.0,0.0,0.0,0.0,0.0,0.0,0.0,0.0
2022-08-06 22:05:00,0.0,0.0,0.0,0.0,0.0,0.0,0.0,0.0,0.0,0.0
2022-08-06 22:10:00,0.0,0.0,0.0,0.0,0.0,0.0,0.0,0.0,0.0,0.0
2022-08-06 22:15:00,0.0,0.0,0.0,0.0,0.0,0.0,0.0,0.0,0.0,0.0
2022-08-06 22:20:00,0.0,0.0,0.0,0.0,0.0,0.0,0.0,0.0,0.0,0.0
2022-08-06 22:25:00,0.0,0.0,0.0,0.0,0.0,0.0,0.0,0.0,0.0,0.0
2022-08-06 22:30:00,0.0,0.0,0.0,0.0,0.0,0.0,0.0,0.0,0.0,0.0
2022-08-06 22:35:00,0.0,0.0,0.0,0.0,0.0,0.0,0.0,0.0,0.0,0.0
2022-08-06 22:40:00,0.0,0.0,0.0,0.0,0.0,0.0,0.0,0.0,0.0,0.0
2022-08-06 22:45:00,0.0,0.0,0.0,0.0,0.0,0.0,0.0,0.0,0.0,0.0
2022-08-06 22:50:00,0.0,0.0,0.0,0.0,0.0,0.0,0.0,0.0,0.0,0.0
2022-08-06 22:55:00,0.0,0.0,0.0,0.0,0.0,0.0,0.0,0.0,0.0,0.0
2022-08-06 23:00:00,0.0,0.0,0.0,0.0,0.0,0.0,0.0,0.0,0.0,0.0
2022-08-06 23:05:00,0.0,0.0,0.0,0.0,0.0,0.0,0.0,0.0,0.0,0.0
2022-08-06 23:10:00,0.0,0.0,0.0,0.0,0.0,0.0,0.0,0.0,0.0,0.0
2022-08-06 23:15:00,0.0,0.0,0.0,0.0,0.0,0.0,0.0,0.0,0.0,0.0
2022-08-06 23:20:00,0.0,0.0,0.0,0.0,0.0,0.0,0.0,0.0,0.0,0.0
2022-08-06 23:25:00,0.0,0.0,0.0,0.0,0.0,0.0,0.0,0.0,0.0,0.0
2022-08-06 23:30:00,0.0,0.0,0.0,0.0,0.0,0.0,0.0,0.0,0.0,0.0
2022-08-06 23:35:00,0.0,0.0,0.0,0.0,0.0,0.0,0.0,0.0,0.0,0.0
2022-08-06 23:40:00,0.0,0.0,0.0,0.0,0.0,0.0,0.0,0.0,0.0,0.0
2022-08-06 23:45:00,0.0,0.0,0.0,0.0,0.0,0.0,0.0,0.0,0.0,0.0
2022-08-06 23:50:00,0.0,0.0,0.0,0.0,0.0,0.0,0.0,0.0,0.0,0.0
2022-08-06 23:55:00,0.0,0.0,0.0,0.0,0.0,0.0,0.0,0.0,0.0,0.0
2022-08-07 00:00:00,0.0,0.0,0.0,0.0,0.0,0.0,0.0,0.0,0.0,0.0
2022-08-07 00:05:00,0.0,0.0,0.0,0.0,0.0,0.0,0.0,0.0,0.0,0.0
2022-08-07 00:10:00,0.0,0.0,0.0,0.0,0.0,0.0,0.0,0.0,0.0,0.0
2022-08-07 00:15:00,0.0,0.0,0.0,0.0,0.0,0.0,0.0,0.0,0.0,0.0
2022-08-07 00:20:00,0.0,0.0,0.0,0.0,0.0,0.0,0.0,0.0,0.0,0.0
2022-08-07 00:25:00,0.0,0.0,0.0,0.0,0.0,0.0,0.0,0.0,0.0,0.0
2022-08-07 00:30:00,0.0,0.0,0.0,0.0,0.0,0.0,0.0,0.0,0.0,0.0
2022-08-07 00:35:00,0.0,0.0,0.0,0.0,0.0,0.0,0.0,0.0,0.0,0.0
2022-08-07 00:40:00,0.0,0.0,0.0,0.0,0.0,0.0,0.0,0.0,0.0,0.0
2022-08-07 00:45:00,0.0,0.0,0.0,0.0,0.0,0.0,0.0,0.0,0.0,0.0
2022-08-07 00:50:00,0.0,0.0,0.0,0.0,0.0,0.0,0.0,0.0,0.0,0.0
2022-08-07 00:55:00,0.0,0.0,0.0,0.0,0.0,0.0,0.0,0.0,0.0,0.0
2022-08-07 01:00:00,0.0,0.0,0.0,0.0,0.0,0.0,0.0,0.0,0.0,0.0
2022-08-07 01:05:00,0.0,0.0,0.0,0.0,0.0,0.0,0.0,0.0,0.0,0.0
2022-08-07 01:10:00,0.0,0.0,0.0,0.0,0.0,0.0,0.0,0.0,0.0,0.0
2022-08-07 01:15:00,0.0,0.0,0.0,0.0,0.0,0.0,0.0,0.0,0.0,0.0
2022-08-07 01:20:00,0.0,0.0,0.0,0.0,0.0,0.0,0.0,0.0,0.0,0.0
2022-08-07 01:25:00,0.0,0.0,0.0,0.0,0.0,0.0,0.0,0.0,0.0,0.0
2022-08-07 01:30:00,0.0,0.0,0.0,0.0,0.0,0.0,0.0,0.0,0.0,0.0
2022-08-07 01:35:00,0.0,0.0,0.0,0.0,0.0,0.0,0.0,0.0,0.0,0.0
2022-08-07 01:40:00,0.0,0.0,0.0,0.0,0.0,0.0,0.0,0.0,0.0,0.0
2022-08-07 01:45:00,0.0,0.0,0.0,0.0,0.0,0.0,0.0,0.0,0.0,0.0
2022-08-07 01:50:00,0.0,0.0,0.0,0.0,0.0,0.0,0.0,0.0,0.0,0.0
2022-08-07 01:55:00,0.0,0.0,0.0,0.0,0.0,0.0,0.0,0.0,0.0,0.0
2022-08-07 02:00:00,0.0,0.0,0.0,0.0,0.0,0.0,0.0,0.0,0.0,0.0
2022-08-07 02:05:00,0.0,0.0,0.0,0.0,0.0,0.0,0.0,0.0,0.0,0.0
2022-08-07 02:10:00,0.0,0.0,0.0,0.0,0.0,0.0,0.0,0.0,0.0,0.0
2022-08-07 02:15:00,0.0,0.0,0.0,0.0,0.0,0.0,0.0,0.0,0.0,0.0
2022-08-07 02:20:00,0.0,0.0,0.0,0.0,0.0,0.0,0.0,0.0,0.0,0.0
2022-08-07 02:25:00,0.0,0.0,0.0,0.0,0.0,0.0,0.0,0.0,0.0,0.0
2022-08-07 02:30:00,0.0,0.0,0.0,0.0,0.0,0.0,0.0,0.0,0.0,0.0
2022-08-07 02:35:00,0.0,0.0,0.0,0.0,0.0,0.0,0.0,0.0,0.0,0.0
2022-08-07 02:40:00,0.0,0.0,0.0,0.0,0.0,0.0,0.0,0.0,0.0,0.0
2022-08-07 02:45:00,0.0,0.0,0.0,0.0,0.0,0.0,0.0,0.0,0.0,0.0
2022-08-07 02:50:00,0.0,0.0,0.0,0.0,0.0,0.0,0.0,0.0,0.0,0.0
2022-08-07 02:55:00,0.0,0.0,0.0,0.0,0.0,0.0,0.0,0.0,0.0,0.0
2022-08-07 03:00:00,0.0,0.0,0.0,0.0,0.0,0.0,0.0,0.0,0.0,0.0
2022-08-07 03:05:00,0.0,0.0,0.0,0.0,0.0,0.0,0.0,0.0,0.0,0.0
2022-08-07 03:10:00,0.0,0.0,0.0,0.0,0.0,0.0,0.0,0.0,0.0,0.0
2022-08-07 03:15:00,0.0,0.0,0.0,0.0,0.0,0.0,0.0,0.0,0.0,0.0
2022-08-07 03:20:00,0.0,0.0,0.0,0.0,0.0,0.0,0.0,0.0,0.0,0.0
2022-08-07 03:25:00,0.0,0.0,0.0,0.0,0.0,0.0,0.0,0.0,0.0,0.0
2022-08-07 03:30:00,0.0,0.0,0.0,0.0,0.0,0.0,0.0,0.0,0.0,0.0
2022-08-07 03:35:00,0.0,0.0,0.0,0.0,0.0,0.0,0.0,0.0,0.0,0.0
2022-08-07 03:40:00,0.0,0.0,0.0,0.0,0.0,0.0,0.0,0.0,0.0,0.0
2022-08-07 03:45:00,0.0,0.0,0.0,0.0,0.0,0.0,0.0,0.0,0.0,0.0
2022-08-07 03:50:00,0.0,0.0,0.0,0.0,0.0,0.0,0.0,0.0,0.0,0.0
2022-08-07 03:55:00,0.003081,0.0,0.0,0.0,0.0,0.0,0.0,0.000512,0.0,0.0
2022-08-07 04:00:00,0.00724,0.0,0.0,0.0,0.0,0.0,0.003109,0.004128,0.0,0.0
2022-08-07 04:05:00,0.010893,0.0,0.0,0.0,0.0,0.0,0.006894,0.007796,0.0,0.0
2022-08-07 04:10:00,0.014631,0.0,0.0,0.0,0.0,0.0,0.010771,0.011092,0.0,0.0
2022-08-07 04:15:00,0.017975,0.0,0.000594,0.0,0.0,0.001631,0.014506,0.014193,0.0,0.000738
2022-08-07 04:20:00,0.020953,0.000922,0.002437,0.0001,0.00123,0.004575,0.01818,0.017026,0.000227,0.003181
2022-08-07 04:25:00,0.023211,0.00402,0.004791,0.003359,0.004348,0.008376,0.021918,0.019355,0.000973,0.007022
2022-08-07 04:30:00,0.024967,0.007629,0.007514,0.007331,0.00834,0.012522,0.025446,0.02152,0.001573,0.011729
2022-08-07 04:35:00,0.026534,0.011361,0.010508,0.011327,0.012064,0.01653,0.028471,0.024259,0.002594,0.016759
2022-08-07 04:40:00,0.027802,0.014873,0.013577,0.015123,0.015164,0.020091,0.031057,0.027953,0.004384,0.021529
2022-08-07 04:45:00,0.028925,0.018324,0.016646,0.018813,0.018118,0.022971,0.033319,0.032087,0.006868,0.025835
2022-08-07 04:50:00,0.030633,0.022138,0.019998,0.022015,0.021225,0.024951,0.03512,0.035441,0.009897,0.028581
2022-08-07 04:55:00,0.033501,0.026427,0.023938,0.024237,0.02524,0.025861,0.036285,0.037107,0.013551,0.029323
2022-08-07 05:00:00,0.036976,0.03073,0.028036,0.025688,0.029712,0.026039,0.037051,0.037582,0.017623,0.02874
2022-08-07 05:05:00,0.041539,0.034209,0.031374,0.026685,0.033548,0.026007,0.03781,0.037695,0.023593,0.027337
2022-08-07 05:10:00,0.047385,0.036374,0.033395,0.027379,0.035873,0.025716,0.03866,0.039225,0.030924,0.026367
2022-08-07 05:15:00,0.054094,0.037569,0.034345,0.028126,0.036941,0.025419,0.039364,0.043651,0.039127,0.025788
2022-08-07 05:20:00,0.062251,0.038373,0.034632,0.029471,0.03748,0.025985,0.042491,0.049981,0.05033,0.026074
2022-08-07 05:25:00,0.071823,0.038656,0.034465,0.031916,0.03763,0.029486,0.047742,0.058094,0.063324,0.030286
2022-08-07 05:30:00,0.082871,0.039,0.035956,0.035178,0.03821,0.037149,0.054914,0.068021,0.077503,0.038221
2022-08-07 05:35:00,0.095914,0.042445,0.04041,0.041099,0.041902,0.046207,0.063882,0.079676,0.089949,0.047585
2022-08-07 05:40:00,0.110819,0.048147,0.047197,0.047747,0.047859,0.055721,0.074499,0.092996,0.098496,0.057456
2022-08-07 05:45:00,0.126635,0.056018,0.056256,0.055569,0.055986,0.066357,0.086836,0.107909,0.103945,0.068473
2022-08-07 05:50:00,0.142529,0.066242,0.067763,0.065488,0.066472,0.079101,0.101076,0.124351,0.107905,0.081538
2022-08-07 05:55:00,0.158315,0.078712,0.081529,0.077805,0.07925,0.093854,0.116701,0.141685,0.110084,0.096647
2022-08-07 06:00:00,0.174422,0.092435,0.096444,0.091545,0.093299,0.109556,0.132736,0.159114,0.111169,0.112879
2022-08-07 06:05:00,0.191237,0.106565,0.111564,0.10554,0.107597,0.125574,0.148789,0.176672,0.113096,0.129412
2022-08-07 06:10:00,0.208773,0.121019,0.126932,0.119658,0.122093,0.141824,0.164971,0.194644,0.116655,0.146117
2022-08-07 06:15:00,0.226911,0.136277,0.143124,0.134474,0.13734,0.158677,0.181639,0.213141,0.12152,0.163632
2022-08-07 06:20:00,0.245289,0.152462,0.160252,0.150107,0.153371,0.176488,0.198926,0.231942,0.129286,0.182037
2022-08-07 06:25:00,0.263606,0.169224,0.177816,0.166381,0.169918,0.194714,0.216506,0.250325,0.140151,0.200741
2022-08-07 06:30:00,0.281863,0.186152,0.195138,0.183322,0.187018,0.212806,0.234292,0.268125,0.153146,0.219161
2022-08-07 06:35:00,0.300274,0.203206,0.212732,0.201177,0.20499,0.230885,0.252546,0.285953,0.169008,0.237665
2022-08-07 06:40:00,0.318148,0.220558,0.230484,0.21972,0.223674,0.249433,0.271207,0.304367,0.186924,0.256566
2022-08-07 06:45:00,0.335199,0.23844,0.24886,0.238658,0.242738,0.268759,0.28998,0.323508,0.206507,0.275955
2022-08-07 06:50:00,0.352055,0.256756,0.26776,0.257514,0.261967,0.288532,0.308287,0.343017,0.218459,0.295441
2022-08-07 06:55:00,0.369168,0.27525,0.286675,0.275635,0.280573,0.308267,0.325453,0.362121,0.219709,0.314188
2022-08-07 07:00:00,0.386488,0.293976,0.305507,0.293003,0.298376,0.327828,0.341492,0.380739,0.214284,0.331998
2022-08-07 07:05:00,0.404221,0.313115,0.324753,0.310573,0.315785,0.347035,0.3578,0.39956,0.207878,0.349872
2022-08-07 07:10:00,0.422195,0.332541,0.344347,0.328838,0.334275,0.365331,0.375267,0.418585,0.210278,0.368657
2022-08-07 07:15:00,0.440125,0.351906,0.363944,0.347841,0.353302,0.382811,0.393485,0.437394,0.219384,0.388187
2022-08-07 07:20:00,0.457656,0.370631,0.383016,0.366752,0.37205,0.400063,0.411515,0.45536,0.230379,0.407496
2022-08-07 07:25:00,0.474367,0.387739,0.400124,0.38393,0.389175,0.417868,0.428668,0.471182,0.24599,0.425283
2022-08-07 07:30:00,0.490446,0.403539,0.415421,0.399519,0.404915,0.43594,0.445164,0.485108,0.264734,0.44164
2022-08-07 07:35:00,0.506512,0.419454,0.430956,0.415192,0.420777,0.453516,0.461961,0.499303,0.280338,0.458059
2022-08-07 07:40:00,0.522648,0.436229,0.447825,0.431971,0.437601,0.469538,0.479146,0.514938,0.293186,0.475527
2022-08-07 07:45:00,0.538613,0.453686,0.465469,0.449481,0.4552,0.484236,0.496324,0.531346,0.303053,0.493743
2022-08-07 07:50:00,0.554263,0.471285,0.483153,0.467055,0.472884,0.498979,0.512919,0.547797,0.307971,0.51175
2022-08-07 07:55:00,0.569133,0.488358,0.500145,0.484029,0.489961,0.514367,0.528583,0.563468,0.306744,0.52901
2022-08-07 08:00:00,0.583178,0.504691,0.51627,0.500392,0.506418,0.530262,0.543579,0.57829,0.301652,0.545575
2022-08-07 08:05:00,0.597084,0.520552,0.531813,0.516801,0.52289,0.546658,0.55873,0.592938,0.303566,0.561354
2022-08-07 08:10:00,0.611036,0.535059,0.545983,0.533282,0.539327,0.563198,0.573958,0.607602,0.317358,0.57589
2022-08-07 08:15:00,0.624753,0.548163,0.558809,0.549521,0.555426,0.579471,0.588723,0.622021,0.339102,0.589539
2022-08-07 08:20:00,0.638035,0.561063,0.571437,0.565096,0.570931,0.595212,0.602698,0.63601,0.365967,0.602999
2022-08-07 08:25:00,0.650714,0.574366,0.584486,0.579767,0.585626,0.609824,0.616324,0.648862,0.393005,0.616485
2022-08-07 08:30:00,0.66299,0.587792,0.597689,0.593698,0.599619,0.623329,0.629357,0.660611,0.419852,0.629863
2022-08-07 08:35:00,0.674998,0.601526,0.611287,0.60767,0.613616,0.636833,0.641672,0.672409,0.460916,0.643514
2022-08-07 08:40:00,0.686421,0.615667,0.625207,0.621941,0.627716,0.650736,0.653971,0.6844,0.513164,0.657422
2022-08-07 08:45:00,0.697121,0.629825,0.63899,0.636001,0.641452,0.664633,0.665934,0.696241,0.571088,0.671186
2022-08-07 08:50:00,0.707291,0.643271,0.652273,0.649614,0.654528,0.67771,0.677216,0.707599,0.601709,0.684446
2022-08-07 08:55:00,0.716107,0.655432,0.664708,0.662226,0.666432,0.689265,0.687307,0.717875,0.589004,0.696583
2022-08-07 09:00:00,0.723721,0.666406,0.676592,0.674234,0.677299,0.699736,0.696702,0.727154,0.544766,0.707703
2022-08-07 09:05:00,0.718553,0.67744,0.688777,0.685984,0.688148,0.710526,0.689699,0.736424,0.505255,0.718777
2022-08-07 09:10:00,0.698531,0.6886,0.702006,0.697461,0.699267,0.721649,0.669979,0.745537,0.496302,0.729952
2022-08-07 09:15:00,0.667273,0.699481,0.715918,0.708624,0.710305,0.73251,0.64187,0.754175,0.509544,0.740931
2022-08-07 09:20:00,0.630618,0.709577,0.728903,0.718969,0.720613,0.742569,0.638417,0.762141,0.52414,0.751369
2022-08-07 09:25:00,0.603525,0.718584,0.739101,0.727947,0.729979,0.751184,0.667073,0.768837,0.530371,0.760875
2022-08-07 09:30:00,0.583916,0.726821,0.746939,0.735732,0.738695,0.758581,0.711038,0.774399,0.530612,0.769614
2022-08-07 09:35:00,0.568571,0.735704,0.754679,0.743614,0.747197,0.766132,0.718776,0.780793,0.555772,0.777941
2022-08-07 09:40:00,0.56096,0.746054,0.762718,0.751797,0.755651,0.773796,0.68379,0.788691,0.610242,0.786085
2022-08-07 09:45:00,0.558551,0.757079,0.770554,0.759761,0.763862,0.781285,0.620604,0.797242,0.679502,0.793963
2022-08-07 09:50:00,0.556226,0.76709,0.777598,0.766916,0.771114,0.788792,0.555428,0.805636,0.731312,0.800877
2022-08-07 09:55:00,0.554019,0.774874,0.783271,0.772691,0.776707,0.796078,0.518338,0.81339,0.745129,0.806147
2022-08-07 10:00:00,0.551581,0.781097,0.788011,0.777573,0.781251,0.802898,0.499407,0.820533,0.733965,0.81044
2022-08-07 10:05:00,0.561509,0.787267,0.793425,0.783256,0.786713,0.810204,0.483939,0.827131,0.720002,0.815666
2022-08-07 10:10:00,0.585512,0.794346,0.800278,0.790431,0.793813,0.818059,0.47442,0.833176,0.714241,0.822363
2022-08-07 10:15:00,0.6171,0.802022,0.80783,0.798121,0.80143,0.825619,0.470445,0.83869,0.71477,0.829641
2022-08-07 10:20:00,0.632374,0.809164,0.814751,0.805671,0.808802,0.831731,0.464182,0.843321,0.707086,0.836382
2022-08-07 10:25:00,0.620186,0.814707,0.820016,0.812083,0.814299,0.835611,0.463848,0.84635,0.689177,0.841282
2022-08-07 10:30:00,0.589153,0.819032,0.824012,0.817838,0.818445,0.838094,0.466943,0.848082,0.664591,0.844632
2022-08-07 10:35:00,0.562027,0.823611,0.827984,0.823388,0.822744,0.84046,0.459055,0.850057,0.649347,0.848097
2022-08-07 10:40:00,0.551727,0.82832,0.83206,0.828687,0.827418,0.843352,0.448472,0.852216,0.654592,0.851809
2022-08-07 10:45:00,0.553201,0.832567,0.835799,0.833588,0.831896,0.846534,0.436159,0.853887,0.673848,0.855266
2022-08-07 10:50:00,0.560184,0.836116,0.839043,0.837352,0.835589,0.849302,0.408688,0.854652,0.689647,0.858178
2022-08-07 10:55:00,0.567689,0.838905,0.841668,0.839366,0.838379,0.850771,0.378458,0.854618,0.695741,0.860489
2022-08-07 11:00:00,0.575135,0.841307,0.84395,0.840336,0.84075,0.851258,0.349535,0.854223,0.694756,0.862405
2022-08-07 11:05:00,0.573001,0.843684,0.846208,0.841893,0.843103,0.852307,0.35637,0.854039,0.701306,0.86444
2022-08-07 11:10:00,0.557658,0.846724,0.849139,0.844958,0.84613,0.854383,0.405042,0.85477,0.718416,0.866772
2022-08-07 11:15:00,0.534294,0.850034,0.852462,0.848617,0.849598,0.856828,0.471899,0.855858,0.742447,0.869124
2022-08-07 11:20:00,0.527477,0.852072,0.855123,0.851083,0.852511,0.85908,0.476099,0.857114,0.772535,0.87109
2022-08-07 11:25:00,0.546662,0.851395,0.856199,0.851356,0.853851,0.860478,0.410933,0.858594,0.803951,0.872031
2022-08-07 11:30:00,0.580834,0.848981,0.856092,0.850283,0.853902,0.860969,0.309637,0.859801,0.834003,0.872034
2022-08-07 11:35:00,0.611258,0.847129,0.855899,0.849064,0.853976,0.861002,0.239105,0.859948,0.846604,0.871639
2022-08-07 11:40:00,0.623483,0.846332,0.855832,0.848316,0.854163,0.860575,0.228115,0.85869,0.834985,0.871085
2022-08-07 11:45:00,0.62283,0.846033,0.855672,0.848015,0.854036,0.859766,0.251607,0.856341,0.806327,0.870366
2022-08-07 11:50:00,0.619285,0.846247,0.855558,0.848035,0.85335,0.858593,0.275548,0.853529,0.77108,0.869054
2022-08-07 11:55:00,0.61224,0.846813,0.8557,0.848369,0.851871,0.856814,0.292729,0.851077,0.738582,0.866863
2022-08-07 12:00:00,0.604086,0.846985,0.855709,0.848626,0.849556,0.85428,0.304059,0.848812,0.710206,0.864028
2022-08-07 12:05:00,0.594215,0.846274,0.854987,0.848093,0.846789,0.851384,0.314411,0.845527,0.688649,0.860931
2022-08-07 12:10:00,0.584682,0.843989,0.852716,0.846191,0.843479,0.847636,0.321897,0.840461,0.682413,0.857217
2022-08-07 12:15:00,0.575655,0.840384,0.849109,0.843116,0.8397,0.843031,0.325425,0.834582,0.686153,0.852923
2022-08-07 12:20:00,0.556121,0.836411,0.844868,0.839435,0.835663,0.838514,0.331233,0.829048,0.687342,0.849227
2022-08-07 12:25:00,0.526582,0.832742,0.840343,0.835268,0.831278,0.83406,0.331305,0.82409,0.68525,0.846166
2022-08-07 12:30:00,0.491427,0.829057,0.83525,0.830574,0.826237,0.829841,0.328241,0.819239,0.680881,0.843611
2022-08-07 12:35:00,0.454406,0.825205,0.829641,0.826212,0.821693,0.825215,0.33329,0.814459,0.67422,0.840459
2022-08-07 12:40:00,0.42582,0.821229,0.823248,0.822095,0.81769,0.820145,0.340278,0.809118,0.668532,0.836144
2022-08-07 12:45:00,0.403221,0.817011,0.816261,0.817664,0.813727,0.814773,0.35154,0.802872,0.663124,0.830862
2022-08-07 12:50:00,0.393888,0.811834,0.809708,0.812539,0.809764,0.809215,0.403075,0.796252,0.657551,0.825203
2022-08-07 12:55:00,0.4006,0.804955,0.804352,0.806541,0.80597,0.803986,0.482867,0.790013,0.652361,0.819754
2022-08-07 13:00:00,0.416769,0.796767,0.799593,0.79992,0.801871,0.798923,0.571493,0.783969,0.647112,0.814092
2022-08-07 13:05:00,0.451446,0.788642,0.794185,0.792926,0.796853,0.793024,0.647649,0.777049,0.635621,0.807421
2022-08-07 13:10:00,0.495992,0.780857,0.787334,0.785502,0.790534,0.78556,0.69505,0.768353,0.617977,0.799311
2022-08-07 13:15:00,0.542787,0.772955,0.779473,0.777642,0.783187,0.77701,0.723783,0.758331,0.596474,0.790301
2022-08-07 13:20:00,0.59332,0.765354,0.771667,0.770045,0.775638,0.767994,0.739286,0.748156,0.57822,0.781092
2022-08-07 13:25:00,0.633097,0.758266,0.764531,0.762965,0.768595,0.758632,0.740448,0.738469,0.567386,0.772212
2022-08-07 13:30:00,0.66291,0.751191,0.757436,0.755939,0.761618,0.748999,0.732971,0.728935,0.561537,0.763366
2022-08-07 13:35:00,0.683132,0.743956,0.749421,0.748719,0.753469,0.739818,0.703317,0.718379,0.552151,0.753534
2022-08-07 13:40:00,0.685646,0.736446,0.739602,0.741435,0.74364,0.730874,0.655804,0.706041,0.537876,0.742097
2022-08-07 13:45:00,0.677011,0.728474,0.728513,0.733918,0.732815,0.721651,0.600037,0.692574,0.520279,0.729726
2022-08-07 13:50:00,0.667823,0.719841,0.717298,0.725789,0.72207,0.711966,0.577599,0.679134,0.50024,0.717415
2022-08-07 13:55:00,0.655825,0.710698,0.706816,0.716926,0.71189,0.701712,0.595887,0.666395,0.479857,0.705609
2022-08-07 14:00:00,0.641439,0.700926,0.696796,0.70737,0.702201,0.690867,0.628394,0.654339,0.459662,0.694117
2022-08-07 14:05:00,0.62949,0.690017,0.686609,0.696354,0.692342,0.679505,0.652873,0.643172,0.436319,0.682315
2022-08-07 14:10:00,0.616636,0.677462,0.67607,0.683605,0.682007,0.667883,0.651649,0.633246,0.412339,0.669961
2022-08-07 14:15:00,0.603594,0.663825,0.665137,0.669962,0.671187,0.656075,0.635666,0.623699,0.388764,0.657382
2022-08-07 14:20:00,0.590053,0.650076,0.653672,0.656286,0.65987,0.643735,0.600454,0.612869,0.367137,0.645223
2022-08-07 14:25:00,0.576073,0.636747,0.641454,0.643071,0.647765,0.63068,0.546285,0.599751,0.350513,0.633822
2022-08-07 14:30:00,0.561623,0.623859,0.628597,0.630346,0.634897,0.617071,0.483022,0.5852,0.336933,0.622463
2022-08-07 14:35:00,0.547124,0.611667,0.615246,0.618245,0.621629,0.603113,0.43839,0.570329,0.325628,0.610195
2022-08-07 14:40:00,0.532227,0.600492,0.601745,0.60731,0.608233,0.588801,0.41982,0.555204,0.315874,0.596589
2022-08-07 14:45:00,0.516937,0.589418,0.5881,0.59686,0.594647,0.574435,0.41848,0.539734,0.307269,0.582134
2022-08-07 14:50:00,0.501365,0.57733,0.573907,0.584962,0.580615,0.560553,0.431586,0.523928,0.298864,0.567614
2022-08-07 14:55:00,0.485617,0.563719,0.559077,0.571421,0.56616,0.547476,0.454626,0.507535,0.290261,0.553518
2022-08-07 15:00:00,0.469887,0.549008,0.544031,0.556563,0.55137,0.534494,0.477158,0.490671,0.281457,0.539552
2022-08-07 15:05:00,0.454478,0.533852,0.529578,0.541166,0.536362,0.520414,0.489162,0.47348,0.27328,0.524817
2022-08-07 15:10:00,0.439706,0.518316,0.516259,0.52546,0.520874,0.504881,0.485633,0.456134,0.265739,0.508603
2022-08-07 15:15:00,0.424948,0.502387,0.50322,0.509576,0.504889,0.488358,0.47364,0.43893,0.258511,0.491271
2022-08-07 15:20:00,0.409274,0.486292,0.489381,0.493378,0.488598,0.471128,0.459241,0.422235,0.251729,0.473347
2022-08-07 15:25:00,0.392269,0.470154,0.473392,0.476633,0.471894,0.453372,0.442728,0.406287,0.245165,0.454954
2022-08-07 15:30:00,0.374302,0.454093,0.456328,0.459678,0.455005,0.435538,0.425358,0.390381,0.238731,0.43644
2022-08-07 15:35:00,0.356038,0.438219,0.438751,0.443348,0.438649,0.418496,0.407712,0.37365,0.23221,0.418469
2022-08-07 15:40:00,0.33762,0.422826,0.421013,0.427972,0.423141,0.402459,0.389994,0.355811,0.224851,0.401519
2022-08-07 15:45:00,0.319148,0.407446,0.40327,0.412724,0.407769,0.386491,0.372244,0.337227,0.216873,0.384879
2022-08-07 15:50:00,0.300733,0.391146,0.385331,0.396586,0.391623,0.369619,0.354465,0.318359,0.207824,0.367391
2022-08-07 15:55:00,0.28238,0.373611,0.367363,0.379205,0.374548,0.351785,0.33662,0.29953,0.197144,0.348634
2022-08-07 16:00:00,0.264219,0.355541,0.349619,0.361189,0.357136,0.333616,0.319003,0.281024,0.185579,0.329363
2022-08-07 16:05:00,0.246535,0.337804,0.332174,0.343397,0.339932,0.315599,0.301925,0.263154,0.173106,0.310421
2022-08-07 16:10:00,0.22935,0.320811,0.315287,0.326323,0.323217,0.298017,0.285191,0.245683,0.159734,0.292133
2022-08-07 16:15:00,0.212305,0.303901,0.298457,0.309345,0.306402,0.280504,0.268135,0.228226,0.146028,0.273972
2022-08-07 16:20:00,0.194724,0.286209,0.280895,0.29172,0.288788,0.262346,0.250313,0.210427,0.134102,0.255419
2022-08-07 16:25:00,0.17732,0.267643,0.262608,0.273378,0.270212,0.24353,0.231903,0.192683,0.125112,0.236632
2022-08-07 16:30:00,0.160297,0.248789,0.24433,0.254766,0.251454,0.224693,0.213495,0.175455,0.117818,0.218085
2022-08-07 16:35:00,0.143869,0.230248,0.226545,0.236163,0.232895,0.206441,0.195511,0.158618,0.10853,0.199911
2022-08-07 16:40:00,0.128113,0.212238,0.20917,0.21779,0.214622,0.18871,0.178027,0.142418,0.096332,0.182045
2022-08-07 16:45:00,0.11322,0.194829,0.191752,0.199901,0.196764,0.171175,0.161114,0.12717,0.083006,0.164364
2022-08-07 16:50:00,0.099937,0.177873,0.174153,0.182443,0.179514,0.153734,0.144728,0.112565,0.072266,0.146946
2022-08-07 16:55:00,0.090333,0.161512,0.157001,0.165476,0.162917,0.136806,0.129116,0.098118,0.067008,0.130339
2022-08-07 17:00:00,0.085828,0.14598,0.140564,0.149259,0.147068,0.120823,0.114525,0.08388,0.065275,0.11491
2022-08-07 17:05:00,0.083936,0.131067,0.124851,0.133584,0.131893,0.105755,0.100821,0.070499,0.062322,0.100774
2022-08-07 17:10:00,0.079968,0.116336,0.110014,0.118161,0.116884,0.091858,0.088219,0.059043,0.056922,0.088857
2022-08-07 17:15:00,0.073265,0.101714,0.096327,0.103033,0.102019,0.079472,0.076989,0.049974,0.050448,0.079898
2022-08-07 17:20:00,0.065985,0.087901,0.083867,0.088663,0.087823,0.069474,0.066991,0.042944,0.044291,0.072153
2022-08-07 17:25:00,0.059537,0.075819,0.072651,0.075915,0.075325,0.06349,0.058233,0.037792,0.041163,0.06282
2022-08-07 17:30:00,0.054919,0.06549,0.062713,0.065039,0.064546,0.061791,0.050778,0.034499,0.039885,0.052162
2022-08-07 17:35:00,0.050818,0.056089,0.053658,0.055217,0.054778,0.062319,0.044186,0.033625,0.039539,0.041421
2022-08-07 17:40:00,0.046726,0.046926,0.044929,0.04559,0.04535,0.060184,0.037541,0.03167,0.039382,0.032742
2022-08-07 17:45:00,0.042472,0.038615,0.037111,0.036725,0.036834,0.056033,0.033316,0.028958,0.039262,0.027617
2022-08-07 17:50:00,0.037903,0.032482,0.0316,0.030026,0.030538,0.052118,0.031921,0.026535,0.038136,0.024503
2022-08-07 17:55:00,0.033432,0.030577,0.030278,0.027488,0.028522,0.048089,0.033395,0.024907,0.035639,0.023307
2022-08-07 18:00:00,0.029341,0.030404,0.029846,0.02723,0.028299,0.043979,0.036202,0.023657,0.032171,0.023257
2022-08-07 18:05:00,0.025121,0.030232,0.029764,0.027178,0.02863,0.038909,0.037612,0.022241,0.027936,0.023221
2022-08-07 18:10:00,0.020739,0.029635,0.030064,0.02707,0.029216,0.03238,0.035721,0.020373,0.022765,0.022522
2022-08-07 18:15:00,0.016521,0.028648,0.03042,0.026723,0.029774,0.025304,0.031887,0.017955,0.01711,0.021198
2022-08-07 18:20:00,0.012707,0.027201,0.029544,0.025932,0.029139,0.019485,0.027179,0.015059,0.011843,0.019295
2022-08-07 18:25:00,0.008808,0.025165,0.02663,0.024759,0.026495,0.015716,0.022859,0.01169,0.00754,0.016711
2022-08-07 18:30:00,0.005301,0.022686,0.022345,0.023234,0.022306,0.013065,0.018647,0.007913,0.003934,0.013528
2022-08-07 18:35:00,0.002082,0.019372,0.017429,0.020386,0.017422,0.010249,0.014408,0.004174,0.000871,0.009653
2022-08-07 18:40:00,0.0,0.015231,0.012336,0.015738,0.012392,0.006943,0.010286,0.000785,0.0,0.005475
2022-08-07 18:45:00,0.0,0.010583,0.007307,0.010042,0.007585,0.003433,0.006572,0.0,0.0,0.00145
2022-08-07 18:50:00,0.0,0.006259,0.00313,0.004885,0.003764,0.000381,0.003497,0.0,0.0,0.0
2022-08-07 18:55:00,0.0,0.002864,0.000578,0.001455,0.001427,0.0,0.00118,0.0,0.0,0.0
2022-08-07 19:00:00,0.0,0.000173,0.0,0.0,9.3e-05,0.0,0.0,0.0,0.0,0.0
2022-08-07 19:05:00,0.0,0.0,0.0,0.0,0.0,0.0,0.0,0.0,0.0,0.0
2022-08-07 19:10:00,0.0,0.0,0.0,0.0,0.0,0.0,0.0,0.0,0.0,0.0
2022-08-07 19:15:00,0.0,0.0,0.0,0.0,0.0,0.0,0.0,0.0,0.0,0.0
2022-08-07 19:20:00,0.0,0.0,0.0,0.0,0.0,0.0,0.0,0.0,0.0,0.0
2022-08-07 19:25:00,0.0,0.0,0.0,0.0,0.0,0.0,0.0,0.0,0.0,0.0
2022-08-07 19:30:00,0.0,0.0,0.0,0.0,0.0,0.0,0.0,0.0,0.0,0.0
2022-08-07 19:35:00,0.0,0.0,0.0,0.0,0.0,0.0,0.0,0.0,0.0,0.0
2022-08-07 19:40:00,0.0,0.0,0.0,0.0,0.0,0.0,0.0,0.0,0.0,0.0
2022-08-07 19:45:00,0.0,0.0,0.0,0.0,0.0,0.0,0.0,0.0,0.0,0.0
2022-08-07 19:50:00,0.0,0.0,0.0,0.0,0.0,0.0,0.0,0.0,0.0,0.0
2022-08-07 19:55:00,0.0,0.0,0.0,0.0,0.0,0.0,0.0,0.0,0.0,0.0
2022-08-07 20:00:00,0.0,0.0,0.0,0.0,0.0,0.0,0.0,0.0,0.0,0.0
2022-08-07 20:05:00,0.0,0.0,0.0,0.0,0.0,0.0,0.0,0.0,0.0,0.0
2022-08-07 20:10:00,0.0,0.0,0.0,0.0,0.0,0.0,0.0,0.0,0.0,0.0
2022-08-07 20:15:00,0.0,0.0,0.0,0.0,0.0,0.0,0.0,0.0,0.0,0.0
2022-08-07 20:20:00,0.0,0.0,0.0,0.0,0.0,0.0,0.0,0.0,0.0,0.0
2022-08-07 20:25:00,0.0,0.0,0.0,0.0,0.0,0.0,0.0,0.0,0.0,0.0
2022-08-07 20:30:00,0.0,0.0,0.0,0.0,0.0,0.0,0.0,0.0,0.0,0.0
2022-08-07 20:35:00,0.0,0.0,0.0,0.0,0.0,0.0,0.0,0.0,0.0,0.0
2022-08-07 20:40:00,0.0,0.0,0.0,0.0,0.0,0.0,0.0,0.0,0.0,0.0
2022-08-07 20:45:00,0.0,0.0,0.0,0.0,0.0,0.0,0.0,0.0,0.0,0.0
2022-08-07 20:50:00,0.0,0.0,0.0,0.0,0.0,0.0,0.0,0.0,0.0,0.0
2022-08-07 20:55:00,0.0,0.0,0.0,0.0,0.0,0.0,0.0,0.0,0.0,0.0
2022-08-07 21:00:00,0.0,0.0,0.0,0.0,0.0,0.0,0.0,0.0,0.0,0.0
2022-08-07 21:05:00,0.0,0.0,0.0,0.0,0.0,0.0,0.0,0.0,0.0,0.0
2022-08-07 21:10:00,0.0,0.0,0.0,0.0,0.0,0.0,0.0,0.0,0.0,0.0
2022-08-07 21:15:00,0.0,0.0,0.0,0.0,0.0,0.0,0.0,0.0,0.0,0.0
2022-08-07 21:20:00,0.0,0.0,0.0,0.0,0.0,0.0,0.0,0.0,0.0,0.0
2022-08-07 21:25:00,0.0,0.0,0.0,0.0,0.0,0.0,0.0,0.0,0.0,0.0
2022-08-07 21:30:00,0.0,0.0,0.0,0.0,0.0,0.0,0.0,0.0,0.0,0.0
2022-08-07 21:35:00,0.0,0.0,0.0,0.0,0.0,0.0,0.0,0.0,0.0,0.0
2022-08-07 21:40:00,0.0,0.0,0.0,0.0,0.0,0.0,0.0,0.0,0.0,0.0
2022-08-07 21:45:00,0.0,0.0,0.0,0.0,0.0,0.0,0.0,0.0,0.0,0.0
2022-08-07 21:50:00,0.0,0.0,0.0,0.0,0.0,0.0,0.0,0.0,0.0,0.0
2022-08-07 21:55:00,0.0,0.0,0.0,0.0,0.0,0.0,0.0,0.0,0.0,0.0
2022-08-07 22:00:00,0.0,0.0,0.0,0.0,0.0,0.0,0.0,0.0,0.0,0.0
2022-08-07 22:05:00,0.0,0.0,0.0,0.0,0.0,0.0,0.0,0.0,0.0,0.0
2022-08-07 22:10:00,0.0,0.0,0.0,0.0,0.0,0.0,0.0,0.0,0.0,0.0
2022-08-07 22:15:00,0.0,0.0,0.0,0.0,0.0,0.0,0.0,0.0,0.0,0.0
2022-08-07 22:20:00,0.0,0.0,0.0,0.0,0.0,0.0,0.0,0.0,0.0,0.0
2022-08-07 22:25:00,0.0,0.0,0.0,0.0,0.0,0.0,0.0,0.0,0.0,0.0
2022-08-07 22:30:00,0.0,0.0,0.0,0.0,0.0,0.0,0.0,0.0,0.0,0.0
2022-08-07 22:35:00,0.0,0.0,0.0,0.0,0.0,0.0,0.0,0.0,0.0,0.0
2022-08-07 22:40:00,0.0,0.0,0.0,0.0,0.0,0.0,0.0,0.0,0.0,0.0
2022-08-07 22:45:00,0.0,0.0,0.0,0.0,0.0,0.0,0.0,0.0,0.0,0.0
2022-08-07 22:50:00,0.0,0.0,0.0,0.0,0.0,0.0,0.0,0.0,0.0,0.0
2022-08-07 22:55:00,0.0,0.0,0.0,0.0,0.0,0.0,0.0,0.0,0.0,0.0
2022-08-07 23:00:00,0.0,0.0,0.0,0.0,0.0,0.0,0.0,0.0,0.0,0.0
2022-08-07 23:05:00,0.0,0.0,0.0,0.0,0.0,0.0,0.0,0.0,0.0,0.0
2022-08-07 23:10:00,0.0,0.0,0.0,0.0,0.0,0.0,0.0,0.0,0.0,0.0
2022-08-07 23:15:00,0.0,0.0,0.0,0.0,0.0,0.0,0.0,0.0,0.0,0.0
2022-08-07 23:20:00,0.0,0.0,0.0,0.0,0.0,0.0,0.0,0.0,0.0,0.0
2022-08-07 23:25:00,0.0,0.0,0.0,0.0,0.0,0.0,0.0,0.0,0.0,0.0
2022-08-07 23:30:00,0.0,0.0,0.0,0.0,0.0,0.0,0.0,0.0,0.0,0.0
2022-08-07 23:35:00,0.0,0.0,0.0,0.0,0.0,0.0,0.0,0.0,0.0,0.0
2022-08-07 23:40:00,0.0,0.0,0.0,0.0,0.0,0.0,0.0,0.0,0.0,0.0
2022-08-07 23:45:00,0.0,0.0,0.0,0.0,0.0,0.0,0.0,0.0,0.0,0.0
2022-08-07 23:50:00,0.0,0.0,0.0,0.0,0.0,0.0,0.0,0.0,0.0,0.0
2022-08-07 23:55:00,0.0,0.0,0.0,0.0,0.0,0.0,0.0,0.0,0.0,0.0
2022-08-08 00:00:00,0.0,0.0,0.0,0.0,0.0,0.0,0.0,0.0,0.0,0.0
2022-08-08 00:05:00,0.0,0.0,0.0,0.0,0.0,0.0,0.0,0.0,0.0,0.0
2022-08-08 00:10:00,0.0,0.0,0.0,0.0,0.0,0.0,0.0,0.0,0.0,0.0
2022-08-08 00:15:00,0.0,0.0,0.0,0.0,0.0,0.0,0.0,0.0,0.0,0.0
2022-08-08 00:20:00,0.0,0.0,0.0,0.0,0.0,0.0,0.0,0.0,0.0,0.0
2022-08-08 00:25:00,0.0,0.0,0.0,0.0,0.0,0.0,0.0,0.0,0.0,0.0
2022-08-08 00:30:00,0.0,0.0,0.0,0.0,0.0,0.0,0.0,0.0,0.0,0.0
2022-08-08 00:35:00,0.0,0.0,0.0,0.0,0.0,0.0,0.0,0.0,0.0,0.0
2022-08-08 00:40:00,0.0,0.0,0.0,0.0,0.0,0.0,0.0,0.0,0.0,0.0
2022-08-08 00:45:00,0.0,0.0,0.0,0.0,0.0,0.0,0.0,0.0,0.0,0.0
2022-08-08 00:50:00,0.0,0.0,0.0,0.0,0.0,0.0,0.0,0.0,0.0,0.0
2022-08-08 00:55:00,0.0,0.0,0.0,0.0,0.0,0.0,0.0,0.0,0.0,0.0
2022-08-08 01:00:00,0.0,0.0,0.0,0.0,0.0,0.0,0.0,0.0,0.0,0.0
2022-08-08 01:05:00,0.0,0.0,0.0,0.0,0.0,0.0,0.0,0.0,0.0,0.0
2022-08-08 01:10:00,0.0,0.0,0.0,0.0,0.0,0.0,0.0,0.0,0.0,0.0
2022-08-08 01:15:00,0.0,0.0,0.0,0.0,0.0,0.0,0.0,0.0,0.0,0.0
2022-08-08 01:20:00,0.0,0.0,0.0,0.0,0.0,0.0,0.0,0.0,0.0,0.0
2022-08-08 01:25:00,0.0,0.0,0.0,0.0,0.0,0.0,0.0,0.0,0.0,0.0
2022-08-08 01:30:00,0.0,0.0,0.0,0.0,0.0,0.0,0.0,0.0,0.0,0.0
2022-08-08 01:35:00,0.0,0.0,0.0,0.0,0.0,0.0,0.0,0.0,0.0,0.0
2022-08-08 01:40:00,0.0,0.0,0.0,0.0,0.0,0.0,0.0,0.0,0.0,0.0
2022-08-08 01:45:00,0.0,0.0,0.0,0.0,0.0,0.0,0.0,0.0,0.0,0.0
2022-08-08 01:50:00,0.0,0.0,0.0,0.0,0.0,0.0,0.0,0.0,0.0,0.0
2022-08-08 01:55:00,0.0,0.0,0.0,0.0,0.0,0.0,0.0,0.0,0.0,0.0
2022-08-08 02:00:00,0.0,0.0,0.0,0.0,0.0,0.0,0.0,0.0,0.0,0.0
2022-08-08 02:05:00,0.0,0.0,0.0,0.0,0.0,0.0,0.0,0.0,0.0,0.0
2022-08-08 02:10:00,0.0,0.0,0.0,0.0,0.0,0.0,0.0,0.0,0.0,0.0
2022-08-08 02:15:00,0.0,0.0,0.0,0.0,0.0,0.0,0.0,0.0,0.0,0.0
2022-08-08 02:20:00,0.0,0.0,0.0,0.0,0.0,0.0,0.0,0.0,0.0,0.0
2022-08-08 02:25:00,0.0,0.0,0.0,0.0,0.0,0.0,0.0,0.0,0.0,0.0
2022-08-08 02:30:00,0.0,0.0,0.0,0.0,0.0,0.0,0.0,0.0,0.0,0.0
2022-08-08 02:35:00,0.0,0.0,0.0,0.0,0.0,0.0,0.0,0.0,0.0,0.0
2022-08-08 02:40:00,0.0,0.0,0.0,0.0,0.0,0.0,0.0,0.0,0.0,0.0
2022-08-08 02:45:00,0.0,0.0,0.0,0.0,0.0,0.0,0.0,0.0,0.0,0.0
2022-08-08 02:50:00,0.0,0.0,0.0,0.0,0.0,0.0,0.0,0.0,0.0,0.0
2022-08-08 02:55:00,0.0,0.0,0.0,0.0,0.0,0.0,0.0,0.0,0.0,0.0
2022-08-08 03:00:00,0.0,0.0,0.0,0.0,0.0,0.0,0.0,0.0,0.0,0.0
2022-08-08 03:05:00,0.0,0.0,0.0,0.0,0.0,0.0,0.0,0.0,0.0,0.0
2022-08-08 03:10:00,0.0,0.0,0.0,0.0,0.0,0.0,0.0,0.0,0.0,0.0
2022-08-08 03:15:00,0.0,0.0,0.0,0.0,0.0,0.0,0.0,0.0,0.0,0.0
2022-08-08 03:20:00,0.0,0.0,0.0,0.0,0.0,0.0,0.0,0.0,0.0,0.0
2022-08-08 03:25:00,0.0,0.0,0.0,0.0,0.0,0.0,0.0,0.0,0.0,0.0
2022-08-08 03:30:00,0.0,0.0,0.0,0.0,0.0,0.0,0.0,0.0,0.0,0.0
2022-08-08 03:35:00,0.0,0.0,0.0,0.0,0.0,0.0,0.0,0.0,0.0,0.0
2022-08-08 03:40:00,0.0,0.0,0.0,0.0,0.0,0.0,0.0,0.0,0.0,0.0
2022-08-08 03:45:00,0.0,0.0,0.0,0.0,0.0,0.0,0.0,0.0,0.0,0.0
2022-08-08 03:50:00,0.0,0.0,0.0,0.0,0.0,0.0,0.0,0.0,0.0,0.0
2022-08-08 03:55:00,0.001502,0.0,0.0,0.0,0.0,0.0,0.0,0.0,0.0,0.0
2022-08-08 04:00:00,0.004654,0.0,0.0,0.0,0.0,0.0,0.00029,0.002976,0.0,0.0
2022-08-08 04:05:00,0.007883,0.0,0.0,0.0,0.0,0.0,0.002744,0.006509,0.0,0.0
2022-08-08 04:10:00,0.010851,0.0,0.0,0.0,0.0,0.0,0.005773,0.010032,0.000125,0.0
2022-08-08 04:15:00,0.013958,0.0,0.000316,0.0,0.0,0.000413,0.009124,0.013628,0.001551,0.0
2022-08-08 04:20:00,0.017744,0.0,0.002712,0.0,0.000945,0.003077,0.012314,0.017187,0.003813,0.001641
2022-08-08 04:25:00,0.022635,0.00309,0.005807,0.00305,0.003962,0.006982,0.015723,0.020343,0.006925,0.004234
2022-08-08 04:30:00,0.028166,0.007083,0.009464,0.00704,0.007534,0.011719,0.01956,0.023163,0.010741,0.007251
2022-08-08 04:35:00,0.031674,0.011165,0.013629,0.011168,0.011587,0.016448,0.02405,0.026232,0.015327,0.01016
2022-08-08 04:40:00,0.032843,0.015138,0.017868,0.01535,0.015797,0.020693,0.029193,0.030088,0.020427,0.012671
2022-08-08 04:45:00,0.03241,0.018921,0.022078,0.019666,0.019992,0.024422,0.03414,0.034367,0.025623,0.015109
2022-08-08 04:50:00,0.032603,0.022962,0.026295,0.024247,0.024551,0.027409,0.039698,0.037836,0.031423,0.018071
2022-08-08 04:55:00,0.034692,0.027265,0.031521,0.028993,0.029058,0.029359,0.044006,0.039556,0.037285,0.021766
2022-08-08 05:00:00,0.037889,0.031958,0.037079,0.033603,0.033295,0.030662,0.047754,0.040098,0.043189,0.025536
2022-08-08 05:05:00,0.042291,0.035279,0.042216,0.038038,0.036995,0.031225,0.05145,0.040412,0.049086,0.028345
2022-08-08 05:10:00,0.047978,0.036501,0.04618,0.041845,0.040213,0.031454,0.055359,0.042168,0.055067,0.029331
2022-08-08 05:15:00,0.054487,0.03642,0.048864,0.045014,0.043193,0.031663,0.059006,0.046684,0.060947,0.029233
2022-08-08 05:20:00,0.062455,0.036584,0.04848,0.048647,0.047349,0.032692,0.065306,0.052983,0.063689,0.029667
2022-08-08 05:25:00,0.071928,0.039156,0.045052,0.053194,0.053349,0.036304,0.073164,0.060779,0.063927,0.033842
2022-08-08 05:30:00,0.082942,0.043706,0.041636,0.058206,0.061126,0.043537,0.082373,0.070087,0.065143,0.041485
2022-08-08 05:35:00,0.095818,0.052988,0.042127,0.064967,0.06946,0.051933,0.089391,0.081144,0.070963,0.050437
2022-08-08 05:40:00,0.11041,0.065216,0.047434,0.072385,0.076477,0.060699,0.093444,0.093875,0.081189,0.059896
2022-08-08 05:45:00,0.125851,0.078332,0.056278,0.080411,0.083213,0.070452,0.095187,0.108155,0.094016,0.070463
2022-08-08 05:50:00,0.141357,0.087016,0.067811,0.088306,0.09086,0.082248,0.100417,0.123978,0.108746,0.083086
2022-08-08 05:55:00,0.15683,0.091729,0.081605,0.096431,0.099655,0.095955,0.112314,0.140733,0.125066,0.097644
2022-08-08 06:00:00,0.172698,0.097577,0.096551,0.105326,0.109054,0.110528,0.129089,0.157598,0.142065,0.113063
2022-08-08 06:05:00,0.189221,0.109342,0.111702,0.115348,0.118009,0.125427,0.143476,0.174569,0.159243,0.128762
2022-08-08 06:10:00,0.20636,0.124815,0.1271,0.126746,0.12673,0.140634,0.151803,0.191838,0.176783,0.144842
2022-08-08 06:15:00,0.224033,0.140162,0.143314,0.13892,0.137866,0.156493,0.15567,0.209546,0.19525,0.161788
2022-08-08 06:20:00,0.242135,0.153476,0.160438,0.151302,0.15273,0.173222,0.162843,0.227794,0.214355,0.17963
2022-08-08 06:25:00,0.260397,0.165703,0.177947,0.163299,0.169591,0.190612,0.181382,0.24587,0.233188,0.197752
2022-08-08 06:30:00,0.278623,0.178422,0.195173,0.174765,0.186881,0.20861,0.210615,0.26309,0.251375,0.215706
2022-08-08 06:35:00,0.296857,0.191891,0.212651,0.18698,0.204833,0.227205,0.24214,0.280494,0.267675,0.233783
2022-08-08 06:40:00,0.314252,0.205113,0.230375,0.203485,0.223509,0.246334,0.26701,0.298405,0.281093,0.252326
2022-08-08 06:45:00,0.330764,0.217609,0.248861,0.225929,0.242516,0.265926,0.286377,0.317199,0.291494,0.271539
2022-08-08 06:50:00,0.347166,0.230154,0.267829,0.251294,0.261749,0.28536,0.304792,0.336309,0.303078,0.290918
2022-08-08 06:55:00,0.364067,0.243462,0.286718,0.273804,0.280021,0.30375,0.323191,0.35504,0.321801,0.309478
2022-08-08 07:00:00,0.381338,0.257509,0.305496,0.292386,0.297237,0.32104,0.341317,0.373367,0.347414,0.327026
2022-08-08 07:05:00,0.398906,0.275565,0.32469,0.309644,0.314137,0.337905,0.358896,0.391816,0.370353,0.344575
2022-08-08 07:10:00,0.416682,0.29935,0.344232,0.327932,0.332252,0.35442,0.375315,0.410432,0.382859,0.363071
2022-08-08 07:15:00,0.434501,0.328527,0.363778,0.346972,0.351049,0.370649,0.390909,0.428818,0.386469,0.382417
2022-08-08 07:20:00,0.452081,0.357665,0.382822,0.366245,0.370222,0.387209,0.406435,0.44642,0.392962,0.401307
2022-08-08 07:25:00,0.468865,0.380899,0.39998,0.385008,0.388939,0.404463,0.422321,0.462239,0.412853,0.418397
2022-08-08 07:30:00,0.484911,0.398975,0.415402,0.403056,0.406961,0.422087,0.438477,0.476564,0.443178,0.433887
2022-08-08 07:35:00,0.500923,0.415779,0.431005,0.420789,0.424703,0.439339,0.455069,0.491105,0.474047,0.449583
2022-08-08 07:40:00,0.516947,0.433043,0.447866,0.437395,0.441318,0.455379,0.471778,0.506709,0.49865,0.466581
2022-08-08 07:45:00,0.532726,0.450692,0.465479,0.452819,0.456738,0.470475,0.488259,0.52302,0.518148,0.484518
2022-08-08 07:50:00,0.548164,0.468263,0.483133,0.467721,0.471634,0.485553,0.504455,0.539207,0.53522,0.502331
2022-08-08 07:55:00,0.562828,0.485202,0.500068,0.483441,0.48733,0.500935,0.5201,0.554669,0.550472,0.519397
2022-08-08 08:00:00,0.576672,0.501524,0.516216,0.499376,0.503188,0.516472,0.535247,0.569308,0.564247,0.535684
2022-08-08 08:05:00,0.590414,0.517863,0.532302,0.515678,0.519438,0.532396,0.55031,0.583856,0.577885,0.551484
2022-08-08 08:10:00,0.604318,0.534172,0.548563,0.531935,0.535845,0.548482,0.56532,0.598365,0.592647,0.566249
2022-08-08 08:15:00,0.618091,0.550175,0.564653,0.54783,0.551989,0.564333,0.579633,0.61251,0.608327,0.579847
2022-08-08 08:20:00,0.631204,0.565681,0.580257,0.563345,0.567524,0.579634,0.593906,0.626132,0.62367,0.592985
2022-08-08 08:25:00,0.643086,0.58046,0.595006,0.57807,0.582123,0.594018,0.606605,0.638688,0.637679,0.606101
2022-08-08 08:30:00,0.654076,0.594537,0.608974,0.591976,0.59596,0.607629,0.618444,0.650373,0.650508,0.619135
2022-08-08 08:35:00,0.665201,0.608661,0.622539,0.605879,0.609514,0.621436,0.630227,0.66213,0.663349,0.632497
2022-08-08 08:40:00,0.67627,0.62285,0.636329,0.620114,0.623427,0.63547,0.642113,0.67408,0.676605,0.646245
2022-08-08 08:45:00,0.686777,0.636693,0.649783,0.634258,0.637072,0.649208,0.653775,0.685948,0.689857,0.659868
2022-08-08 08:50:00,0.696957,0.649953,0.662652,0.647664,0.650391,0.662115,0.664769,0.697234,0.70226,0.672803
2022-08-08 08:55:00,0.706499,0.661953,0.674299,0.659791,0.663018,0.673715,0.674593,0.707297,0.713092,0.6847
2022-08-08 09:00:00,0.715609,0.672798,0.68489,0.670755,0.674963,0.684228,0.683745,0.716318,0.722816,0.695812
2022-08-08 09:05:00,0.725064,0.683593,0.695445,0.681594,0.686448,0.694925,0.673108,0.725401,0.732879,0.706934
2022-08-08 09:10:00,0.735494,0.694659,0.706372,0.692668,0.697674,0.705792,0.647172,0.734493,0.743287,0.718115
2022-08-08 09:15:00,0.746372,0.70568,0.71733,0.703698,0.708663,0.716376,0.608877,0.7432,0.75294,0.728957
2022-08-08 09:20:00,0.756213,0.715932,0.727427,0.713961,0.718798,0.726127,0.581699,0.751221,0.753534,0.739022
2022-08-08 09:25:00,0.763374,0.724782,0.735981,0.722825,0.727535,0.734634,0.575959,0.758474,0.741909,0.747538
2022-08-08 09:30:00,0.768363,0.732482,0.743363,0.730551,0.735386,0.742197,0.582791,0.765192,0.721175,0.754927
2022-08-08 09:35:00,0.763269,0.740588,0.751139,0.738544,0.744109,0.750354,0.571906,0.772141,0.688009,0.763167
2022-08-08 09:40:00,0.747882,0.748932,0.759274,0.746955,0.75448,0.759843,0.538792,0.779974,0.64818,0.773116
2022-08-08 09:45:00,0.72516,0.756863,0.767125,0.75534,0.765424,0.769901,0.49234,0.788382,0.604828,0.783133
2022-08-08 09:50:00,0.703573,0.7642,0.774221,0.763689,0.775024,0.778887,0.46991,0.796492,0.565612,0.793029
2022-08-08 09:55:00,0.694072,0.770663,0.779632,0.772323,0.781746,0.785291,0.478366,0.803306,0.54688,0.799707
2022-08-08 10:00:00,0.692836,0.776524,0.783617,0.781093,0.786252,0.789806,0.502624,0.80895,0.542549,0.804242
2022-08-08 10:05:00,0.689364,0.78262,0.788318,0.789744,0.791201,0.794933,0.50717,0.814582,0.537882,0.809004
2022-08-08 10:10:00,0.68053,0.789645,0.794843,0.798185,0.79791,0.80168,0.48042,0.82037,0.531627,0.815136
2022-08-08 10:15:00,0.667867,0.797262,0.802292,0.806125,0.805529,0.809067,0.4386,0.825964,0.523943,0.821837
2022-08-08 10:20:00,0.663551,0.804348,0.809337,0.812414,0.812736,0.815854,0.411614,0.831,0.526717,0.827452
2022-08-08 10:25:00,0.671527,0.809841,0.81471,0.815812,0.818271,0.821086,0.41394,0.835023,0.545473,0.831176
2022-08-08 10:30:00,0.68692,0.81412,0.818725,0.817387,0.822449,0.824933,0.430963,0.838237,0.57368,0.832483
2022-08-08 10:35:00,0.69068,0.818654,0.822815,0.81959,0.826706,0.828632,0.437336,0.84086,0.603192,0.815393
2022-08-08 10:40:00,0.676213,0.823321,0.826993,0.823164,0.831049,0.832413,0.425057,0.84323,0.624706,0.772663
2022-08-08 10:45:00,0.649771,0.827529,0.830736,0.82733,0.834951,0.835907,0.403528,0.845484,0.640415,0.711964
2022-08-08 10:50:00,0.619751,0.831041,0.833946,0.830816,0.838317,0.83878,0.381616,0.847475,0.658957,0.659475
2022-08-08 10:55:00,0.598918,0.833799,0.836541,0.832716,0.841025,0.840172,0.367654,0.848799,0.678674,0.641568
2022-08-08 11:00:00,0.584942,0.836172,0.83875,0.833484,0.843085,0.840229,0.360497,0.849565,0.698133,0.649346
2022-08-08 11:05:00,0.583974,0.838522,0.840995,0.834712,0.844523,0.840931,0.348475,0.850597,0.706672,0.665963
2022-08-08 11:10:00,0.600274,0.841534,0.843714,0.837561,0.845597,0.842851,0.340468,0.85161,0.697957,0.687434
2022-08-08 11:15:00,0.626598,0.844979,0.846696,0.841306,0.846409,0.845034,0.333377,0.852069,0.678656,0.710345
2022-08-08 11:20:00,0.632917,0.84787,0.849108,0.844621,0.846982,0.846882,0.325693,0.852033,0.664559,0.740865
2022-08-08 11:25:00,0.611795,0.849193,0.849944,0.846929,0.847245,0.848273,0.318424,0.851243,0.66552,0.776117
2022-08-08 11:30:00,0.57218,0.849231,0.849518,0.848535,0.847084,0.849253,0.312412,0.849752,0.675986,0.812285
2022-08-08 11:35:00,0.537992,0.849298,0.849129,0.849696,0.847148,0.849481,0.308952,0.847977,0.693989,0.839199
2022-08-08 11:40:00,0.524372,0.849485,0.849013,0.850287,0.847326,0.848983,0.310376,0.845879,0.714852,0.850911
2022-08-08 11:45:00,0.524622,0.849363,0.84885,0.850266,0.847312,0.848174,0.314815,0.843304,0.735944,0.85282
2022-08-08 11:50:00,0.528166,0.848638,0.84897,0.849788,0.847309,0.847231,0.340238,0.840633,0.749426,0.851661
2022-08-08 11:55:00,0.52911,0.846984,0.849393,0.848507,0.847576,0.845943,0.38142,0.838362,0.750402,0.849633
2022-08-08 12:00:00,0.527981,0.844385,0.849417,0.846293,0.847673,0.843897,0.4303,0.836378,0.743857,0.847009
2022-08-08 12:05:00,0.530387,0.841411,0.848359,0.843584,0.846843,0.84145,0.482906,0.83413,0.733021,0.844841
2022-08-08 12:10:00,0.536732,0.8379,0.845763,0.840335,0.844198,0.838063,0.52717,0.831197,0.720872,0.842794
2022-08-08 12:15:00,0.54536,0.833807,0.841958,0.836576,0.840223,0.833678,0.565325,0.827596,0.708128,0.840323
2022-08-08 12:20:00,0.555888,0.829711,0.837767,0.832458,0.836084,0.828988,0.579792,0.823377,0.69708,0.837385
2022-08-08 12:25:00,0.565112,0.82622,0.833956,0.827979,0.832546,0.824575,0.573087,0.818244,0.689565,0.833923
2022-08-08 12:30:00,0.572312,0.822883,0.830405,0.822946,0.829045,0.820132,0.553877,0.812232,0.684513,0.829816
2022-08-08 12:35:00,0.571838,0.819214,0.826524,0.818275,0.824448,0.815358,0.519683,0.805654,0.677162,0.825158
2022-08-08 12:40:00,0.560043,0.815129,0.822081,0.814015,0.818365,0.810288,0.48211,0.798654,0.667267,0.819885
2022-08-08 12:45:00,0.540619,0.810838,0.817115,0.809782,0.811535,0.804964,0.446052,0.79142,0.655924,0.814125
2022-08-08 12:50:00,0.526585,0.806516,0.811443,0.805711,0.805105,0.799456,0.434135,0.784482,0.649985,0.80837
2022-08-08 12:55:00,0.520877,0.801842,0.804354,0.801954,0.79936,0.794274,0.454798,0.777761,0.651638,0.803034
2022-08-08 13:00:00,0.520449,0.796374,0.795983,0.797939,0.793624,0.789257,0.49286,0.770626,0.657673,0.797541
2022-08-08 13:05:00,0.519972,0.790522,0.787545,0.79298,0.787781,0.783407,0.523604,0.762869,0.662718,0.791006
2022-08-08 13:10:00,0.515582,0.783907,0.779353,0.786585,0.781199,0.776028,0.543033,0.753855,0.663299,0.782856
2022-08-08 13:15:00,0.508928,0.776334,0.771134,0.77904,0.773652,0.767686,0.554199,0.743883,0.660575,0.773571
2022-08-08 13:20:00,0.512808,0.768692,0.76302,0.771428,0.766002,0.759216,0.538523,0.733786,0.668035,0.76411
2022-08-08 13:25:00,0.527021,0.761673,0.755346,0.76447,0.758877,0.751056,0.502146,0.724168,0.684262,0.755241
2022-08-08 13:30:00,0.546435,0.754637,0.747718,0.757606,0.751705,0.742926,0.454719,0.714822,0.704329,0.746758
2022-08-08 13:35:00,0.555775,0.74632,0.739221,0.749568,0.743553,0.733854,0.411402,0.695825,0.717321,0.738078
2022-08-08 13:40:00,0.549571,0.73643,0.729207,0.739851,0.733779,0.723156,0.383829,0.666757,0.717501,0.729009
2022-08-08 13:45:00,0.53371,0.725641,0.718195,0.729103,0.722886,0.711515,0.36627,0.631113,0.709343,0.719539
2022-08-08 13:50:00,0.503609,0.714812,0.707086,0.718278,0.711817,0.699898,0.349382,0.597286,0.698685,0.709525
2022-08-08 13:55:00,0.464031,0.704308,0.696467,0.707784,0.701398,0.688651,0.336622,0.571755,0.687534,0.698838
2022-08-08 14:00:00,0.420886,0.694202,0.68606,0.697731,0.691583,0.677533,0.325787,0.553299,0.675973,0.68759
2022-08-08 14:05:00,0.381939,0.684005,0.675582,0.687548,0.681448,0.666393,0.311423,0.533883,0.663723,0.675782
2022-08-08 14:10:00,0.361032,0.673456,0.664757,0.6773,0.670863,0.65522,0.295874,0.515985,0.650876,0.663556
2022-08-08 14:15:00,0.350469,0.66245,0.653484,0.666811,0.659873,0.643763,0.279841,0.498201,0.637495,0.650929
2022-08-08 14:20:00,0.344488,0.651026,0.641818,0.655506,0.648354,0.63166,0.26816,0.478061,0.623527,0.637967
2022-08-08 14:25:00,0.338832,0.638976,0.629673,0.642806,0.636111,0.618707,0.261439,0.456937,0.608939,0.624648
2022-08-08 14:30:00,0.332993,0.626336,0.617064,0.629074,0.623273,0.605019,0.257966,0.437312,0.59408,0.610899
2022-08-08 14:35:00,0.322161,0.613163,0.603932,0.615276,0.61001,0.591005,0.255756,0.424532,0.579552,0.596775
2022-08-08 14:40:00,0.303932,0.599662,0.590339,0.601668,0.59643,0.576857,0.25422,0.425352,0.565798,0.582288
2022-08-08 14:45:00,0.281545,0.585899,0.576497,0.587925,0.582525,0.562778,0.252577,0.432676,0.552326,0.567607
2022-08-08 14:50:00,0.257397,0.571795,0.563001,0.574,0.568413,0.549069,0.248965,0.434836,0.53797,0.553315
2022-08-08 14:55:00,0.234335,0.557094,0.550521,0.560125,0.554023,0.535874,0.242667,0.42943,0.522016,0.539591
2022-08-08 15:00:00,0.213517,0.542201,0.538496,0.546583,0.539644,0.522613,0.234973,0.418794,0.504748,0.525769
2022-08-08 15:05:00,0.194201,0.527942,0.525514,0.533077,0.525583,0.50836,0.227223,0.405111,0.48856,0.511024
2022-08-08 15:10:00,0.180505,0.514764,0.510929,0.520102,0.512332,0.492739,0.221319,0.389555,0.472716,0.494886
2022-08-08 15:15:00,0.171379,0.501776,0.49532,0.507281,0.499378,0.476407,0.21648,0.373258,0.457042,0.477893
2022-08-08 15:20:00,0.180924,0.487972,0.47918,0.493664,0.485797,0.460536,0.209761,0.348273,0.440497,0.461231
2022-08-08 15:25:00,0.211189,0.471981,0.462491,0.477861,0.470079,0.445493,0.20235,0.31658,0.422494,0.445326
2022-08-08 15:30:00,0.249832,0.45492,0.445591,0.460976,0.453234,0.430462,0.194796,0.282369,0.403679,0.429596
2022-08-08 15:35:00,0.277639,0.437361,0.429149,0.44354,0.435931,0.414602,0.188183,0.245729,0.385206,0.413088
2022-08-08 15:40:00,0.282887,0.419606,0.413616,0.425698,0.41848,0.39755,0.183519,0.211554,0.367649,0.395232
2022-08-08 15:45:00,0.27438,0.401793,0.398318,0.407597,0.400993,0.379568,0.179994,0.180373,0.350382,0.376662
2022-08-08 15:50:00,0.263083,0.383912,0.382031,0.38944,0.383282,0.361149,0.176611,0.155309,0.332341,0.358497
2022-08-08 15:55:00,0.250855,0.366174,0.36452,0.371234,0.365272,0.342508,0.172955,0.14287,0.313186,0.34105
2022-08-08 16:00:00,0.237323,0.348786,0.346363,0.35322,0.347257,0.323995,0.169317,0.138067,0.293683,0.323779
2022-08-08 16:05:00,0.225355,0.331655,0.327992,0.335769,0.329823,0.30611,0.166626,0.135395,0.274502,0.306427
2022-08-08 16:10:00,0.211631,0.315023,0.309577,0.319051,0.313213,0.288975,0.165139,0.133914,0.255912,0.288998
2022-08-08 16:15:00,0.197192,0.298449,0.291315,0.302396,0.296757,0.271957,0.163943,0.133065,0.237587,0.271131
2022-08-08 16:20:00,0.182554,0.281143,0.27309,0.285068,0.279732,0.254406,0.159523,0.129502,0.219118,0.252646
2022-08-08 16:25:00,0.167785,0.26299,0.255083,0.266982,0.262229,0.23647,0.152702,0.123782,0.200636,0.233788
2022-08-08 16:30:00,0.153551,0.244703,0.237547,0.248784,0.244813,0.21868,0.144801,0.116634,0.182543,0.215072
2022-08-08 16:35:00,0.140298,0.227094,0.220442,0.231063,0.227679,0.201261,0.13705,0.109172,0.164936,0.196582
2022-08-08 16:40:00,0.128121,0.210083,0.203603,0.213822,0.210755,0.18415,0.131042,0.103152,0.148028,0.178425
2022-08-08 16:45:00,0.117543,0.193044,0.186729,0.196559,0.193702,0.16722,0.126042,0.098304,0.13213,0.16088
2022-08-08 16:50:00,0.108495,0.175821,0.169802,0.179092,0.176492,0.150531,0.120878,0.092063,0.117091,0.14427
2022-08-08 16:55:00,0.100039,0.15893,0.153258,0.16191,0.159616,0.134486,0.115648,0.084141,0.102324,0.128678
2022-08-08 17:00:00,0.091616,0.142865,0.137523,0.145476,0.143484,0.119382,0.109993,0.075823,0.087759,0.114151
2022-08-08 17:05:00,0.083707,0.127501,0.122325,0.129691,0.128066,0.10496,0.102854,0.068282,0.074279,0.100439
2022-08-08 17:10:00,0.076714,0.112886,0.107384,0.114727,0.113405,0.090727,0.094843,0.063851,0.063185,0.086898
2022-08-08 17:15:00,0.070571,0.099292,0.092781,0.100888,0.099762,0.076708,0.08677,0.061305,0.054534,0.073581
2022-08-08 17:20:00,0.06431,0.086988,0.079004,0.088248,0.087422,0.063817,0.079611,0.058849,0.047034,0.061588
2022-08-08 17:25:00,0.057459,0.076122,0.067006,0.076794,0.07645,0.05319,0.073388,0.056051,0.039671,0.052115
2022-08-08 17:30:00,0.051244,0.066689,0.057173,0.066561,0.066777,0.044979,0.068073,0.052834,0.033227,0.045049
2022-08-08 17:35:00,0.046071,0.058001,0.049035,0.057174,0.057828,0.03876,0.063379,0.04959,0.03027,0.039206
2022-08-08 17:40:00,0.042303,0.049307,0.042505,0.048064,0.048911,0.034548,0.058424,0.046229,0.029519,0.033913
2022-08-08 17:45:00,0.039257,0.0412,0.037778,0.039724,0.040609,0.032751,0.05394,0.04268,0.029641,0.030744
2022-08-08 17:50:00,0.035951,0.035227,0.035118,0.033463,0.034498,0.033093,0.04948,0.039056,0.029106,0.028613
2022-08-08 17:55:00,0.032011,0.033196,0.034824,0.031033,0.032469,0.033134,0.045241,0.035331,0.026891,0.02748
2022-08-08 18:00:00,0.027388,0.032476,0.034157,0.030476,0.031919,0.032593,0.041182,0.031554,0.023451,0.026819
2022-08-08 18:05:00,0.022303,0.031752,0.033239,0.030034,0.031474,0.031005,0.037079,0.0272,0.019819,0.025464
2022-08-08 18:10:00,0.017419,0.030873,0.032222,0.029355,0.030774,0.028023,0.032918,0.02236,0.016606,0.022739
2022-08-08 18:15:00,0.013009,0.029808,0.030931,0.028364,0.029759,0.024166,0.028885,0.017404,0.013655,0.019018
2022-08-08 18:20:00,0.009463,0.028311,0.02888,0.026927,0.028355,0.020191,0.024419,0.012582,0.010738,0.015204
2022-08-08 18:25:00,0.006132,0.02615,0.026101,0.024906,0.026352,0.016571,0.020173,0.008303,0.007769,0.011965
2022-08-08 18:30:00,0.003248,0.023342,0.022889,0.022447,0.023704,0.013321,0.015942,0.004621,0.004653,0.009109
2022-08-08 18:35:00,0.000563,0.019612,0.01888,0.0194,0.020291,0.0101,0.011845,0.001536,0.001678,0.006065
2022-08-08 18:40:00,0.0,0.015009,0.014525,0.015651,0.016116,0.006567,0.008116,0.0,0.0,0.002677
2022-08-08 18:45:00,0.0,0.009944,0.009786,0.011287,0.011478,0.002776,0.004867,0.0,0.0,0.0
2022-08-08 18:50:00,0.0,0.005453,0.005453,0.00707,0.007177,0.0,0.002248,0.0,0.0,0.0
2022-08-08 18:55:00,0.0,0.002283,0.002314,0.003706,0.003985,0.0,0.000239,0.0,0.0,0.0
2022-08-08 19:00:00,0.0,0.00012,0.000152,0.000985,0.001614,0.0,0.0,0.0,0.0,0.0
2022-08-08 19:05:00,0.0,0.0,0.0,0.0,0.0,0.0,0.0,0.0,0.0,0.0
2022-08-08 19:10:00,0.0,0.0,0.0,0.0,0.0,0.0,0.0,0.0,0.0,0.0
2022-08-08 19:15:00,0.0,0.0,0.0,0.0,0.0,0.0,0.0,0.0,0.0,0.0
2022-08-08 19:20:00,0.0,0.0,0.0,0.0,0.0,0.0,0.0,0.0,0.0,0.0
2022-08-08 19:25:00,0.0,0.0,0.0,0.0,0.0,0.0,0.0,0.0,0.0,0.0
2022-08-08 19:30:00,0.0,0.0,0.0,0.0,0.0,0.0,0.0,0.0,0.0,0.0
2022-08-08 19:35:00,0.0,0.0,0.0,0.0,0.0,0.0,0.0,0.0,0.0,0.0
2022-08-08 19:40:00,0.0,0.0,0.0,0.0,0.0,0.0,0.0,0.0,0.0,0.0
2022-08-08 19:45:00,0.0,0.0,0.0,0.0,0.0,0.0,0.0,0.0,0.0,0.0
2022-08-08 19:50:00,0.0,0.0,0.0,0.0,0.0,0.0,0.0,0.0,0.0,0.0
2022-08-08 19:55:00,0.0,0.0,0.0,0.0,0.0,0.0,0.0,0.0,0.0,0.0
2022-08-08 20:00:00,0.0,0.0,0.0,0.0,0.0,0.0,0.0,0.0,0.0,0.0
2022-08-08 20:05:00,0.0,0.0,0.0,0.0,0.0,0.0,0.0,0.0,0.0,0.0
2022-08-08 20:10:00,0.0,0.0,0.0,0.0,0.0,0.0,0.0,0.0,0.0,0.0
2022-08-08 20:15:00,0.0,0.0,0.0,0.0,0.0,0.0,0.0,0.0,0.0,0.0
2022-08-08 20:20:00,0.0,0.0,0.0,0.0,0.0,0.0,0.0,0.0,0.0,0.0
2022-08-08 20:25:00,0.0,0.0,0.0,0.0,0.0,0.0,0.0,0.0,0.0,0.0
2022-08-08 20:30:00,0.0,0.0,0.0,0.0,0.0,0.0,0.0,0.0,0.0,0.0
2022-08-08 20:35:00,0.0,0.0,0.0,0.0,0.0,0.0,0.0,0.0,0.0,0.0
2022-08-08 20:40:00,0.0,0.0,0.0,0.0,0.0,0.0,0.0,0.0,0.0,0.0
2022-08-08 20:45:00,0.0,0.0,0.0,0.0,0.0,0.0,0.0,0.0,0.0,0.0
2022-08-08 20:50:00,0.0,0.0,0.0,0.0,0.0,0.0,0.0,0.0,0.0,0.0
2022-08-08 20:55:00,0.0,0.0,0.0,0.0,0.0,0.0,0.0,0.0,0.0,0.0
2022-08-08 21:00:00,0.0,0.0,0.0,0.0,0.0,0.0,0.0,0.0,0.0,0.0
2022-08-08 21:05:00,0.0,0.0,0.0,0.0,0.0,0.0,0.0,0.0,0.0,0.0
2022-08-08 21:10:00,0.0,0.0,0.0,0.0,0.0,0.0,0.0,0.0,0.0,0.0
2022-08-08 21:15:00,0.0,0.0,0.0,0.0,0.0,0.0,0.0,0.0,0.0,0.0
2022-08-08 21:20:00,0.0,0.0,0.0,0.0,0.0,0.0,0.0,0.0,0.0,0.0
2022-08-08 21:25:00,0.0,0.0,0.0,0.0,0.0,0.0,0.0,0.0,0.0,0.0
2022-08-08 21:30:00,0.0,0.0,0.0,0.0,0.0,0.0,0.0,0.0,0.0,0.0
2022-08-08 21:35:00,0.0,0.0,0.0,0.0,0.0,0.0,0.0,0.0,0.0,0.0
2022-08-08 21:40:00,0.0,0.0,0.0,0.0,0.0,0.0,0.0,0.0,0.0,0.0
2022-08-08 21:45:00,0.0,0.0,0.0,0.0,0.0,0.0,0.0,0.0,0.0,0.0
2022-08-08 21:50:00,0.0,0.0,0.0,0.0,0.0,0.0,0.0,0.0,0.0,0.0
2022-08-08 21:55:00,0.0,0.0,0.0,0.0,0.0,0.0,0.0,0.0,0.0,0.0
2022-08-08 22:00:00,0.0,0.0,0.0,0.0,0.0,0.0,0.0,0.0,0.0,0.0
2022-08-08 22:05:00,0.0,0.0,0.0,0.0,0.0,0.0,0.0,0.0,0.0,0.0
2022-08-08 22:10:00,0.0,0.0,0.0,0.0,0.0,0.0,0.0,0.0,0.0,0.0
2022-08-08 22:15:00,0.0,0.0,0.0,0.0,0.0,0.0,0.0,0.0,0.0,0.0
2022-08-08 22:20:00,0.0,0.0,0.0,0.0,0.0,0.0,0.0,0.0,0.0,0.0
2022-08-08 22:25:00,0.0,0.0,0.0,0.0,0.0,0.0,0.0,0.0,0.0,0.0
2022-08-08 22:30:00,0.0,0.0,0.0,0.0,0.0,0.0,0.0,0.0,0.0,0.0
2022-08-08 22:35:00,0.0,0.0,0.0,0.0,0.0,0.0,0.0,0.0,0.0,0.0
2022-08-08 22:40:00,0.0,0.0,0.0,0.0,0.0,0.0,0.0,0.0,0.0,0.0
2022-08-08 22:45:00,0.0,0.0,0.0,0.0,0.0,0.0,0.0,0.0,0.0,0.0
2022-08-08 22:50:00,0.0,0.0,0.0,0.0,0.0,0.0,0.0,0.0,0.0,0.0
2022-08-08 22:55:00,0.0,0.0,0.0,0.0,0.0,0.0,0.0,0.0,0.0,0.0
2022-08-08 23:00:00,0.0,0.0,0.0,0.0,0.0,0.0,0.0,0.0,0.0,0.0
2022-08-08 23:05:00,0.0,0.0,0.0,0.0,0.0,0.0,0.0,0.0,0.0,0.0
2022-08-08 23:10:00,0.0,0.0,0.0,0.0,0.0,0.0,0.0,0.0,0.0,0.0
2022-08-08 23:15:00,0.0,0.0,0.0,0.0,0.0,0.0,0.0,0.0,0.0,0.0
2022-08-08 23:20:00,0.0,0.0,0.0,0.0,0.0,0.0,0.0,0.0,0.0,0.0
2022-08-08 23:25:00,0.0,0.0,0.0,0.0,0.0,0.0,0.0,0.0,0.0,0.0
2022-08-08 23:30:00,0.0,0.0,0.0,0.0,0.0,0.0,0.0,0.0,0.0,0.0
2022-08-08 23:35:00,0.0,0.0,0.0,0.0,0.0,0.0,0.0,0.0,0.0,0.0
2022-08-08 23:40:00,0.0,0.0,0.0,0.0,0.0,0.0,0.0,0.0,0.0,0.0
2022-08-08 23:45:00,0.0,0.0,0.0,0.0,0.0,0.0,0.0,0.0,0.0,0.0
2022-08-08 23:50:00,0.0,0.0,0.0,0.0,0.0,0.0,0.0,0.0,0.0,0.0
2022-08-08 23:55:00,0.0,0.0,0.0,0.0,0.0,0.0,0.0,0.0,0.0,0.0
2022-08-09 00:00:00,0.0,0.0,0.0,0.0,0.0,0.0,0.0,0.0,0.0,0.0
2022-08-09 00:05:00,0.0,0.0,0.0,0.0,0.0,0.0,0.0,0.0,0.0,0.0
2022-08-09 00:10:00,0.0,0.0,0.0,0.0,0.0,0.0,0.0,0.0,0.0,0.0
2022-08-09 00:15:00,0.0,0.0,0.0,0.0,0.0,0.0,0.0,0.0,0.0,0.0
2022-08-09 00:20:00,0.0,0.0,0.0,0.0,0.0,0.0,0.0,0.0,0.0,0.0
2022-08-09 00:25:00,0.0,0.0,0.0,0.0,0.0,0.0,0.0,0.0,0.0,0.0
2022-08-09 00:30:00,0.0,0.0,0.0,0.0,0.0,0.0,0.0,0.0,0.0,0.0
2022-08-09 00:35:00,0.0,0.0,0.0,0.0,0.0,0.0,0.0,0.0,0.0,0.0
2022-08-09 00:40:00,0.0,0.0,0.0,0.0,0.0,0.0,0.0,0.0,0.0,0.0
2022-08-09 00:45:00,0.0,0.0,0.0,0.0,0.0,0.0,0.0,0.0,0.0,0.0
2022-08-09 00:50:00,0.0,0.0,0.0,0.0,0.0,0.0,0.0,0.0,0.0,0.0
2022-08-09 00:55:00,0.0,0.0,0.0,0.0,0.0,0.0,0.0,0.0,0.0,0.0
2022-08-09 01:00:00,0.0,0.0,0.0,0.0,0.0,0.0,0.0,0.0,0.0,0.0
2022-08-09 01:05:00,0.0,0.0,0.0,0.0,0.0,0.0,0.0,0.0,0.0,0.0
2022-08-09 01:10:00,0.0,0.0,0.0,0.0,0.0,0.0,0.0,0.0,0.0,0.0
2022-08-09 01:15:00,0.0,0.0,0.0,0.0,0.0,0.0,0.0,0.0,0.0,0.0
2022-08-09 01:20:00,0.0,0.0,0.0,0.0,0.0,0.0,0.0,0.0,0.0,0.0
2022-08-09 01:25:00,0.0,0.0,0.0,0.0,0.0,0.0,0.0,0.0,0.0,0.0
2022-08-09 01:30:00,0.0,0.0,0.0,0.0,0.0,0.0,0.0,0.0,0.0,0.0
2022-08-09 01:35:00,0.0,0.0,0.0,0.0,0.0,0.0,0.0,0.0,0.0,0.0
2022-08-09 01:40:00,0.0,0.0,0.0,0.0,0.0,0.0,0.0,0.0,0.0,0.0
2022-08-09 01:45:00,0.0,0.0,0.0,0.0,0.0,0.0,0.0,0.0,0.0,0.0
2022-08-09 01:50:00,0.0,0.0,0.0,0.0,0.0,0.0,0.0,0.0,0.0,0.0
2022-08-09 01:55:00,0.0,0.0,0.0,0.0,0.0,0.0,0.0,0.0,0.0,0.0
2022-08-09 02:00:00,0.0,0.0,0.0,0.0,0.0,0.0,0.0,0.0,0.0,0.0
2022-08-09 02:05:00,0.0,0.0,0.0,0.0,0.0,0.0,0.0,0.0,0.0,0.0
2022-08-09 02:10:00,0.0,0.0,0.0,0.0,0.0,0.0,0.0,0.0,0.0,0.0
2022-08-09 02:15:00,0.0,0.0,0.0,0.0,0.0,0.0,0.0,0.0,0.0,0.0
2022-08-09 02:20:00,0.0,0.0,0.0,0.0,0.0,0.0,0.0,0.0,0.0,0.0
2022-08-09 02:25:00,0.0,0.0,0.0,0.0,0.0,0.0,0.0,0.0,0.0,0.0
2022-08-09 02:30:00,0.0,0.0,0.0,0.0,0.0,0.0,0.0,0.0,0.0,0.0
2022-08-09 02:35:00,0.0,0.0,0.0,0.0,0.0,0.0,0.0,0.0,0.0,0.0
2022-08-09 02:40:00,0.0,0.0,0.0,0.0,0.0,0.0,0.0,0.0,0.0,0.0
2022-08-09 02:45:00,0.0,0.0,0.0,0.0,0.0,0.0,0.0,0.0,0.0,0.0
2022-08-09 02:50:00,0.0,0.0,0.0,0.0,0.0,0.0,0.0,0.0,0.0,0.0
2022-08-09 02:55:00,0.0,0.0,0.0,0.0,0.0,0.0,0.0,0.0,0.0,0.0
2022-08-09 03:00:00,0.0,0.0,0.0,0.0,0.0,0.0,0.0,0.0,0.0,0.0
2022-08-09 03:05:00,0.0,0.0,0.0,0.0,0.0,0.0,0.0,0.0,0.0,0.0
2022-08-09 03:10:00,0.0,0.0,0.0,0.0,0.0,0.0,0.0,0.0,0.0,0.0
2022-08-09 03:15:00,0.0,0.0,0.0,0.0,0.0,0.0,0.0,0.0,0.0,0.0
2022-08-09 03:20:00,0.0,0.0,0.0,0.0,0.0,0.0,0.0,0.0,0.0,0.0
2022-08-09 03:25:00,0.0,0.0,0.0,0.0,0.0,0.0,0.0,0.0,0.0,0.0
2022-08-09 03:30:00,0.0,0.0,0.0,0.0,0.0,0.0,0.0,0.0,0.0,0.0
2022-08-09 03:35:00,0.0,0.0,0.0,0.0,0.0,0.0,0.0,0.0,0.0,0.0
2022-08-09 03:40:00,0.0,0.0,0.0,0.0,0.0,0.0,0.0,0.0,0.0,0.0
2022-08-09 03:45:00,0.0,0.0,0.0,0.0,0.0,0.0,0.0,0.0,0.0,0.0
2022-08-09 03:50:00,0.0,0.0,0.0,0.0,0.0,0.0,0.0,0.0,0.0,0.0
2022-08-09 03:55:00,0.0,0.0,0.0,0.0,0.0,0.0,0.0,0.0,0.0,0.0
2022-08-09 04:00:00,0.000136,0.0,0.0,0.0,0.0,0.0,0.002053,0.001516,0.0,0.0
2022-08-09 04:05:00,0.002497,0.0,0.0,0.0,0.0,0.0,0.004773,0.004862,0.0,0.0
2022-08-09 04:10:00,0.004593,0.0,0.0,0.0,0.0,0.0,0.007351,0.008597,0.001601,0.0
2022-08-09 04:15:00,0.006735,0.0,0.0,0.0,0.0,0.0,0.009804,0.012632,0.00404,0.0
2022-08-09 04:20:00,0.008767,0.0,0.000938,0.0,0.0,0.001558,0.012415,0.016604,0.00668,0.000902
2022-08-09 04:25:00,0.010754,0.002215,0.003957,0.002184,0.003044,0.004145,0.015485,0.020262,0.009447,0.003979
2022-08-09 04:30:00,0.012672,0.006448,0.007525,0.006415,0.007017,0.007237,0.018593,0.023802,0.012322,0.007551
2022-08-09 04:35:00,0.014348,0.010794,0.011198,0.0108,0.011388,0.010451,0.021449,0.026928,0.014999,0.011209
2022-08-09 04:40:00,0.016121,0.015019,0.014661,0.015153,0.015861,0.013564,0.024028,0.029629,0.017239,0.014562
2022-08-09 04:45:00,0.01799,0.019103,0.018202,0.019415,0.020263,0.016729,0.026215,0.032002,0.019374,0.017674
2022-08-09 04:50:00,0.01966,0.023236,0.022623,0.023811,0.024726,0.020783,0.030013,0.033305,0.021931,0.021779
2022-08-09 04:55:00,0.021457,0.027627,0.028375,0.028227,0.029127,0.026655,0.03458,0.033853,0.025053,0.027423
2022-08-09 05:00:00,0.023501,0.032396,0.034835,0.0327,0.033231,0.033697,0.039402,0.033922,0.028152,0.034061
2022-08-09 05:05:00,0.027119,0.037205,0.040927,0.037069,0.03708,0.038508,0.041878,0.034087,0.030374,0.038421
2022-08-09 05:10:00,0.032436,0.041542,0.045903,0.041309,0.040668,0.039408,0.040305,0.035805,0.031202,0.038701
2022-08-09 05:15:00,0.038719,0.045396,0.049863,0.045398,0.043851,0.038053,0.037114,0.040735,0.032865,0.036437
2022-08-09 05:20:00,0.045501,0.049107,0.050589,0.049281,0.045066,0.036969,0.03828,0.048169,0.038082,0.035077
2022-08-09 05:25:00,0.052102,0.053246,0.048304,0.053454,0.044971,0.039524,0.045101,0.058421,0.046692,0.038426
2022-08-09 05:30:00,0.058348,0.057354,0.045827,0.057442,0.044329,0.046284,0.054984,0.07052,0.057582,0.045788
2022-08-09 05:35:00,0.065233,0.060348,0.046298,0.060255,0.046331,0.054309,0.065578,0.082856,0.069015,0.054391
2022-08-09 05:40:00,0.072246,0.061628,0.051303,0.061478,0.051209,0.062645,0.076361,0.095374,0.080971,0.063249
2022-08-09 05:45:00,0.079381,0.063475,0.059667,0.063332,0.058492,0.071759,0.088046,0.10873,0.093823,0.073035
2022-08-09 05:50:00,0.085788,0.068642,0.070553,0.068444,0.06756,0.082153,0.100888,0.119234,0.10853,0.084794
2022-08-09 05:55:00,0.090996,0.077555,0.083607,0.07717,0.078067,0.093856,0.114771,0.123648,0.124821,0.09853
2022-08-09 06:00:00,0.095479,0.08907,0.097827,0.088342,0.090075,0.106907,0.129616,0.120096,0.141788,0.113362
2022-08-09 06:05:00,0.102444,0.102616,0.112259,0.101619,0.103995,0.121381,0.145394,0.118231,0.15893,0.128543
2022-08-09 06:10:00,0.112807,0.117889,0.126916,0.116667,0.119581,0.137104,0.162043,0.127003,0.176432,0.143923
2022-08-09 06:15:00,0.125576,0.133939,0.142352,0.132479,0.13585,0.153913,0.179561,0.145217,0.194857,0.160117
2022-08-09 06:20:00,0.132126,0.14997,0.15856,0.148263,0.152118,0.171591,0.197472,0.167393,0.213916,0.17743
2022-08-09 06:25:00,0.130072,0.166031,0.175249,0.16401,0.168322,0.189526,0.215017,0.188914,0.232703,0.195144
2022-08-09 06:30:00,0.123473,0.182534,0.192444,0.180179,0.184941,0.20729,0.23201,0.211038,0.250843,0.212673
2022-08-09 06:35:00,0.127521,0.19981,0.210527,0.197268,0.202326,0.225059,0.24902,0.235695,0.26904,0.230319
2022-08-09 06:40:00,0.152389,0.217785,0.229343,0.215109,0.220423,0.243099,0.26681,0.263475,0.288065,0.248387
2022-08-09 06:45:00,0.191385,0.236236,0.248531,0.233424,0.238978,0.261608,0.285407,0.2949,0.307913,0.267078
2022-08-09 06:50:00,0.233299,0.254684,0.267739,0.251864,0.257712,0.28024,0.304233,0.325681,0.327478,0.286018
2022-08-09 06:55:00,0.271062,0.272417,0.28598,0.269768,0.275655,0.298218,0.323094,0.349403,0.345858,0.304304
2022-08-09 07:00:00,0.306147,0.289459,0.303115,0.286872,0.292622,0.31538,0.342017,0.366934,0.363318,0.321706
2022-08-09 07:05:00,0.343148,0.306686,0.319946,0.303863,0.309377,0.332218,0.360706,0.382748,0.38104,0.339095
2022-08-09 07:10:00,0.377783,0.324702,0.338043,0.321729,0.327435,0.348934,0.37953,0.399984,0.399746,0.357304
2022-08-09 07:15:00,0.410354,0.343365,0.35673,0.340551,0.346136,0.365535,0.39842,0.417955,0.419135,0.376283
2022-08-09 07:20:00,0.44034,0.362397,0.37535,0.359537,0.365245,0.382067,0.416973,0.435958,0.438164,0.395487
2022-08-09 07:25:00,0.461328,0.380825,0.392392,0.37799,0.383763,0.398858,0.434896,0.453225,0.45514,0.414043
2022-08-09 07:30:00,0.475931,0.398555,0.40777,0.395829,0.401576,0.416131,0.452356,0.469834,0.470392,0.432089
2022-08-09 07:35:00,0.489357,0.415872,0.423257,0.413466,0.419061,0.433837,0.469764,0.486458,0.48588,0.449696
2022-08-09 07:40:00,0.504096,0.431744,0.439998,0.430008,0.43543,0.45166,0.487167,0.502901,0.50269,0.465754
2022-08-09 07:45:00,0.518874,0.446199,0.457589,0.445319,0.450668,0.469388,0.504278,0.518743,0.520231,0.480379
2022-08-09 07:50:00,0.527851,0.460398,0.475183,0.460046,0.465328,0.486874,0.51995,0.533754,0.536933,0.49517
2022-08-09 07:55:00,0.526856,0.475698,0.492076,0.475609,0.480709,0.50354,0.533128,0.546734,0.551388,0.510716
2022-08-09 08:00:00,0.517596,0.491252,0.508319,0.491438,0.496237,0.519425,0.544838,0.557795,0.564097,0.526544
2022-08-09 08:05:00,0.510238,0.507346,0.524605,0.507737,0.512167,0.535591,0.557169,0.569541,0.577171,0.542113
2022-08-09 08:10:00,0.50922,0.523656,0.540958,0.523986,0.528264,0.551924,0.570962,0.582648,0.591477,0.556689
2022-08-09 08:15:00,0.51253,0.539752,0.557033,0.539708,0.544136,0.567766,0.585409,0.596732,0.606545,0.570205
2022-08-09 08:20:00,0.531147,0.55531,0.572494,0.554963,0.55938,0.582339,0.5996,0.610542,0.621526,0.583289
2022-08-09 08:25:00,0.562085,0.569844,0.587009,0.569523,0.573839,0.59457,0.612801,0.623216,0.635413,0.596375
2022-08-09 08:30:00,0.601402,0.583497,0.600755,0.583373,0.587664,0.604993,0.625386,0.634829,0.648244,0.609475
2022-08-09 08:35:00,0.622177,0.597247,0.614218,0.597142,0.601453,0.615557,0.639006,0.646421,0.661221,0.623047
2022-08-09 08:40:00,0.613906,0.611319,0.628042,0.611139,0.615471,0.627024,0.654199,0.658246,0.674561,0.63688
2022-08-09 08:45:00,0.583201,0.625083,0.641564,0.625017,0.629334,0.638935,0.669293,0.669903,0.687793,0.650439
2022-08-09 08:50:00,0.569329,0.638512,0.654501,0.638168,0.642535,0.650999,0.683541,0.681041,0.700144,0.663291
2022-08-09 08:55:00,0.593717,0.650934,0.666098,0.650086,0.655006,0.662451,0.694313,0.691535,0.710926,0.675025
2022-08-09 09:00:00,0.642745,0.662647,0.676532,0.661012,0.666883,0.672918,0.701647,0.701708,0.720601,0.685715
2022-08-09 09:05:00,0.689606,0.674065,0.686899,0.672037,0.678275,0.683421,0.712392,0.712167,0.730615,0.696352
2022-08-09 09:10:00,0.717247,0.685211,0.69764,0.683352,0.689337,0.694219,0.721652,0.723573,0.740978,0.707215
2022-08-09 09:15:00,0.732117,0.696084,0.708416,0.694645,0.700204,0.704858,0.728877,0.735338,0.751073,0.718012
2022-08-09 09:20:00,0.741958,0.706244,0.718374,0.705269,0.710393,0.714554,0.709916,0.745676,0.760526,0.728052
2022-08-09 09:25:00,0.748775,0.715076,0.726933,0.714294,0.719249,0.72256,0.663292,0.753106,0.769133,0.736571
2022-08-09 09:30:00,0.753555,0.722644,0.734607,0.722101,0.727003,0.729387,0.599106,0.758338,0.777037,0.744059
2022-08-09 09:35:00,0.758791,0.730584,0.743198,0.730823,0.735715,0.737246,0.562445,0.763353,0.784612,0.75228
2022-08-09 09:40:00,0.765743,0.738762,0.75358,0.74124,0.746134,0.746769,0.576366,0.76878,0.791687,0.762084
2022-08-09 09:45:00,0.773488,0.746531,0.764654,0.752255,0.757154,0.756822,0.6159,0.774419,0.798385,0.772449
2022-08-09 09:50:00,0.780873,0.753578,0.77406,0.762087,0.766807,0.765892,0.662807,0.780113,0.805002,0.781659
2022-08-09 09:55:00,0.787401,0.759265,0.780371,0.769613,0.773505,0.773134,0.694521,0.785702,0.811332,0.7888
2022-08-09 10:00:00,0.793137,0.763944,0.784538,0.775749,0.778228,0.779123,0.7161,0.791142,0.817297,0.794667
2022-08-09 10:05:00,0.798249,0.769253,0.789505,0.782077,0.783516,0.784974,0.711409,0.796778,0.823677,0.800636
2022-08-09 10:10:00,0.803045,0.775986,0.795884,0.78943,0.790361,0.79154,0.676303,0.802465,0.830208,0.807381
2022-08-09 10:15:00,0.807571,0.783457,0.803312,0.797252,0.797977,0.798515,0.62245,0.807923,0.836311,0.814525
2022-08-09 10:20:00,0.811336,0.790593,0.810558,0.804649,0.80506,0.804845,0.605867,0.81283,0.841853,0.821184
2022-08-09 10:25:00,0.813326,0.796812,0.816805,0.810476,0.810547,0.809654,0.633891,0.816729,0.846641,0.826171
2022-08-09 10:30:00,0.813978,0.802429,0.822264,0.814836,0.814817,0.813245,0.682457,0.81994,0.850771,0.829788
2022-08-09 10:35:00,0.815305,0.807878,0.827264,0.819209,0.819345,0.817017,0.705472,0.823311,0.85439,0.833452
2022-08-09 10:40:00,0.818373,0.812812,0.83168,0.823919,0.824006,0.821044,0.686469,0.827458,0.857561,0.837079
2022-08-09 10:45:00,0.821507,0.817009,0.835462,0.828437,0.828208,0.824762,0.64376,0.83193,0.860288,0.840154
2022-08-09 10:50:00,0.811679,0.82042,0.838512,0.831981,0.831713,0.827836,0.606927,0.835117,0.86198,0.842814
2022-08-09 10:55:00,0.784131,0.822379,0.840212,0.833946,0.834463,0.830123,0.591309,0.835478,0.861902,0.844965
2022-08-09 11:00:00,0.74466,0.82329,0.840845,0.834766,0.836829,0.831799,0.591456,0.833393,0.860637,0.846623
2022-08-09 11:05:00,0.706884,0.824699,0.841932,0.835651,0.839167,0.833239,0.594225,0.822699,0.860092,0.848141
2022-08-09 11:10:00,0.685033,0.827462,0.844635,0.836745,0.842163,0.835113,0.604241,0.801941,0.860873,0.850091
2022-08-09 11:15:00,0.673689,0.830856,0.848069,0.83763,0.84543,0.837372,0.617741,0.773496,0.862152,0.852355
2022-08-09 11:20:00,0.659728,0.833902,0.85032,0.838391,0.847432,0.839085,0.659478,0.741421,0.862819,0.854265
2022-08-09 11:25:00,0.638039,0.836135,0.850254,0.839425,0.846697,0.839237,0.718687,0.712062,0.862481,0.854607
2022-08-09 11:30:00,0.609734,0.837819,0.848724,0.840634,0.844093,0.837832,0.779894,0.685373,0.861392,0.853457
2022-08-09 11:35:00,0.574666,0.839082,0.847155,0.841748,0.841921,0.837244,0.825206,0.666934,0.859687,0.852439
2022-08-09 11:40:00,0.532744,0.839646,0.846194,0.842312,0.840916,0.836619,0.841515,0.661062,0.857472,0.85168
2022-08-09 11:45:00,0.488562,0.839675,0.84572,0.842428,0.840547,0.835822,0.841348,0.662543,0.855173,0.850744
2022-08-09 11:50:00,0.433677,0.839672,0.845368,0.842468,0.840535,0.835017,0.84185,0.659866,0.852761,0.849649
2022-08-09 11:55:00,0.378396,0.839929,0.844629,0.842197,0.840976,0.834362,0.840591,0.646097,0.850656,0.848661
2022-08-09 12:00:00,0.325833,0.840062,0.843145,0.841098,0.841414,0.833593,0.836256,0.625894,0.848627,0.847506
2022-08-09 12:05:00,0.296993,0.839432,0.841315,0.839502,0.840963,0.831961,0.837578,0.603346,0.846104,0.845399
2022-08-09 12:10:00,0.309619,0.837123,0.838378,0.837101,0.83868,0.828647,0.833522,0.584362,0.842982,0.84174
2022-08-09 12:15:00,0.34842,0.83341,0.834315,0.833861,0.834947,0.824137,0.827005,0.567801,0.83942,0.837037
2022-08-09 12:20:00,0.402593,0.82933,0.830091,0.830386,0.830814,0.819683,0.82396,0.566127,0.835225,0.832129
2022-08-09 12:25:00,0.458057,0.825266,0.826467,0.827274,0.826565,0.815302,0.818388,0.580973,0.830265,0.827217
2022-08-09 12:30:00,0.510612,0.820703,0.822991,0.824189,0.82181,0.811165,0.811295,0.603405,0.824624,0.822224
2022-08-09 12:35:00,0.53225,0.815601,0.819218,0.819989,0.817431,0.806588,0.806787,0.600584,0.818335,0.817219
2022-08-09 12:40:00,0.512667,0.809571,0.815159,0.814165,0.813452,0.801464,0.801532,0.558172,0.811468,0.811937
2022-08-09 12:45:00,0.465194,0.802825,0.810762,0.807426,0.809284,0.796057,0.795388,0.491544,0.804247,0.80622
2022-08-09 12:50:00,0.419417,0.79648,0.805468,0.801133,0.804308,0.790527,0.791839,0.430759,0.797182,0.800356
2022-08-09 12:55:00,0.387452,0.791347,0.799032,0.796201,0.798325,0.784714,0.787523,0.400604,0.790456,0.794821
2022-08-09 13:00:00,0.366614,0.786828,0.791935,0.792006,0.791687,0.778457,0.781762,0.393196,0.783752,0.789384
2022-08-09 13:05:00,0.342306,0.78166,0.784494,0.78703,0.78468,0.771887,0.759912,0.38379,0.776799,0.783166
2022-08-09 13:10:00,0.313977,0.775046,0.776793,0.78044,0.777248,0.764426,0.723692,0.373502,0.76955,0.775304
2022-08-09 13:15:00,0.284127,0.76738,0.768852,0.772776,0.769421,0.756076,0.681343,0.363082,0.761976,0.766309
2022-08-09 13:20:00,0.28795,0.759622,0.760936,0.765008,0.76177,0.747489,0.644168,0.375963,0.753672,0.757173
2022-08-09 13:25:00,0.333587,0.75241,0.752951,0.757311,0.75468,0.739273,0.625992,0.419269,0.743916,0.748391
2022-08-09 13:30:00,0.402393,0.745374,0.744591,0.749174,0.747582,0.731073,0.618651,0.47786,0.732974,0.739762
2022-08-09 13:35:00,0.467966,0.737621,0.736714,0.74066,0.739432,0.721818,0.61349,0.508406,0.722302,0.731015
2022-08-09 13:40:00,0.507398,0.728292,0.729087,0.731016,0.729744,0.710962,0.611132,0.497084,0.711922,0.722013
2022-08-09 13:45:00,0.526592,0.717931,0.721046,0.720408,0.719072,0.699243,0.610511,0.46039,0.701198,0.712686
2022-08-09 13:50:00,0.531422,0.707402,0.712307,0.709779,0.70833,0.687683,0.605351,0.408989,0.689865,0.702899
2022-08-09 13:55:00,0.51626,0.697239,0.703065,0.699772,0.697923,0.676582,0.597974,0.361362,0.677868,0.692426
2022-08-09 14:00:00,0.489468,0.687239,0.693193,0.690103,0.687922,0.665796,0.587337,0.317456,0.665287,0.681246
2022-08-09 14:05:00,0.461213,0.677037,0.682011,0.680074,0.677711,0.655803,0.591648,0.283511,0.652545,0.669504
2022-08-09 14:10:00,0.435645,0.66651,0.669238,0.669844,0.667428,0.64716,0.601394,0.267629,0.639648,0.657301
2022-08-09 14:15:00,0.412327,0.655647,0.655629,0.659425,0.656994,0.638979,0.61012,0.263351,0.626466,0.644733
2022-08-09 14:20:00,0.382931,0.644226,0.641956,0.648269,0.645789,0.619531,0.599412,0.264692,0.613712,0.631738
2022-08-09 14:25:00,0.346857,0.632048,0.628608,0.636262,0.633616,0.587859,0.563852,0.269314,0.602065,0.618177
2022-08-09 14:30:00,0.308178,0.619346,0.615424,0.623697,0.620796,0.549704,0.515055,0.275074,0.590772,0.6042
2022-08-09 14:35:00,0.279061,0.60637,0.602018,0.610686,0.607602,0.524601,0.466217,0.282985,0.578058,0.59002
2022-08-09 14:40:00,0.267157,0.593124,0.588424,0.597529,0.594272,0.522296,0.425133,0.289737,0.563269,0.575569
2022-08-09 14:45:00,0.267065,0.579536,0.574941,0.584216,0.580737,0.531578,0.389443,0.295531,0.547169,0.561077
2022-08-09 14:50:00,0.280085,0.56561,0.561916,0.570388,0.566789,0.536601,0.371205,0.301739,0.53056,0.546775
2022-08-09 14:55:00,0.304099,0.551265,0.550264,0.556126,0.552521,0.529738,0.365006,0.306693,0.51362,0.532876
2022-08-09 15:00:00,0.331354,0.536794,0.539369,0.541847,0.538272,0.51513,0.363897,0.30999,0.496663,0.519027
2022-08-09 15:05:00,0.338936,0.522796,0.527109,0.527911,0.52437,0.500103,0.362193,0.319507,0.480241,0.504381
2022-08-09 15:10:00,0.321291,0.509766,0.512683,0.514815,0.511312,0.484044,0.352315,0.332314,0.46472,0.488388
2022-08-09 15:15:00,0.290003,0.496998,0.497013,0.501917,0.498453,0.467192,0.33878,0.345227,0.449296,0.471615
2022-08-09 15:20:00,0.264957,0.483239,0.480785,0.48832,0.484872,0.443075,0.32823,0.334961,0.432868,0.455122
2022-08-09 15:25:00,0.254128,0.467761,0.464006,0.472656,0.469141,0.410536,0.319493,0.29977,0.414995,0.439382
2022-08-09 15:30:00,0.251278,0.451263,0.447037,0.455931,0.452514,0.374927,0.313055,0.252393,0.396406,0.423805
2022-08-09 15:35:00,0.248183,0.434987,0.430583,0.438685,0.436315,0.352493,0.319427,0.229685,0.378186,0.407426
2022-08-09 15:40:00,0.240707,0.41975,0.415012,0.421272,0.421118,0.346995,0.332515,0.239996,0.360806,0.389792
2022-08-09 15:45:00,0.23039,0.404833,0.399544,0.403825,0.406031,0.349059,0.343371,0.265344,0.343527,0.371338
2022-08-09 15:50:00,0.218204,0.388927,0.383227,0.386124,0.389948,0.346755,0.339535,0.274895,0.325536,0.353579
2022-08-09 15:55:00,0.204613,0.371743,0.365774,0.368419,0.372512,0.336649,0.319067,0.262331,0.306858,0.336576
2022-08-09 16:00:00,0.190706,0.353947,0.347773,0.351083,0.354219,0.321937,0.292865,0.239208,0.288118,0.319903
2022-08-09 16:05:00,0.177476,0.335574,0.3302,0.334045,0.335681,0.305091,0.266821,0.218209,0.269654,0.303356
2022-08-09 16:10:00,0.165565,0.316976,0.313313,0.31744,0.317139,0.287128,0.245088,0.203133,0.251594,0.286164
2022-08-09 16:15:00,0.154617,0.298469,0.296326,0.300835,0.298669,0.268814,0.226217,0.190872,0.233583,0.268387
2022-08-09 16:20:00,0.144393,0.279944,0.278602,0.283617,0.280252,0.250597,0.211261,0.179244,0.215367,0.249942
2022-08-09 16:25:00,0.134719,0.261477,0.260179,0.265686,0.262105,0.232553,0.199176,0.167693,0.19707,0.230988
2022-08-09 16:30:00,0.12575,0.243386,0.241508,0.247614,0.244438,0.214953,0.188362,0.156752,0.179161,0.212162
2022-08-09 16:35:00,0.118,0.225855,0.222836,0.230076,0.227151,0.197936,0.175838,0.146462,0.162082,0.19403
2022-08-09 16:40:00,0.111504,0.208814,0.204491,0.213021,0.210088,0.181405,0.163145,0.135513,0.145888,0.176516
2022-08-09 16:45:00,0.105631,0.191803,0.186781,0.195861,0.192937,0.164928,0.151119,0.122789,0.130643,0.159131
2022-08-09 16:50:00,0.099785,0.174694,0.169628,0.178409,0.175644,0.148659,0.140847,0.10825,0.116287,0.141779
2022-08-09 16:55:00,0.093832,0.157916,0.153082,0.161298,0.158557,0.132968,0.130997,0.095824,0.102207,0.125149
2022-08-09 17:00:00,0.087817,0.141882,0.137295,0.144819,0.14213,0.118323,0.121222,0.088484,0.088321,0.109713
2022-08-09 17:05:00,0.081555,0.126223,0.121985,0.128995,0.126265,0.104419,0.111205,0.084351,0.075546,0.095037
2022-08-09 17:10:00,0.074878,0.11072,0.106862,0.113981,0.110683,0.090705,0.100778,0.079411,0.065108,0.080656
2022-08-09 17:15:00,0.068062,0.095501,0.092025,0.100056,0.09538,0.077218,0.090237,0.072592,0.057008,0.06674
2022-08-09 17:20:00,0.06032,0.081017,0.077966,0.087302,0.080795,0.064866,0.079769,0.064483,0.050088,0.054139
2022-08-09 17:25:00,0.052213,0.068182,0.065641,0.075734,0.067844,0.054695,0.071818,0.05563,0.043305,0.04393
2022-08-09 17:30:00,0.044442,0.057414,0.055475,0.065394,0.05694,0.046644,0.066441,0.046813,0.037303,0.03627
2022-08-09 17:35:00,0.038057,0.04833,0.047114,0.055908,0.047721,0.039812,0.062411,0.039928,0.034505,0.030979
2022-08-09 17:40:00,0.034903,0.040983,0.040572,0.046717,0.040235,0.033614,0.058382,0.03647,0.033504,0.028061
2022-08-09 17:45:00,0.033869,0.035615,0.036014,0.038339,0.034711,0.029117,0.054623,0.035285,0.033061,0.028241
2022-08-09 17:50:00,0.032418,0.032284,0.033688,0.032102,0.031232,0.026959,0.050733,0.033927,0.031737,0.028734
2022-08-09 17:55:00,0.029473,0.031836,0.033655,0.029865,0.030705,0.025785,0.046741,0.031557,0.02881,0.028793
2022-08-09 18:00:00,0.02555,0.031618,0.033226,0.029386,0.030588,0.025174,0.04247,0.028518,0.024909,0.028211
2022-08-09 18:05:00,0.021134,0.030695,0.031826,0.029152,0.030402,0.024371,0.038053,0.02464,0.02087,0.026681
2022-08-09 18:10:00,0.016587,0.028543,0.029128,0.028812,0.030065,0.023119,0.033763,0.019928,0.017132,0.023888
2022-08-09 18:15:00,0.012225,0.025436,0.025682,0.028082,0.029331,0.021394,0.029652,0.014878,0.013643,0.020104
2022-08-09 18:20:00,0.00866,0.022333,0.022655,0.026857,0.028079,0.018855,0.025678,0.010227,0.010236,0.015992
2022-08-09 18:25:00,0.005314,0.019874,0.020446,0.025039,0.026172,0.015578,0.021862,0.006474,0.006991,0.012138
2022-08-09 18:30:00,0.002415,0.017889,0.018641,0.022755,0.0236,0.011807,0.018179,0.003372,0.003781,0.008661
2022-08-09 18:35:00,0.0,0.01538,0.016187,0.01949,0.020223,0.007787,0.014231,0.000626,0.000835,0.005301
2022-08-09 18:40:00,0.0,0.011921,0.012746,0.015248,0.016036,0.003792,0.00996,0.0,0.0,0.001875
2022-08-09 18:45:00,0.0,0.007966,0.008761,0.010492,0.011375,0.000203,0.005863,0.0,0.0,0.0
2022-08-09 18:50:00,0.0,0.004238,0.005049,0.006189,0.007044,0.0,0.002804,0.0,0.0,0.0
2022-08-09 18:55:00,0.0,0.001582,0.0022,0.003036,0.003665,0.0,0.000364,0.0,0.0,0.0
2022-08-09 19:00:00,0.0,0.0,0.000103,0.00069,0.000954,0.0,0.0,0.0,0.0,0.0
2022-08-09 19:05:00,0.0,0.0,0.0,0.0,0.0,0.0,0.0,0.0,0.0,0.0
2022-08-09 19:10:00,0.0,0.0,0.0,0.0,0.0,0.0,0.0,0.0,0.0,0.0
2022-08-09 19:15:00,0.0,0.0,0.0,0.0,0.0,0.0,0.0,0.0,0.0,0.0
2022-08-09 19:20:00,0.0,0.0,0.0,0.0,0.0,0.0,0.0,0.0,0.0,0.0
2022-08-09 19:25:00,0.0,0.0,0.0,0.0,0.0,0.0,0.0,0.0,0.0,0.0
2022-08-09 19:30:00,0.0,0.0,0.0,0.0,0.0,0.0,0.0,0.0,0.0,0.0
2022-08-09 19:35:00,0.0,0.0,0.0,0.0,0.0,0.0,0.0,0.0,0.0,0.0
2022-08-09 19:40:00,0.0,0.0,0.0,0.0,0.0,0.0,0.0,0.0,0.0,0.0
2022-08-09 19:45:00,0.0,0.0,0.0,0.0,0.0,0.0,0.0,0.0,0.0,0.0
2022-08-09 19:50:00,0.0,0.0,0.0,0.0,0.0,0.0,0.0,0.0,0.0,0.0
2022-08-09 19:55:00,0.0,0.0,0.0,0.0,0.0,0.0,0.0,0.0,0.0,0.0
2022-08-09 20:00:00,0.0,0.0,0.0,0.0,0.0,0.0,0.0,0.0,0.0,0.0
2022-08-09 20:05:00,0.0,0.0,0.0,0.0,0.0,0.0,0.0,0.0,0.0,0.0
2022-08-09 20:10:00,0.0,0.0,0.0,0.0,0.0,0.0,0.0,0.0,0.0,0.0
2022-08-09 20:15:00,0.0,0.0,0.0,0.0,0.0,0.0,0.0,0.0,0.0,0.0
2022-08-09 20:20:00,0.0,0.0,0.0,0.0,0.0,0.0,0.0,0.0,0.0,0.0
2022-08-09 20:25:00,0.0,0.0,0.0,0.0,0.0,0.0,0.0,0.0,0.0,0.0
2022-08-09 20:30:00,0.0,0.0,0.0,0.0,0.0,0.0,0.0,0.0,0.0,0.0
2022-08-09 20:35:00,0.0,0.0,0.0,0.0,0.0,0.0,0.0,0.0,0.0,0.0
2022-08-09 20:40:00,0.0,0.0,0.0,0.0,0.0,0.0,0.0,0.0,0.0,0.0
2022-08-09 20:45:00,0.0,0.0,0.0,0.0,0.0,0.0,0.0,0.0,0.0,0.0
2022-08-09 20:50:00,0.0,0.0,0.0,0.0,0.0,0.0,0.0,0.0,0.0,0.0
2022-08-09 20:55:00,0.0,0.0,0.0,0.0,0.0,0.0,0.0,0.0,0.0,0.0
2022-08-09 21:00:00,0.0,0.0,0.0,0.0,0.0,0.0,0.0,0.0,0.0,0.0
2022-08-09 21:05:00,0.0,0.0,0.0,0.0,0.0,0.0,0.0,0.0,0.0,0.0
2022-08-09 21:10:00,0.0,0.0,0.0,0.0,0.0,0.0,0.0,0.0,0.0,0.0
2022-08-09 21:15:00,0.0,0.0,0.0,0.0,0.0,0.0,0.0,0.0,0.0,0.0
2022-08-09 21:20:00,0.0,0.0,0.0,0.0,0.0,0.0,0.0,0.0,0.0,0.0
2022-08-09 21:25:00,0.0,0.0,0.0,0.0,0.0,0.0,0.0,0.0,0.0,0.0
2022-08-09 21:30:00,0.0,0.0,0.0,0.0,0.0,0.0,0.0,0.0,0.0,0.0
2022-08-09 21:35:00,0.0,0.0,0.0,0.0,0.0,0.0,0.0,0.0,0.0,0.0
2022-08-09 21:40:00,0.0,0.0,0.0,0.0,0.0,0.0,0.0,0.0,0.0,0.0
2022-08-09 21:45:00,0.0,0.0,0.0,0.0,0.0,0.0,0.0,0.0,0.0,0.0
2022-08-09 21:50:00,0.0,0.0,0.0,0.0,0.0,0.0,0.0,0.0,0.0,0.0
2022-08-09 21:55:00,0.0,0.0,0.0,0.0,0.0,0.0,0.0,0.0,0.0,0.0
2022-08-09 22:00:00,0.0,0.0,0.0,0.0,0.0,0.0,0.0,0.0,0.0,0.0
2022-08-09 22:05:00,0.0,0.0,0.0,0.0,0.0,0.0,0.0,0.0,0.0,0.0
2022-08-09 22:10:00,0.0,0.0,0.0,0.0,0.0,0.0,0.0,0.0,0.0,0.0
2022-08-09 22:15:00,0.0,0.0,0.0,0.0,0.0,0.0,0.0,0.0,0.0,0.0
2022-08-09 22:20:00,0.0,0.0,0.0,0.0,0.0,0.0,0.0,0.0,0.0,0.0
2022-08-09 22:25:00,0.0,0.0,0.0,0.0,0.0,0.0,0.0,0.0,0.0,0.0
2022-08-09 22:30:00,0.0,0.0,0.0,0.0,0.0,0.0,0.0,0.0,0.0,0.0
2022-08-09 22:35:00,0.0,0.0,0.0,0.0,0.0,0.0,0.0,0.0,0.0,0.0
2022-08-09 22:40:00,0.0,0.0,0.0,0.0,0.0,0.0,0.0,0.0,0.0,0.0
2022-08-09 22:45:00,0.0,0.0,0.0,0.0,0.0,0.0,0.0,0.0,0.0,0.0
2022-08-09 22:50:00,0.0,0.0,0.0,0.0,0.0,0.0,0.0,0.0,0.0,0.0
2022-08-09 22:55:00,0.0,0.0,0.0,0.0,0.0,0.0,0.0,0.0,0.0,0.0
2022-08-09 23:00:00,0.0,0.0,0.0,0.0,0.0,0.0,0.0,0.0,0.0,0.0
2022-08-09 23:05:00,0.0,0.0,0.0,0.0,0.0,0.0,0.0,0.0,0.0,0.0
2022-08-09 23:10:00,0.0,0.0,0.0,0.0,0.0,0.0,0.0,0.0,0.0,0.0
2022-08-09 23:15:00,0.0,0.0,0.0,0.0,0.0,0.0,0.0,0.0,0.0,0.0
2022-08-09 23:20:00,0.0,0.0,0.0,0.0,0.0,0.0,0.0,0.0,0.0,0.0
2022-08-09 23:25:00,0.0,0.0,0.0,0.0,0.0,0.0,0.0,0.0,0.0,0.0
2022-08-09 23:30:00,0.0,0.0,0.0,0.0,0.0,0.0,0.0,0.0,0.0,0.0
2022-08-09 23:35:00,0.0,0.0,0.0,0.0,0.0,0.0,0.0,0.0,0.0,0.0
2022-08-09 23:40:00,0.0,0.0,0.0,0.0,0.0,0.0,0.0,0.0,0.0,0.0
2022-08-09 23:45:00,0.0,0.0,0.0,0.0,0.0,0.0,0.0,0.0,0.0,0.0
2022-08-09 23:50:00,0.0,0.0,0.0,0.0,0.0,0.0,0.0,0.0,0.0,0.0
2022-08-09 23:55:00,0.0,0.0,0.0,0.0,0.0,0.0,0.0,0.0,0.0,0.0
2022-08-10 00:00:00,0.0,0.0,0.0,0.0,0.0,0.0,0.0,0.0,0.0,0.0
2022-08-10 00:05:00,0.0,0.0,0.0,0.0,0.0,0.0,0.0,0.0,0.0,0.0
2022-08-10 00:10:00,0.0,0.0,0.0,0.0,0.0,0.0,0.0,0.0,0.0,0.0
2022-08-10 00:15:00,0.0,0.0,0.0,0.0,0.0,0.0,0.0,0.0,0.0,0.0
2022-08-10 00:20:00,0.0,0.0,0.0,0.0,0.0,0.0,0.0,0.0,0.0,0.0
2022-08-10 00:25:00,0.0,0.0,0.0,0.0,0.0,0.0,0.0,0.0,0.0,0.0
2022-08-10 00:30:00,0.0,0.0,0.0,0.0,0.0,0.0,0.0,0.0,0.0,0.0
2022-08-10 00:35:00,0.0,0.0,0.0,0.0,0.0,0.0,0.0,0.0,0.0,0.0
2022-08-10 00:40:00,0.0,0.0,0.0,0.0,0.0,0.0,0.0,0.0,0.0,0.0
2022-08-10 00:45:00,0.0,0.0,0.0,0.0,0.0,0.0,0.0,0.0,0.0,0.0
2022-08-10 00:50:00,0.0,0.0,0.0,0.0,0.0,0.0,0.0,0.0,0.0,0.0
2022-08-10 00:55:00,0.0,0.0,0.0,0.0,0.0,0.0,0.0,0.0,0.0,0.0
2022-08-10 01:00:00,0.0,0.0,0.0,0.0,0.0,0.0,0.0,0.0,0.0,0.0
2022-08-10 01:05:00,0.0,0.0,0.0,0.0,0.0,0.0,0.0,0.0,0.0,0.0
2022-08-10 01:10:00,0.0,0.0,0.0,0.0,0.0,0.0,0.0,0.0,0.0,0.0
2022-08-10 01:15:00,0.0,0.0,0.0,0.0,0.0,0.0,0.0,0.0,0.0,0.0
2022-08-10 01:20:00,0.0,0.0,0.0,0.0,0.0,0.0,0.0,0.0,0.0,0.0
2022-08-10 01:25:00,0.0,0.0,0.0,0.0,0.0,0.0,0.0,0.0,0.0,0.0
2022-08-10 01:30:00,0.0,0.0,0.0,0.0,0.0,0.0,0.0,0.0,0.0,0.0
2022-08-10 01:35:00,0.0,0.0,0.0,0.0,0.0,0.0,0.0,0.0,0.0,0.0
2022-08-10 01:40:00,0.0,0.0,0.0,0.0,0.0,0.0,0.0,0.0,0.0,0.0
2022-08-10 01:45:00,0.0,0.0,0.0,0.0,0.0,0.0,0.0,0.0,0.0,0.0
2022-08-10 01:50:00,0.0,0.0,0.0,0.0,0.0,0.0,0.0,0.0,0.0,0.0
2022-08-10 01:55:00,0.0,0.0,0.0,0.0,0.0,0.0,0.0,0.0,0.0,0.0
2022-08-10 02:00:00,0.0,0.0,0.0,0.0,0.0,0.0,0.0,0.0,0.0,0.0
2022-08-10 02:05:00,0.0,0.0,0.0,0.0,0.0,0.0,0.0,0.0,0.0,0.0
2022-08-10 02:10:00,0.0,0.0,0.0,0.0,0.0,0.0,0.0,0.0,0.0,0.0
2022-08-10 02:15:00,0.0,0.0,0.0,0.0,0.0,0.0,0.0,0.0,0.0,0.0
2022-08-10 02:20:00,0.0,0.0,0.0,0.0,0.0,0.0,0.0,0.0,0.0,0.0
2022-08-10 02:25:00,0.0,0.0,0.0,0.0,0.0,0.0,0.0,0.0,0.0,0.0
2022-08-10 02:30:00,0.0,0.0,0.0,0.0,0.0,0.0,0.0,0.0,0.0,0.0
2022-08-10 02:35:00,0.0,0.0,0.0,0.0,0.0,0.0,0.0,0.0,0.0,0.0
2022-08-10 02:40:00,0.0,0.0,0.0,0.0,0.0,0.0,0.0,0.0,0.0,0.0
2022-08-10 02:45:00,0.0,0.0,0.0,0.0,0.0,0.0,0.0,0.0,0.0,0.0
2022-08-10 02:50:00,0.0,0.0,0.0,0.0,0.0,0.0,0.0,0.0,0.0,0.0
2022-08-10 02:55:00,0.0,0.0,0.0,0.0,0.0,0.0,0.0,0.0,0.0,0.0
2022-08-10 03:00:00,0.0,0.0,0.0,0.0,0.0,0.0,0.0,0.0,0.0,0.0
2022-08-10 03:05:00,0.0,0.0,0.0,0.0,0.0,0.0,0.0,0.0,0.0,0.0
2022-08-10 03:10:00,0.0,0.0,0.0,0.0,0.0,0.0,0.0,0.0,0.0,0.0
2022-08-10 03:15:00,0.0,0.0,0.0,0.0,0.0,0.0,0.0,0.0,0.0,0.0
2022-08-10 03:20:00,0.0,0.0,0.0,0.0,0.0,0.0,0.0,0.0,0.0,0.0
2022-08-10 03:25:00,0.0,0.0,0.0,0.0,0.0,0.0,0.0,0.0,0.0,0.0
2022-08-10 03:30:00,0.0,0.0,0.0,0.0,0.0,0.0,0.0,0.0,0.0,0.0
2022-08-10 03:35:00,0.0,0.0,0.0,0.0,0.0,0.0,0.0,0.0,0.0,0.0
2022-08-10 03:40:00,0.0,0.0,0.0,0.0,0.0,0.0,0.0,0.0,0.0,0.0
2022-08-10 03:45:00,0.0,0.0,0.0,0.0,0.0,0.0,0.0,0.0,0.0,0.0
2022-08-10 03:50:00,0.0,0.0,0.0,0.0,0.0,0.0,0.0,0.0,0.0,0.0
2022-08-10 03:55:00,0.001277,0.0,0.0,0.0,0.0,0.0,0.0,0.0,0.0,0.0
2022-08-10 04:00:00,0.004798,0.0,0.0,0.0,0.0,0.0,2.2e-05,0.000356,0.0,0.0
2022-08-10 04:05:00,0.008306,0.0,0.0,0.0,0.0,0.0,0.002627,0.003277,0.0,0.0
2022-08-10 04:10:00,0.011285,0.0,0.0,0.0,0.0,0.0,0.005719,0.006601,0.00073,0.0
2022-08-10 04:15:00,0.01409,0.0,0.0,0.0,0.0,0.0,0.00922,0.010223,0.003183,0.0
2022-08-10 04:20:00,0.017482,0.0,0.0,0.0,0.0,4.5e-05,0.013003,0.014253,0.006075,0.0
2022-08-10 04:25:00,0.021776,0.000323,0.002456,0.000302,0.001215,0.003276,0.017147,0.018803,0.009307,0.003099
2022-08-10 04:30:00,0.026446,0.003747,0.007036,0.003721,0.00463,0.007206,0.021612,0.023481,0.0127,0.007084
2022-08-10 04:35:00,0.030304,0.00735,0.01151,0.007277,0.008231,0.011472,0.02457,0.02774,0.015916,0.01109
2022-08-10 04:40:00,0.033072,0.011128,0.01549,0.010807,0.012022,0.015715,0.026634,0.03127,0.018661,0.014798
2022-08-10 04:45:00,0.035013,0.015241,0.019046,0.014392,0.016176,0.020046,0.027683,0.034184,0.021266,0.01832
2022-08-10 04:50:00,0.036289,0.019799,0.02293,0.01863,0.020164,0.024515,0.030611,0.036375,0.024154,0.022042
2022-08-10 04:55:00,0.036862,0.024825,0.027269,0.023777,0.023758,0.030023,0.034979,0.037732,0.027445,0.026245
2022-08-10 05:00:00,0.037315,0.030095,0.032152,0.029371,0.026907,0.035617,0.040035,0.038406,0.03065,0.030535
2022-08-10 05:05:00,0.040111,0.035203,0.037222,0.034701,0.03076,0.040896,0.042516,0.038822,0.032918,0.033474
2022-08-10 05:10:00,0.047211,0.040032,0.042091,0.03948,0.036004,0.045582,0.040579,0.040378,0.03373,0.035066
2022-08-10 05:15:00,0.056675,0.044676,0.046699,0.043437,0.042292,0.049727,0.037335,0.044762,0.035296,0.036021
2022-08-10 05:20:00,0.066608,0.047457,0.048526,0.045311,0.048607,0.053409,0.038003,0.053754,0.040272,0.037038
2022-08-10 05:25:00,0.076301,0.048615,0.047797,0.043848,0.05439,0.057262,0.044834,0.066796,0.048641,0.041377
2022-08-10 05:30:00,0.086479,0.048714,0.04655,0.040881,0.059657,0.062191,0.055224,0.081421,0.059274,0.048749
2022-08-10 05:35:00,0.097739,0.053374,0.047904,0.043977,0.065326,0.064704,0.065539,0.093048,0.070762,0.056956
2022-08-10 05:40:00,0.110158,0.062454,0.053011,0.05454,0.071169,0.066739,0.076344,0.101252,0.082584,0.065389
2022-08-10 05:45:00,0.123702,0.073851,0.061255,0.069284,0.077498,0.070639,0.087974,0.110184,0.095401,0.074687
2022-08-10 05:50:00,0.138986,0.081915,0.073279,0.082603,0.084822,0.078987,0.10049,0.122715,0.109869,0.086141
2022-08-10 05:55:00,0.153435,0.08703,0.089005,0.092465,0.093243,0.091658,0.114047,0.137723,0.125733,0.099621
2022-08-10 06:00:00,0.16504,0.093078,0.105232,0.101043,0.102776,0.105965,0.128553,0.153258,0.142239,0.114009
2022-08-10 06:05:00,0.175121,0.103458,0.118091,0.109781,0.111653,0.120728,0.14418,0.168894,0.159028,0.128762
2022-08-10 06:10:00,0.18943,0.117372,0.128159,0.119578,0.121592,0.135899,0.160717,0.184958,0.176116,0.143831
2022-08-10 06:15:00,0.21102,0.132431,0.13975,0.13165,0.133911,0.15187,0.17797,0.201695,0.193969,0.159584
2022-08-10 06:20:00,0.235872,0.14748,0.154787,0.145818,0.148905,0.168755,0.195702,0.218973,0.212545,0.176377
2022-08-10 06:25:00,0.257753,0.162665,0.171676,0.161264,0.164761,0.185914,0.21312,0.236396,0.231056,0.193858
2022-08-10 06:30:00,0.275582,0.17844,0.189042,0.177096,0.181031,0.202688,0.230004,0.253982,0.249146,0.211863
2022-08-10 06:35:00,0.292522,0.195006,0.206849,0.193567,0.197909,0.21978,0.246963,0.272181,0.267393,0.230572
2022-08-10 06:40:00,0.309909,0.212052,0.225126,0.210734,0.215455,0.237225,0.26455,0.290625,0.286237,0.249864
2022-08-10 06:45:00,0.328203,0.229386,0.243732,0.228482,0.233454,0.255449,0.282644,0.308879,0.305728,0.26957
2022-08-10 06:50:00,0.34671,0.247128,0.262448,0.246619,0.251668,0.273886,0.30096,0.327115,0.325265,0.289193
2022-08-10 06:55:00,0.364827,0.264534,0.280295,0.264749,0.269134,0.291541,0.319189,0.344329,0.343728,0.307753
2022-08-10 07:00:00,0.382674,0.281303,0.29709,0.282747,0.285609,0.308287,0.337254,0.360213,0.361028,0.325159
2022-08-10 07:05:00,0.400804,0.297717,0.313681,0.300712,0.301862,0.324774,0.355199,0.375799,0.378476,0.342371
2022-08-10 07:10:00,0.419083,0.315215,0.331327,0.318249,0.319412,0.340945,0.373375,0.393,0.397012,0.359664
2022-08-10 07:15:00,0.43713,0.333364,0.349358,0.335215,0.337601,0.356886,0.391534,0.411151,0.416296,0.376837
2022-08-10 07:20:00,0.454316,0.35182,0.367894,0.351924,0.356032,0.373166,0.409414,0.429318,0.435203,0.394097
2022-08-10 07:25:00,0.469391,0.369838,0.385984,0.368765,0.374085,0.39,0.426796,0.446671,0.452242,0.411728
2022-08-10 07:30:00,0.482615,0.387239,0.403406,0.385905,0.391519,0.40721,0.443836,0.463306,0.467439,0.429579
2022-08-10 07:35:00,0.496067,0.404445,0.420545,0.403535,0.408519,0.424661,0.460644,0.480127,0.482695,0.44709
2022-08-10 07:40:00,0.510841,0.420671,0.4367,0.421334,0.424423,0.442224,0.477282,0.497049,0.499421,0.463061
2022-08-10 07:45:00,0.526241,0.435788,0.451733,0.439059,0.439275,0.459819,0.493247,0.513576,0.517241,0.477602
2022-08-10 07:50:00,0.541513,0.450393,0.466143,0.45646,0.453616,0.477097,0.509103,0.528932,0.534869,0.492303
2022-08-10 07:55:00,0.556064,0.465852,0.481241,0.473199,0.468693,0.493716,0.524861,0.541909,0.551578,0.507702
2022-08-10 08:00:00,0.569906,0.481453,0.496399,0.489351,0.483955,0.509817,0.540284,0.553012,0.567609,0.523408
2022-08-10 08:05:00,0.565822,0.497259,0.511876,0.505492,0.49963,0.525933,0.555501,0.564598,0.583715,0.539592
2022-08-10 08:10:00,0.539839,0.51301,0.527624,0.521646,0.515501,0.541988,0.570466,0.577883,0.599731,0.556106
2022-08-10 08:15:00,0.49565,0.528517,0.543348,0.537425,0.53116,0.557721,0.585065,0.592045,0.615093,0.572539
2022-08-10 08:20:00,0.476324,0.543479,0.558567,0.551703,0.5462,0.572936,0.599036,0.605886,0.629167,0.588325
2022-08-10 08:25:00,0.508109,0.557628,0.572918,0.563611,0.560362,0.587364,0.611922,0.618653,0.640962,0.602848
2022-08-10 08:30:00,0.573851,0.57117,0.586542,0.573808,0.573803,0.601038,0.623848,0.630368,0.65109,0.616384
2022-08-10 08:35:00,0.634145,0.584783,0.600064,0.584565,0.587216,0.614679,0.635431,0.642077,0.661649,0.630017
2022-08-10 08:40:00,0.670105,0.598657,0.613622,0.597041,0.600977,0.628448,0.647362,0.65393,0.673503,0.643947
2022-08-10 08:45:00,0.689549,0.612411,0.62688,0.610485,0.614727,0.641872,0.659005,0.665611,0.686036,0.657757
2022-08-10 08:50:00,0.703103,0.625361,0.639518,0.623425,0.627857,0.654664,0.670032,0.676915,0.698414,0.671064
2022-08-10 08:55:00,0.7136,0.6371,0.650922,0.635177,0.640299,0.665934,0.67973,0.687645,0.710097,0.683669
2022-08-10 09:00:00,0.721935,0.647895,0.661287,0.645989,0.652192,0.676278,0.68821,0.698057,0.721116,0.695751
2022-08-10 09:05:00,0.729955,0.658788,0.671654,0.656854,0.663561,0.686815,0.696993,0.70862,0.731908,0.707482
2022-08-10 09:10:00,0.73807,0.669678,0.682262,0.667728,0.674635,0.697568,0.705966,0.719998,0.742477,0.718871
2022-08-10 09:15:00,0.745889,0.680267,0.692795,0.678334,0.685508,0.708151,0.714997,0.73173,0.752737,0.72992
2022-08-10 09:20:00,0.753137,0.690186,0.702574,0.688281,0.695616,0.718063,0.723339,0.742242,0.762314,0.740267
2022-08-10 09:25:00,0.759149,0.699064,0.711034,0.69718,0.70421,0.726458,0.730403,0.750254,0.770452,0.748831
2022-08-10 09:30:00,0.764025,0.707074,0.718459,0.705222,0.711714,0.733579,0.736709,0.756482,0.777528,0.755854
2022-08-10 09:35:00,0.769712,0.715773,0.726764,0.714049,0.720135,0.740777,0.744009,0.763022,0.785198,0.763197
2022-08-10 09:40:00,0.776908,0.725785,0.736554,0.724399,0.730129,0.748288,0.752777,0.770771,0.794222,0.770941
2022-08-10 09:45:00,0.784644,0.736266,0.746825,0.735279,0.740658,0.755588,0.761928,0.778976,0.803701,0.778408
2022-08-10 09:50:00,0.791925,0.745651,0.756084,0.74491,0.75008,0.76227,0.770322,0.771584,0.811937,0.785126
2022-08-10 09:55:00,0.797856,0.752365,0.763397,0.752381,0.75682,0.768215,0.777235,0.745008,0.817585,0.790331
2022-08-10 10:00:00,0.80247,0.757101,0.769347,0.758461,0.761535,0.772946,0.783009,0.702566,0.821368,0.794503
2022-08-10 10:05:00,0.807122,0.762402,0.775268,0.764632,0.766723,0.779502,0.78907,0.684009,0.82564,0.799566
2022-08-10 10:10:00,0.812155,0.769313,0.782081,0.771788,0.773562,0.78603,0.795502,0.705426,0.831192,0.8061
2022-08-10 10:15:00,0.817124,0.776916,0.789447,0.779458,0.781292,0.791243,0.801555,0.752647,0.837103,0.813223
2022-08-10 10:20:00,0.820933,0.784065,0.796196,0.786632,0.788572,0.788271,0.806936,0.793806,0.842641,0.820053
2022-08-10 10:25:00,0.823058,0.789845,0.801324,0.792281,0.794761,0.76912,0.81156,0.813693,0.847423,0.8259
2022-08-10 10:30:00,0.824151,0.794299,0.805209,0.796516,0.800168,0.739546,0.815513,0.819447,0.851548,0.830954
2022-08-10 10:35:00,0.826004,0.798585,0.809104,0.800852,0.805286,0.711323,0.818938,0.822405,0.855161,0.835575
2022-08-10 10:40:00,0.829265,0.802786,0.813241,0.805418,0.810011,0.696073,0.82181,0.826638,0.858326,0.839755
2022-08-10 10:45:00,0.833063,0.806561,0.817166,0.809621,0.81414,0.690581,0.824494,0.830488,0.861047,0.843433
2022-08-10 10:50:00,0.836525,0.809914,0.82049,0.813183,0.817526,0.688249,0.827614,0.834618,0.862934,0.846212
2022-08-10 10:55:00,0.839221,0.812683,0.823026,0.815314,0.819423,0.689805,0.830676,0.835854,0.863758,0.847347
2022-08-10 11:00:00,0.841145,0.814867,0.82504,0.816304,0.820129,0.694119,0.833697,0.834953,0.863856,0.847207
2022-08-10 11:05:00,0.842529,0.816667,0.826954,0.81793,0.821251,0.692598,0.836645,0.810577,0.864379,0.847666
2022-08-10 11:10:00,0.843463,0.817989,0.829797,0.821029,0.823983,0.686288,0.839395,0.757216,0.865549,0.849547
2022-08-10 11:15:00,0.843918,0.818816,0.833296,0.824612,0.827605,0.677483,0.841576,0.681284,0.866694,0.852063
2022-08-10 11:20:00,0.843643,0.819531,0.836022,0.826989,0.830802,0.668569,0.842844,0.615339,0.859884,0.854208
2022-08-10 11:25:00,0.842635,0.82064,0.836894,0.827218,0.833004,0.666925,0.842475,0.586368,0.842048,0.85534
2022-08-10 11:30:00,0.841028,0.821912,0.836437,0.826131,0.834474,0.670666,0.840752,0.584162,0.817389,0.855623
2022-08-10 11:35:00,0.838671,0.822849,0.836025,0.824903,0.835404,0.680658,0.839172,0.603002,0.80493,0.855396
2022-08-10 11:40:00,0.835518,0.823213,0.835891,0.824143,0.835758,0.698999,0.837852,0.632629,0.813239,0.854868
2022-08-10 11:45:00,0.832155,0.823197,0.835557,0.823825,0.835611,0.721302,0.83638,0.665723,0.833216,0.854141
2022-08-10 11:50:00,0.82861,0.823004,0.834569,0.823826,0.834718,0.748206,0.83494,0.695387,0.836526,0.853033
2022-08-10 11:55:00,0.82497,0.822389,0.832653,0.82414,0.832349,0.775144,0.833895,0.709389,0.812266,0.851772
2022-08-10 12:00:00,0.821071,0.821089,0.829906,0.824338,0.828593,0.800433,0.832868,0.712327,0.769578,0.850462
2022-08-10 12:05:00,0.817442,0.819643,0.826731,0.823819,0.824935,0.818528,0.830786,0.726486,0.745159,0.848299
2022-08-10 12:10:00,0.814065,0.817369,0.823179,0.821773,0.821304,0.824733,0.827003,0.747998,0.757662,0.844803
2022-08-10 12:15:00,0.810463,0.814023,0.819272,0.818452,0.817293,0.822844,0.822181,0.771694,0.791682,0.840377
2022-08-10 12:20:00,0.806225,0.810406,0.815099,0.814664,0.813425,0.818593,0.817375,0.778526,0.81878,0.835497
2022-08-10 12:25:00,0.801099,0.807128,0.810482,0.810537,0.810085,0.814394,0.812953,0.755437,0.826465,0.830016
2022-08-10 12:30:00,0.795179,0.803907,0.805361,0.805917,0.806842,0.810298,0.808597,0.71238,0.8215,0.82365
2022-08-10 12:35:00,0.788664,0.800456,0.800639,0.801636,0.80341,0.805721,0.804029,0.788911,0.828385,0.818102
2022-08-10 12:40:00,0.781823,0.796588,0.796458,0.797617,0.7997,0.800557,0.799191,0.782374,0.822488,0.812505
2022-08-10 12:45:00,0.774772,0.79223,0.792411,0.7933,0.79576,0.794975,0.793918,0.772963,0.815504,0.806735
2022-08-10 12:50:00,0.767652,0.787196,0.78841,0.788306,0.791707,0.76959,0.787536,0.731384,0.808553,0.80087
2022-08-10 12:55:00,0.760958,0.78131,0.784587,0.782459,0.78783,0.755775,0.779362,0.708615,0.802124,0.795304
2022-08-10 13:00:00,0.754434,0.774818,0.780469,0.776006,0.783893,0.730982,0.770019,0.661226,0.795541,0.789697
2022-08-10 13:05:00,0.747112,0.767966,0.775424,0.769194,0.779064,0.713758,0.760784,0.622849,0.787799,0.78319
2022-08-10 13:10:00,0.738225,0.760697,0.768974,0.762008,0.772772,0.715739,0.751991,0.610182,0.7785,0.77515
2022-08-10 13:15:00,0.728361,0.753042,0.761397,0.754531,0.765443,0.728378,0.743395,0.614197,0.768285,0.766113
2022-08-10 13:20:00,0.71852,0.745568,0.753711,0.747227,0.757979,0.73817,0.735179,0.630587,0.757919,0.756973
2022-08-10 13:25:00,0.709281,0.738621,0.746526,0.740373,0.750415,0.738463,0.727549,0.649482,0.747913,0.748187
2022-08-10 13:30:00,0.700117,0.731542,0.73929,0.733579,0.742268,0.732332,0.719706,0.663699,0.73813,0.739554
2022-08-10 13:35:00,0.689513,0.723317,0.731097,0.725821,0.733713,0.715662,0.710584,0.661074,0.728133,0.730765
2022-08-10 13:40:00,0.677087,0.713683,0.721324,0.716374,0.724015,0.689087,0.699932,0.623846,0.71776,0.721598
2022-08-10 13:45:00,0.663835,0.703208,0.710496,0.705787,0.713245,0.657307,0.68847,0.563048,0.707043,0.711969
2022-08-10 13:50:00,0.650778,0.692672,0.699568,0.694997,0.702351,0.605025,0.677093,0.505287,0.695847,0.701873
2022-08-10 13:55:00,0.638181,0.682352,0.689251,0.684732,0.692175,0.538786,0.666281,0.456161,0.683876,0.691111
2022-08-10 14:00:00,0.625783,0.672343,0.679402,0.67497,0.682264,0.467259,0.655605,0.414932,0.671192,0.679899
2022-08-10 14:05:00,0.6133,0.662241,0.669364,0.665168,0.671239,0.419367,0.644708,0.387216,0.658343,0.669015
2022-08-10 14:10:00,0.60066,0.652198,0.659139,0.655033,0.658682,0.423002,0.633555,0.370198,0.645451,0.659087
2022-08-10 14:15:00,0.587801,0.642045,0.648647,0.644458,0.64538,0.457287,0.622257,0.359659,0.63236,0.649292
2022-08-10 14:20:00,0.574443,0.63095,0.637391,0.633429,0.631868,0.497618,0.610882,0.347093,0.619658,0.638439
2022-08-10 14:25:00,0.560547,0.618843,0.625296,0.62163,0.618635,0.53267,0.59844,0.324989,0.607618,0.62605
2022-08-10 14:30:00,0.546512,0.606204,0.61262,0.609114,0.605711,0.560181,0.585459,0.30193,0.59547,0.612531
2022-08-10 14:35:00,0.533031,0.593495,0.599355,0.596214,0.592983,0.574677,0.572221,0.295611,0.58193,0.598408
2022-08-10 14:40:00,0.520624,0.58037,0.585781,0.583223,0.579872,0.572805,0.558663,0.320123,0.567092,0.583852
2022-08-10 14:45:00,0.50857,0.567371,0.572162,0.570058,0.56689,0.561108,0.54464,0.359056,0.551263,0.569022
2022-08-10 14:50:00,0.495379,0.554603,0.557966,0.556459,0.554139,0.546588,0.530215,0.399274,0.535809,0.553825
2022-08-10 14:55:00,0.480176,0.542613,0.543425,0.542318,0.542168,0.531319,0.515843,0.427115,0.521202,0.538165
2022-08-10 15:00:00,0.463753,0.530873,0.528507,0.527877,0.530448,0.515603,0.501596,0.442039,0.506629,0.522176
2022-08-10 15:05:00,0.446903,0.518186,0.513514,0.513845,0.517782,0.49947,0.486706,0.438143,0.490923,0.505744
2022-08-10 15:10:00,0.429852,0.50398,0.498287,0.500867,0.50357,0.482997,0.471166,0.407678,0.473807,0.488845
2022-08-10 15:15:00,0.412624,0.488783,0.482887,0.488191,0.488275,0.466525,0.455252,0.363525,0.455923,0.471821
2022-08-10 15:20:00,0.395169,0.473032,0.467956,0.474777,0.472357,0.450554,0.43885,0.323637,0.43828,0.455253
2022-08-10 15:25:00,0.377418,0.456648,0.453673,0.459332,0.455893,0.435396,0.422091,0.293775,0.421203,0.439332
2022-08-10 15:30:00,0.359705,0.439989,0.439291,0.443133,0.439273,0.420436,0.405499,0.272589,0.404159,0.423411
2022-08-10 15:35:00,0.342595,0.423874,0.424044,0.427236,0.423288,0.404652,0.389633,0.266527,0.386334,0.406706
2022-08-10 15:40:00,0.326308,0.408761,0.407607,0.412229,0.408324,0.387548,0.374824,0.275211,0.367406,0.388916
2022-08-10 15:45:00,0.310107,0.393891,0.390287,0.397381,0.393561,0.369727,0.360043,0.287742,0.348044,0.370546
2022-08-10 15:50:00,0.293208,0.378032,0.37264,0.381598,0.377988,0.35234,0.344024,0.292495,0.329192,0.352558
2022-08-10 15:55:00,0.275445,0.360757,0.355072,0.3645,0.361305,0.335785,0.326421,0.284406,0.311234,0.335176
2022-08-10 16:00:00,0.257264,0.342669,0.337818,0.346639,0.343873,0.319492,0.308081,0.268945,0.293587,0.31789
2022-08-10 16:05:00,0.239086,0.324419,0.320837,0.328459,0.325909,0.302939,0.289737,0.252831,0.275603,0.300566
2022-08-10 16:10:00,0.221144,0.306303,0.304327,0.310253,0.307774,0.2862,0.271478,0.236116,0.257314,0.283246
2022-08-10 16:15:00,0.203603,0.288361,0.287723,0.292185,0.289773,0.269263,0.253413,0.21878,0.238722,0.26558
2022-08-10 16:20:00,0.186561,0.2705,0.27052,0.274215,0.271885,0.251782,0.235688,0.201618,0.219677,0.247255
2022-08-10 16:25:00,0.17005,0.252944,0.252491,0.256507,0.254154,0.23371,0.218369,0.184044,0.200439,0.228521
2022-08-10 16:30:00,0.154184,0.235921,0.234285,0.239273,0.236762,0.215527,0.201557,0.166924,0.181522,0.210002
2022-08-10 16:35:00,0.138704,0.219244,0.216261,0.222459,0.219891,0.197608,0.185321,0.150396,0.16304,0.192127
2022-08-10 16:40:00,0.123382,0.202821,0.198609,0.2059,0.203391,0.180151,0.16935,0.134592,0.145258,0.174813
2022-08-10 16:45:00,0.108206,0.186403,0.181582,0.189312,0.186871,0.163402,0.153156,0.119725,0.128559,0.157637
2022-08-10 16:50:00,0.093903,0.169993,0.165212,0.172695,0.170334,0.147332,0.136977,0.10591,0.112978,0.140541
2022-08-10 16:55:00,0.080639,0.154032,0.149566,0.156357,0.154243,0.132025,0.121548,0.093299,0.098689,0.124228
2022-08-10 17:00:00,0.069129,0.138866,0.13474,0.140636,0.138946,0.117709,0.107227,0.08204,0.085935,0.109158
2022-08-10 17:05:00,0.05916,0.124087,0.120345,0.125636,0.124065,0.10423,0.093753,0.071993,0.074588,0.094879
2022-08-10 17:10:00,0.050805,0.109467,0.106076,0.110928,0.10934,0.091,0.081236,0.063226,0.064715,0.080944
2022-08-10 17:15:00,0.044216,0.095153,0.092102,0.096318,0.094916,0.078028,0.069993,0.055806,0.05643,0.0675
2022-08-10 17:20:00,0.039348,0.081599,0.078974,0.082438,0.081242,0.06623,0.060105,0.049267,0.049254,0.055332
2022-08-10 17:25:00,0.036108,0.069656,0.067552,0.070208,0.069124,0.056539,0.051653,0.042891,0.042364,0.045578
2022-08-10 17:30:00,0.035439,0.059713,0.058068,0.059831,0.058973,0.048849,0.04492,0.037566,0.036344,0.038265
2022-08-10 17:35:00,0.034635,0.051482,0.049626,0.051137,0.050587,0.042408,0.040217,0.034959,0.033671,0.032544
2022-08-10 17:40:00,0.033826,0.044913,0.041355,0.044223,0.043886,0.036603,0.037159,0.033528,0.032684,0.027797
2022-08-10 17:45:00,0.032847,0.04013,0.03387,0.039219,0.038956,0.03243,0.036747,0.03266,0.032384,0.02529
2022-08-10 17:50:00,0.031047,0.037201,0.029181,0.036022,0.035889,0.030195,0.036079,0.031523,0.031363,0.023305
2022-08-10 17:55:00,0.027932,0.036724,0.027938,0.035166,0.035347,0.028788,0.03506,0.02977,0.02867,0.022111
2022-08-10 18:00:00,0.023993,0.03599,0.027428,0.034416,0.034583,0.027781,0.033653,0.027468,0.024865,0.021469
2022-08-10 18:05:00,0.019996,0.034349,0.026806,0.032791,0.032926,0.026483,0.031362,0.024437,0.020862,0.020712
2022-08-10 18:10:00,0.016231,0.031515,0.025828,0.030021,0.030104,0.024572,0.027915,0.020458,0.017152,0.01939
2022-08-10 18:15:00,0.012576,0.027914,0.024546,0.026552,0.026589,0.022188,0.02386,0.015952,0.013681,0.01744
2022-08-10 18:20:00,0.009109,0.024302,0.022897,0.023223,0.023223,0.019207,0.019745,0.011365,0.010272,0.014825
2022-08-10 18:25:00,0.006069,0.021037,0.020688,0.020415,0.020389,0.015543,0.015904,0.007249,0.007009,0.01156
2022-08-10 18:30:00,0.003246,0.017945,0.017893,0.017828,0.017771,0.011363,0.012275,0.003675,0.00379,0.007831
2022-08-10 18:35:00,0.000563,0.01434,0.014314,0.01472,0.014671,0.007261,0.00878,0.000691,0.000839,0.004136
2022-08-10 18:40:00,0.0,0.010291,0.010266,0.011023,0.010996,0.003532,0.005361,0.0,0.0,0.000779
2022-08-10 18:45:00,0.0,0.006178,0.006159,0.007225,0.007173,0.000202,0.002233,0.0,0.0,0.0
2022-08-10 18:50:00,0.0,0.002642,0.002628,0.00373,0.00368,0.0,0.0,0.0,0.0,0.0
2022-08-10 18:55:00,0.0,0.000184,0.000174,0.001282,0.001027,0.0,0.0,0.0,0.0,0.0
2022-08-10 19:00:00,0.0,0.0,0.0,0.0,0.0,0.0,0.0,0.0,0.0,0.0
2022-08-10 19:05:00,0.0,0.0,0.0,0.0,0.0,0.0,0.0,0.0,0.0,0.0
2022-08-10 19:10:00,0.0,0.0,0.0,0.0,0.0,0.0,0.0,0.0,0.0,0.0
2022-08-10 19:15:00,0.0,0.0,0.0,0.0,0.0,0.0,0.0,0.0,0.0,0.0
2022-08-10 19:20:00,0.0,0.0,0.0,0.0,0.0,0.0,0.0,0.0,0.0,0.0
2022-08-10 19:25:00,0.0,0.0,0.0,0.0,0.0,0.0,0.0,0.0,0.0,0.0
2022-08-10 19:30:00,0.0,0.0,0.0,0.0,0.0,0.0,0.0,0.0,0.0,0.0
2022-08-10 19:35:00,0.0,0.0,0.0,0.0,0.0,0.0,0.0,0.0,0.0,0.0
2022-08-10 19:40:00,0.0,0.0,0.0,0.0,0.0,0.0,0.0,0.0,0.0,0.0
2022-08-10 19:45:00,0.0,0.0,0.0,0.0,0.0,0.0,0.0,0.0,0.0,0.0
2022-08-10 19:50:00,0.0,0.0,0.0,0.0,0.0,0.0,0.0,0.0,0.0,0.0
2022-08-10 19:55:00,0.0,0.0,0.0,0.0,0.0,0.0,0.0,0.0,0.0,0.0
2022-08-10 20:00:00,0.0,0.0,0.0,0.0,0.0,0.0,0.0,0.0,0.0,0.0
2022-08-10 20:05:00,0.0,0.0,0.0,0.0,0.0,0.0,0.0,0.0,0.0,0.0
2022-08-10 20:10:00,0.0,0.0,0.0,0.0,0.0,0.0,0.0,0.0,0.0,0.0
2022-08-10 20:15:00,0.0,0.0,0.0,0.0,0.0,0.0,0.0,0.0,0.0,0.0
2022-08-10 20:20:00,0.0,0.0,0.0,0.0,0.0,0.0,0.0,0.0,0.0,0.0
2022-08-10 20:25:00,0.0,0.0,0.0,0.0,0.0,0.0,0.0,0.0,0.0,0.0
2022-08-10 20:30:00,0.0,0.0,0.0,0.0,0.0,0.0,0.0,0.0,0.0,0.0
2022-08-10 20:35:00,0.0,0.0,0.0,0.0,0.0,0.0,0.0,0.0,0.0,0.0
2022-08-10 20:40:00,0.0,0.0,0.0,0.0,0.0,0.0,0.0,0.0,0.0,0.0
2022-08-10 20:45:00,0.0,0.0,0.0,0.0,0.0,0.0,0.0,0.0,0.0,0.0
2022-08-10 20:50:00,0.0,0.0,0.0,0.0,0.0,0.0,0.0,0.0,0.0,0.0
2022-08-10 20:55:00,0.0,0.0,0.0,0.0,0.0,0.0,0.0,0.0,0.0,0.0
2022-08-10 21:00:00,0.0,0.0,0.0,0.0,0.0,0.0,0.0,0.0,0.0,0.0
2022-08-10 21:05:00,0.0,0.0,0.0,0.0,0.0,0.0,0.0,0.0,0.0,0.0
2022-08-10 21:10:00,0.0,0.0,0.0,0.0,0.0,0.0,0.0,0.0,0.0,0.0
2022-08-10 21:15:00,0.0,0.0,0.0,0.0,0.0,0.0,0.0,0.0,0.0,0.0
2022-08-10 21:20:00,0.0,0.0,0.0,0.0,0.0,0.0,0.0,0.0,0.0,0.0
2022-08-10 21:25:00,0.0,0.0,0.0,0.0,0.0,0.0,0.0,0.0,0.0,0.0
2022-08-10 21:30:00,0.0,0.0,0.0,0.0,0.0,0.0,0.0,0.0,0.0,0.0
2022-08-10 21:35:00,0.0,0.0,0.0,0.0,0.0,0.0,0.0,0.0,0.0,0.0
2022-08-10 21:40:00,0.0,0.0,0.0,0.0,0.0,0.0,0.0,0.0,0.0,0.0
2022-08-10 21:45:00,0.0,0.0,0.0,0.0,0.0,0.0,0.0,0.0,0.0,0.0
2022-08-10 21:50:00,0.0,0.0,0.0,0.0,0.0,0.0,0.0,0.0,0.0,0.0
2022-08-10 21:55:00,0.0,0.0,0.0,0.0,0.0,0.0,0.0,0.0,0.0,0.0
2022-08-10 22:00:00,0.0,0.0,0.0,0.0,0.0,0.0,0.0,0.0,0.0,0.0
2022-08-10 22:05:00,0.0,0.0,0.0,0.0,0.0,0.0,0.0,0.0,0.0,0.0
2022-08-10 22:10:00,0.0,0.0,0.0,0.0,0.0,0.0,0.0,0.0,0.0,0.0
2022-08-10 22:15:00,0.0,0.0,0.0,0.0,0.0,0.0,0.0,0.0,0.0,0.0
2022-08-10 22:20:00,0.0,0.0,0.0,0.0,0.0,0.0,0.0,0.0,0.0,0.0
2022-08-10 22:25:00,0.0,0.0,0.0,0.0,0.0,0.0,0.0,0.0,0.0,0.0
2022-08-10 22:30:00,0.0,0.0,0.0,0.0,0.0,0.0,0.0,0.0,0.0,0.0
2022-08-10 22:35:00,0.0,0.0,0.0,0.0,0.0,0.0,0.0,0.0,0.0,0.0
2022-08-10 22:40:00,0.0,0.0,0.0,0.0,0.0,0.0,0.0,0.0,0.0,0.0
2022-08-10 22:45:00,0.0,0.0,0.0,0.0,0.0,0.0,0.0,0.0,0.0,0.0
2022-08-10 22:50:00,0.0,0.0,0.0,0.0,0.0,0.0,0.0,0.0,0.0,0.0
2022-08-10 22:55:00,0.0,0.0,0.0,0.0,0.0,0.0,0.0,0.0,0.0,0.0
2022-08-10 23:00:00,0.0,0.0,0.0,0.0,0.0,0.0,0.0,0.0,0.0,0.0
2022-08-10 23:05:00,0.0,0.0,0.0,0.0,0.0,0.0,0.0,0.0,0.0,0.0
2022-08-10 23:10:00,0.0,0.0,0.0,0.0,0.0,0.0,0.0,0.0,0.0,0.0
2022-08-10 23:15:00,0.0,0.0,0.0,0.0,0.0,0.0,0.0,0.0,0.0,0.0
2022-08-10 23:20:00,0.0,0.0,0.0,0.0,0.0,0.0,0.0,0.0,0.0,0.0
2022-08-10 23:25:00,0.0,0.0,0.0,0.0,0.0,0.0,0.0,0.0,0.0,0.0
2022-08-10 23:30:00,0.0,0.0,0.0,0.0,0.0,0.0,0.0,0.0,0.0,0.0
2022-08-10 23:35:00,0.0,0.0,0.0,0.0,0.0,0.0,0.0,0.0,0.0,0.0
2022-08-10 23:40:00,0.0,0.0,0.0,0.0,0.0,0.0,0.0,0.0,0.0,0.0
2022-08-10 23:45:00,0.0,0.0,0.0,0.0,0.0,0.0,0.0,0.0,0.0,0.0
2022-08-10 23:50:00,0.0,0.0,0.0,0.0,0.0,0.0,0.0,0.0,0.0,0.0
2022-08-10 23:55:00,0.0,0.0,0.0,0.0,0.0,0.0,0.0,0.0,0.0,0.0
2022-08-11 00:00:00,0.0,0.0,0.0,0.0,0.0,0.0,0.0,0.0,0.0,0.0
2022-08-11 00:05:00,0.0,0.0,0.0,0.0,0.0,0.0,0.0,0.0,0.0,0.0
2022-08-11 00:10:00,0.0,0.0,0.0,0.0,0.0,0.0,0.0,0.0,0.0,0.0
2022-08-11 00:15:00,0.0,0.0,0.0,0.0,0.0,0.0,0.0,0.0,0.0,0.0
2022-08-11 00:20:00,0.0,0.0,0.0,0.0,0.0,0.0,0.0,0.0,0.0,0.0
2022-08-11 00:25:00,0.0,0.0,0.0,0.0,0.0,0.0,0.0,0.0,0.0,0.0
2022-08-11 00:30:00,0.0,0.0,0.0,0.0,0.0,0.0,0.0,0.0,0.0,0.0
2022-08-11 00:35:00,0.0,0.0,0.0,0.0,0.0,0.0,0.0,0.0,0.0,0.0
2022-08-11 00:40:00,0.0,0.0,0.0,0.0,0.0,0.0,0.0,0.0,0.0,0.0
2022-08-11 00:45:00,0.0,0.0,0.0,0.0,0.0,0.0,0.0,0.0,0.0,0.0
2022-08-11 00:50:00,0.0,0.0,0.0,0.0,0.0,0.0,0.0,0.0,0.0,0.0
2022-08-11 00:55:00,0.0,0.0,0.0,0.0,0.0,0.0,0.0,0.0,0.0,0.0
2022-08-11 01:00:00,0.0,0.0,0.0,0.0,0.0,0.0,0.0,0.0,0.0,0.0
2022-08-11 01:05:00,0.0,0.0,0.0,0.0,0.0,0.0,0.0,0.0,0.0,0.0
2022-08-11 01:10:00,0.0,0.0,0.0,0.0,0.0,0.0,0.0,0.0,0.0,0.0
2022-08-11 01:15:00,0.0,0.0,0.0,0.0,0.0,0.0,0.0,0.0,0.0,0.0
2022-08-11 01:20:00,0.0,0.0,0.0,0.0,0.0,0.0,0.0,0.0,0.0,0.0
2022-08-11 01:25:00,0.0,0.0,0.0,0.0,0.0,0.0,0.0,0.0,0.0,0.0
2022-08-11 01:30:00,0.0,0.0,0.0,0.0,0.0,0.0,0.0,0.0,0.0,0.0
2022-08-11 01:35:00,0.0,0.0,0.0,0.0,0.0,0.0,0.0,0.0,0.0,0.0
2022-08-11 01:40:00,0.0,0.0,0.0,0.0,0.0,0.0,0.0,0.0,0.0,0.0
2022-08-11 01:45:00,0.0,0.0,0.0,0.0,0.0,0.0,0.0,0.0,0.0,0.0
2022-08-11 01:50:00,0.0,0.0,0.0,0.0,0.0,0.0,0.0,0.0,0.0,0.0
2022-08-11 01:55:00,0.0,0.0,0.0,0.0,0.0,0.0,0.0,0.0,0.0,0.0
2022-08-11 02:00:00,0.0,0.0,0.0,0.0,0.0,0.0,0.0,0.0,0.0,0.0
2022-08-11 02:05:00,0.0,0.0,0.0,0.0,0.0,0.0,0.0,0.0,0.0,0.0
2022-08-11 02:10:00,0.0,0.0,0.0,0.0,0.0,0.0,0.0,0.0,0.0,0.0
2022-08-11 02:15:00,0.0,0.0,0.0,0.0,0.0,0.0,0.0,0.0,0.0,0.0
2022-08-11 02:20:00,0.0,0.0,0.0,0.0,0.0,0.0,0.0,0.0,0.0,0.0
2022-08-11 02:25:00,0.0,0.0,0.0,0.0,0.0,0.0,0.0,0.0,0.0,0.0
2022-08-11 02:30:00,0.0,0.0,0.0,0.0,0.0,0.0,0.0,0.0,0.0,0.0
2022-08-11 02:35:00,0.0,0.0,0.0,0.0,0.0,0.0,0.0,0.0,0.0,0.0
2022-08-11 02:40:00,0.0,0.0,0.0,0.0,0.0,0.0,0.0,0.0,0.0,0.0
2022-08-11 02:45:00,0.0,0.0,0.0,0.0,0.0,0.0,0.0,0.0,0.0,0.0
2022-08-11 02:50:00,0.0,0.0,0.0,0.0,0.0,0.0,0.0,0.0,0.0,0.0
2022-08-11 02:55:00,0.0,0.0,0.0,0.0,0.0,0.0,0.0,0.0,0.0,0.0
2022-08-11 03:00:00,0.0,0.0,0.0,0.0,0.0,0.0,0.0,0.0,0.0,0.0
2022-08-11 03:05:00,0.0,0.0,0.0,0.0,0.0,0.0,0.0,0.0,0.0,0.0
2022-08-11 03:10:00,0.0,0.0,0.0,0.0,0.0,0.0,0.0,0.0,0.0,0.0
2022-08-11 03:15:00,0.0,0.0,0.0,0.0,0.0,0.0,0.0,0.0,0.0,0.0
2022-08-11 03:20:00,0.0,0.0,0.0,0.0,0.0,0.0,0.0,0.0,0.0,0.0
2022-08-11 03:25:00,0.0,0.0,0.0,0.0,0.0,0.0,0.0,0.0,0.0,0.0
2022-08-11 03:30:00,0.0,0.0,0.0,0.0,0.0,0.0,0.0,0.0,0.0,0.0
2022-08-11 03:35:00,0.0,0.0,0.0,0.0,0.0,0.0,0.0,0.0,0.0,0.0
2022-08-11 03:40:00,0.0,0.0,0.0,0.0,0.0,0.0,0.0,0.0,0.0,0.0
2022-08-11 03:45:00,0.0,0.0,0.0,0.0,0.0,0.0,0.0,0.0,0.0,0.0
2022-08-11 03:50:00,0.0,0.0,0.0,0.0,0.0,0.0,0.0,0.0,0.0,0.0
2022-08-11 03:55:00,0.000629,0.0,0.0,0.0,0.0,0.0,0.0,0.0,0.0,0.0
2022-08-11 04:00:00,0.004505,0.0,0.0,0.0,0.0,0.0,0.000275,0.000246,0.0,0.0
2022-08-11 04:05:00,0.008234,0.0,0.0,0.0,0.0,0.0,0.003153,0.002917,0.0,0.0
2022-08-11 04:10:00,0.011263,0.0,0.0,0.0,0.0,0.0,0.006145,0.005607,0.0,0.0
2022-08-11 04:15:00,0.013902,0.0,0.0,0.0,0.0,0.0,0.009056,0.00846,0.002352,0.0
2022-08-11 04:20:00,0.017195,0.0,0.0,0.0,0.0,0.0,0.012094,0.011948,0.005549,0.0
2022-08-11 04:25:00,0.021165,0.00063,0.002119,0.000574,0.001145,0.002183,0.015411,0.015909,0.009376,0.002297
2022-08-11 04:30:00,0.025798,0.004524,0.006282,0.004481,0.005062,0.006382,0.018622,0.020103,0.013272,0.006538
2022-08-11 04:35:00,0.030831,0.00827,0.010537,0.008233,0.008557,0.010962,0.021539,0.023455,0.016856,0.010861
2022-08-11 04:40:00,0.036053,0.011307,0.014664,0.011589,0.011305,0.015594,0.024221,0.02573,0.019891,0.015036
2022-08-11 04:45:00,0.041098,0.014092,0.018651,0.014949,0.013723,0.020133,0.026656,0.027473,0.02266,0.019095
2022-08-11 04:50:00,0.045911,0.017862,0.022675,0.018917,0.017257,0.024475,0.02864,0.030331,0.025549,0.02314
2022-08-11 04:55:00,0.049708,0.022967,0.026961,0.023714,0.022621,0.029663,0.029971,0.035678,0.028913,0.027247
2022-08-11 05:00:00,0.052388,0.02891,0.031622,0.028991,0.02911,0.035044,0.030874,0.042697,0.032284,0.031262
2022-08-11 05:05:00,0.053462,0.034735,0.036294,0.033969,0.033899,0.040265,0.031646,0.049618,0.034694,0.035651
2022-08-11 05:10:00,0.053646,0.039855,0.040449,0.038417,0.035698,0.045032,0.032296,0.055383,0.035684,0.040601
2022-08-11 05:15:00,0.054768,0.044395,0.044087,0.042441,0.035527,0.049424,0.032674,0.061163,0.037379,0.045657
2022-08-11 05:20:00,0.059322,0.048047,0.047629,0.043815,0.036178,0.053461,0.035309,0.065982,0.042265,0.047853
2022-08-11 05:25:00,0.06772,0.05075,0.051715,0.042633,0.039729,0.057501,0.040416,0.071096,0.050556,0.047281
2022-08-11 05:30:00,0.078624,0.053048,0.056443,0.04007,0.045446,0.062483,0.047557,0.077517,0.061003,0.046901
2022-08-11 05:35:00,0.091109,0.055425,0.060175,0.041493,0.052241,0.065283,0.056751,0.0862,0.072267,0.049859
2022-08-11 05:40:00,0.104905,0.058668,0.062097,0.04795,0.057486,0.067397,0.067943,0.097016,0.08385,0.05696
2022-08-11 05:45:00,0.12003,0.06332,0.064883,0.057543,0.062909,0.07142,0.081009,0.109157,0.096415,0.06714
2022-08-11 05:50:00,0.136294,0.070371,0.071191,0.067899,0.070232,0.079525,0.095702,0.122436,0.110678,0.079659
2022-08-11 05:55:00,0.153162,0.079599,0.081055,0.078121,0.079561,0.091846,0.111477,0.136761,0.126484,0.094166
2022-08-11 06:00:00,0.169978,0.090514,0.09314,0.088944,0.090554,0.105917,0.127638,0.152074,0.143055,0.109819
2022-08-11 06:05:00,0.18676,0.10322,0.107091,0.101378,0.103462,0.120476,0.143866,0.168289,0.159814,0.125817
2022-08-11 06:10:00,0.204113,0.117517,0.122547,0.115477,0.117974,0.135423,0.160351,0.185248,0.176753,0.142113
2022-08-11 06:15:00,0.222203,0.132495,0.138551,0.130323,0.133045,0.151137,0.177414,0.202884,0.194436,0.159352
2022-08-11 06:20:00,0.240345,0.147547,0.154486,0.145164,0.148131,0.167668,0.195099,0.220906,0.212962,0.177519
2022-08-11 06:25:00,0.257657,0.1627,0.170512,0.160131,0.163461,0.184674,0.213139,0.238637,0.231524,0.195955
2022-08-11 06:30:00,0.273981,0.178377,0.18703,0.175703,0.179413,0.201662,0.231444,0.255882,0.249678,0.214179
2022-08-11 06:35:00,0.290372,0.194987,0.204331,0.192096,0.196191,0.218761,0.249995,0.273201,0.267963,0.232416
2022-08-11 06:40:00,0.307835,0.212291,0.222304,0.209115,0.213567,0.236251,0.268606,0.291158,0.286877,0.251161
2022-08-11 06:45:00,0.326152,0.230082,0.240696,0.226657,0.231396,0.254367,0.287094,0.309736,0.306526,0.270664
2022-08-11 06:50:00,0.344457,0.248283,0.259171,0.244545,0.249535,0.272724,0.305221,0.328187,0.326238,0.290369
2022-08-11 06:55:00,0.362279,0.266531,0.276743,0.26234,0.267627,0.290301,0.322122,0.345241,0.344886,0.309206
2022-08-11 07:00:00,0.379785,0.284689,0.293287,0.280016,0.285635,0.306999,0.337975,0.360821,0.362359,0.326952
2022-08-11 07:05:00,0.39743,0.302943,0.309635,0.297883,0.303805,0.323953,0.35405,0.376399,0.379935,0.344293
2022-08-11 07:10:00,0.415279,0.320681,0.32734,0.315348,0.321457,0.341876,0.371352,0.392882,0.398496,0.361327
2022-08-11 07:15:00,0.433166,0.337455,0.345773,0.331976,0.338079,0.3606,0.389526,0.409994,0.417808,0.377948
2022-08-11 07:20:00,0.450716,0.354187,0.364524,0.348704,0.354655,0.379359,0.407503,0.427499,0.436768,0.394853
2022-08-11 07:25:00,0.467542,0.370939,0.382825,0.365471,0.37128,0.397586,0.424829,0.444631,0.453966,0.412411
2022-08-11 07:30:00,0.48371,0.388098,0.400376,0.382527,0.388256,0.415411,0.441718,0.461141,0.469519,0.430276
2022-08-11 07:35:00,0.499724,0.405928,0.417592,0.400162,0.405591,0.4334,0.458391,0.477848,0.485095,0.447898
2022-08-11 07:40:00,0.515858,0.423952,0.433733,0.417974,0.42315,0.451648,0.475398,0.494755,0.501549,0.46435
2022-08-11 07:45:00,0.531931,0.441826,0.448678,0.435644,0.440765,0.46988,0.49247,0.51147,0.518508,0.479712
2022-08-11 07:50:00,0.547418,0.45945,0.462976,0.45309,0.458077,0.487027,0.509048,0.5276,0.535774,0.494966
2022-08-11 07:55:00,0.561946,0.476359,0.477952,0.4699,0.474651,0.501866,0.524515,0.542696,0.553011,0.510552
2022-08-11 08:00:00,0.575675,0.492472,0.492981,0.485968,0.490585,0.515058,0.539048,0.556986,0.570007,0.526336
2022-08-11 08:05:00,0.589415,0.508584,0.508329,0.501974,0.506573,0.528593,0.553668,0.571267,0.586667,0.5426
2022-08-11 08:10:00,0.603119,0.524799,0.523948,0.517996,0.522665,0.543356,0.56845,0.585826,0.60286,0.559194
2022-08-11 08:15:00,0.61653,0.540723,0.539544,0.533783,0.538619,0.558927,0.583023,0.600383,0.618481,0.575705
2022-08-11 08:20:00,0.6295,0.555298,0.554637,0.548924,0.554009,0.574486,0.597069,0.61425,0.632771,0.591568
2022-08-11 08:25:00,0.641103,0.567362,0.568863,0.563099,0.568417,0.589062,0.610114,0.626838,0.644603,0.606162
2022-08-11 08:30:00,0.651513,0.577495,0.582332,0.576489,0.581964,0.602584,0.622191,0.638413,0.654687,0.619766
2022-08-11 08:35:00,0.662081,0.588026,0.595635,0.590024,0.595394,0.615957,0.634122,0.64997,0.665245,0.633323
2022-08-11 08:40:00,0.672973,0.600419,0.609003,0.603775,0.608881,0.629085,0.646057,0.661725,0.677144,0.646651
2022-08-11 08:45:00,0.683411,0.613852,0.622209,0.617266,0.622134,0.64156,0.657705,0.67339,0.689769,0.659391
2022-08-11 08:50:00,0.693388,0.626773,0.634751,0.630464,0.634955,0.653783,0.668858,0.684336,0.702244,0.672024
2022-08-11 08:55:00,0.702153,0.63838,0.646011,0.642723,0.647144,0.665767,0.678922,0.693919,0.713685,0.684477
2022-08-11 09:00:00,0.709841,0.648937,0.656208,0.654419,0.658768,0.6773,0.68812,0.702497,0.723974,0.696561
2022-08-11 09:05:00,0.717589,0.659641,0.666561,0.66583,0.670108,0.688443,0.698053,0.711039,0.734203,0.708293
2022-08-11 09:10:00,0.725546,0.670477,0.677184,0.676938,0.680921,0.699228,0.710012,0.719773,0.744456,0.719684
2022-08-11 09:15:00,0.733501,0.681079,0.687659,0.687767,0.691219,0.709665,0.722234,0.728308,0.754405,0.730734
2022-08-11 09:20:00,0.741622,0.690983,0.697348,0.697886,0.701015,0.719205,0.733048,0.736314,0.76378,0.741081
2022-08-11 09:25:00,0.749525,0.699705,0.705724,0.706677,0.709739,0.727316,0.741118,0.743444,0.77173,0.749644
2022-08-11 09:30:00,0.756947,0.707452,0.713105,0.714219,0.717252,0.734361,0.747172,0.749987,0.778528,0.756665
2022-08-11 09:35:00,0.764738,0.716085,0.721326,0.721958,0.724955,0.741596,0.753959,0.746054,0.786042,0.764006
2022-08-11 09:40:00,0.77309,0.726364,0.731236,0.729989,0.732953,0.749283,0.762435,0.730333,0.795043,0.771749
2022-08-11 09:45:00,0.780685,0.737203,0.741877,0.737715,0.740653,0.756773,0.771195,0.706671,0.804484,0.779214
2022-08-11 09:50:00,0.787922,0.746622,0.751502,0.744574,0.747503,0.764652,0.778196,0.696958,0.812729,0.785931
2022-08-11 09:55:00,0.792243,0.753263,0.758794,0.749939,0.75287,0.771908,0.783014,0.715681,0.818948,0.791132
2022-08-11 10:00:00,0.794568,0.757947,0.764286,0.754273,0.757181,0.778716,0.78601,0.751147,0.823982,0.7953
2022-08-11 10:05:00,0.784542,0.763088,0.76968,0.759417,0.762241,0.785771,0.789619,0.783593,0.829097,0.800359
2022-08-11 10:10:00,0.759173,0.769724,0.7762,0.766238,0.768823,0.793095,0.794748,0.801803,0.834856,0.806889
2022-08-11 10:15:00,0.72293,0.777123,0.783448,0.773901,0.776159,0.80022,0.800448,0.810286,0.840783,0.814007
2022-08-11 10:20:00,0.692308,0.784001,0.790118,0.781017,0.783222,0.806612,0.805558,0.815401,0.84614,0.820833
2022-08-11 10:25:00,0.681635,0.789307,0.795161,0.786362,0.789507,0.812154,0.809159,0.819146,0.850041,0.826674
2022-08-11 10:30:00,0.68517,0.793416,0.798958,0.790341,0.795146,0.816842,0.811731,0.821977,0.852699,0.831726
2022-08-11 10:35:00,0.692698,0.797788,0.802786,0.794484,0.800229,0.821663,0.815372,0.824326,0.855368,0.836312
2022-08-11 10:40:00,0.69997,0.802304,0.806871,0.79901,0.804604,0.825763,0.820438,0.826558,0.85815,0.840316
2022-08-11 10:45:00,0.707645,0.806375,0.810754,0.803353,0.808323,0.829464,0.825792,0.828681,0.860686,0.84369
2022-08-11 10:50:00,0.725229,0.809767,0.81404,0.806979,0.811564,0.832289,0.830019,0.830412,0.863098,0.846329
2022-08-11 10:55:00,0.754593,0.812422,0.816547,0.809876,0.814353,0.83334,0.831999,0.831374,0.865784,0.847604
2022-08-11 11:00:00,0.789439,0.814704,0.818535,0.812494,0.816933,0.832841,0.83255,0.831916,0.868718,0.847758
2022-08-11 11:05:00,0.816559,0.816962,0.82058,0.814973,0.819371,0.832359,0.833433,0.832955,0.87131,0.848388
2022-08-11 11:10:00,0.829047,0.819872,0.823331,0.817958,0.822319,0.832282,0.83529,0.834304,0.873388,0.850301
2022-08-11 11:15:00,0.83158,0.82305,0.826369,0.821329,0.825654,0.832329,0.837235,0.83534,0.875133,0.852808
2022-08-11 11:20:00,0.831582,0.824988,0.828921,0.824159,0.828446,0.832542,0.838524,0.8355,0.875771,0.854901
2022-08-11 11:25:00,0.829624,0.824275,0.829842,0.825447,0.82969,0.832897,0.838872,0.834793,0.874532,0.855834
2022-08-11 11:30:00,0.825772,0.821867,0.829413,0.82547,0.829665,0.833117,0.838549,0.833488,0.871947,0.855797
2022-08-11 11:35:00,0.823271,0.820015,0.829095,0.825533,0.829679,0.832988,0.837709,0.83158,0.869439,0.855329
2022-08-11 11:40:00,0.82041,0.819201,0.829132,0.825728,0.829822,0.832572,0.836451,0.829026,0.867104,0.854567
2022-08-11 11:45:00,0.817267,0.818877,0.82899,0.825626,0.82978,0.832014,0.834943,0.826234,0.864594,0.853569
2022-08-11 11:50:00,0.814004,0.818825,0.829081,0.824985,0.829736,0.831076,0.833309,0.823348,0.861988,0.852251
2022-08-11 11:55:00,0.811145,0.819079,0.829466,0.823576,0.829942,0.829562,0.831357,0.820222,0.859595,0.85033
2022-08-11 12:00:00,0.808563,0.819216,0.829457,0.821402,0.830025,0.827548,0.828843,0.816679,0.857227,0.847619
2022-08-11 12:05:00,0.805756,0.818603,0.828549,0.818736,0.829356,0.825578,0.825904,0.812779,0.854594,0.844398
2022-08-11 12:10:00,0.802275,0.816338,0.825975,0.815736,0.827042,0.823952,0.822093,0.807799,0.851521,0.840221
2022-08-11 12:15:00,0.797906,0.812655,0.822045,0.812409,0.823311,0.822352,0.817419,0.801976,0.847941,0.835442
2022-08-11 12:20:00,0.793511,0.808676,0.817971,0.808935,0.819082,0.820152,0.812306,0.796704,0.843816,0.831223
2022-08-11 12:25:00,0.788275,0.805249,0.81434,0.805544,0.814705,0.816877,0.807902,0.792881,0.838907,0.828294
2022-08-11 12:30:00,0.782593,0.801974,0.810479,0.802054,0.809805,0.812922,0.803562,0.789679,0.833253,0.826145
2022-08-11 12:35:00,0.776541,0.798412,0.805767,0.798462,0.804416,0.808444,0.798976,0.785613,0.827047,0.82346
2022-08-11 12:40:00,0.769948,0.794571,0.799431,0.794598,0.798279,0.803384,0.794021,0.780161,0.820372,0.819248
2022-08-11 12:45:00,0.762817,0.790404,0.792061,0.790477,0.791566,0.79772,0.788914,0.773723,0.813218,0.813773
2022-08-11 12:50:00,0.75585,0.78536,0.785372,0.786513,0.785304,0.79138,0.784206,0.766997,0.806063,0.808013
2022-08-11 12:55:00,0.749529,0.779196,0.780279,0.782986,0.780377,0.784287,0.779933,0.760821,0.799187,0.802659
2022-08-11 13:00:00,0.743277,0.772347,0.775967,0.779315,0.776334,0.776494,0.775436,0.754949,0.79215,0.797232
2022-08-11 13:05:00,0.735918,0.765027,0.770888,0.774608,0.771796,0.768362,0.769693,0.748127,0.776044,0.79081
2022-08-11 13:10:00,0.726866,0.757382,0.764232,0.768368,0.765694,0.759964,0.762053,0.739449,0.750061,0.782826
2022-08-11 13:15:00,0.716838,0.749671,0.756522,0.760962,0.758298,0.751327,0.753396,0.729581,0.717354,0.773923
2022-08-11 13:20:00,0.706982,0.741706,0.748686,0.753291,0.750797,0.742821,0.745078,0.7195,0.689449,0.764689
2022-08-11 13:25:00,0.697744,0.733889,0.740886,0.745606,0.743929,0.734647,0.737418,0.709244,0.671416,0.755806
2022-08-11 13:30:00,0.688738,0.725937,0.732699,0.737526,0.737105,0.726652,0.729722,0.698588,0.660639,0.747072
2022-08-11 13:35:00,0.679294,0.718342,0.723921,0.728861,0.729386,0.718486,0.720965,0.687359,0.659447,0.737408
2022-08-11 13:40:00,0.669527,0.710987,0.714147,0.719203,0.719909,0.710112,0.710476,0.67513,0.666495,0.726156
2022-08-11 13:45:00,0.659469,0.703432,0.70355,0.708756,0.709193,0.701409,0.698896,0.662259,0.67632,0.713948
2022-08-11 13:50:00,0.64899,0.69527,0.69284,0.698348,0.698354,0.691959,0.687357,0.649588,0.673393,0.701648
2022-08-11 13:55:00,0.637737,0.686407,0.682316,0.68836,0.688229,0.681058,0.676556,0.637414,0.651028,0.689597
2022-08-11 14:00:00,0.625903,0.67688,0.672078,0.678566,0.678556,0.669165,0.665744,0.625661,0.617944,0.677958
2022-08-11 14:05:00,0.613782,0.666228,0.661709,0.667953,0.668686,0.657491,0.653564,0.614837,0.594803,0.667036
2022-08-11 14:10:00,0.601507,0.653852,0.651152,0.655768,0.658349,0.646146,0.639688,0.605185,0.59171,0.657142
2022-08-11 14:15:00,0.588916,0.640221,0.640269,0.642422,0.647528,0.634591,0.625163,0.595762,0.59937,0.647349
2022-08-11 14:20:00,0.575821,0.626312,0.62886,0.628863,0.636253,0.622363,0.61109,0.585098,0.603926,0.636384
2022-08-11 14:25:00,0.562011,0.612979,0.616744,0.61578,0.624247,0.609394,0.597739,0.572377,0.599057,0.623761
2022-08-11 14:30:00,0.547653,0.600147,0.604123,0.603024,0.611636,0.595999,0.584592,0.558267,0.587883,0.610198
2022-08-11 14:35:00,0.532933,0.587505,0.591236,0.590192,0.598756,0.583134,0.571331,0.543677,0.575123,0.596956
2022-08-11 14:40:00,0.518067,0.574305,0.578087,0.577124,0.585787,0.571409,0.557749,0.528732,0.560143,0.584783
2022-08-11 14:45:00,0.50317,0.561084,0.564619,0.563965,0.572609,0.560149,0.543732,0.51351,0.544073,0.572728
2022-08-11 14:50:00,0.487775,0.548319,0.550922,0.551337,0.558864,0.547716,0.529292,0.49814,0.522049,0.559625
2022-08-11 14:55:00,0.471603,0.536721,0.537051,0.539965,0.544492,0.534179,0.514575,0.482717,0.495502,0.544557
2022-08-11 15:00:00,0.455191,0.525786,0.522985,0.529196,0.529709,0.519608,0.49959,0.46741,0.46586,0.528289
2022-08-11 15:05:00,0.439345,0.513599,0.508337,0.517154,0.514844,0.503952,0.484229,0.452418,0.429688,0.509632
2022-08-11 15:10:00,0.424665,0.499452,0.493071,0.503152,0.499743,0.487577,0.468601,0.437941,0.38777,0.489175
2022-08-11 15:15:00,0.410336,0.484163,0.477663,0.487947,0.484265,0.470969,0.452981,0.423361,0.344889,0.467672
2022-08-11 15:20:00,0.395378,0.468242,0.462727,0.472116,0.468433,0.454002,0.437877,0.407765,0.322643,0.44865
2022-08-11 15:25:00,0.378566,0.451832,0.448466,0.455738,0.452115,0.436762,0.423647,0.390907,0.324973,0.432434
2022-08-11 15:30:00,0.36092,0.435325,0.434387,0.439179,0.435619,0.41949,0.409411,0.373317,0.3383,0.417617
2022-08-11 15:35:00,0.342932,0.419372,0.419133,0.423192,0.41965,0.402041,0.394073,0.355412,0.335476,0.401838
2022-08-11 15:40:00,0.324821,0.404269,0.402927,0.408214,0.404529,0.384275,0.377403,0.337443,0.311941,0.384372
2022-08-11 15:45:00,0.306743,0.389262,0.385951,0.393483,0.389529,0.366428,0.359997,0.319461,0.279312,0.366235
2022-08-11 15:50:00,0.288645,0.373371,0.368426,0.377762,0.373702,0.349182,0.342501,0.301351,0.261287,0.34843
2022-08-11 15:55:00,0.27057,0.356307,0.350522,0.360617,0.356715,0.332702,0.324723,0.283179,0.260817,0.331427
2022-08-11 16:00:00,0.252688,0.338751,0.332705,0.342833,0.339258,0.316191,0.307234,0.265323,0.265642,0.314931
2022-08-11 16:05:00,0.234831,0.321481,0.315543,0.325537,0.322259,0.299813,0.290445,0.248058,0.263898,0.298243
2022-08-11 16:10:00,0.217158,0.304962,0.299125,0.309082,0.30595,0.283193,0.273929,0.231316,0.251886,0.281164
2022-08-11 16:15:00,0.199704,0.288615,0.282706,0.292653,0.289575,0.266416,0.257148,0.214577,0.234674,0.263604
2022-08-11 16:20:00,0.182676,0.271606,0.265714,0.275523,0.27256,0.248989,0.239636,0.197614,0.215936,0.245448
2022-08-11 16:25:00,0.166467,0.254005,0.248308,0.257697,0.255078,0.230878,0.22164,0.180773,0.196872,0.22689
2022-08-11 16:30:00,0.150965,0.236343,0.231087,0.239663,0.237545,0.212805,0.203703,0.164493,0.178096,0.208504
2022-08-11 16:35:00,0.131942,0.218646,0.213995,0.221666,0.219857,0.19526,0.186024,0.148565,0.160237,0.190831
2022-08-11 16:40:00,0.11259,0.201096,0.197111,0.203959,0.202165,0.178323,0.168632,0.132815,0.142876,0.173743
2022-08-11 16:45:00,0.097523,0.184065,0.180278,0.186841,0.184891,0.161566,0.151671,0.117215,0.125868,0.156772
2022-08-11 16:50:00,0.089698,0.166346,0.163562,0.170242,0.168208,0.144166,0.135426,0.102414,0.109463,0.139894
2022-08-11 16:55:00,0.086732,0.149626,0.146793,0.154208,0.152168,0.128013,0.120059,0.09032,0.094396,0.123768
2022-08-11 17:00:00,0.084197,0.135818,0.130855,0.138864,0.136905,0.115219,0.105677,0.08309,0.080986,0.108831
2022-08-11 17:05:00,0.077889,0.12491,0.115863,0.124018,0.122273,0.10524,0.092175,0.079109,0.06857,0.094845
2022-08-11 17:10:00,0.065875,0.114065,0.101916,0.110554,0.107881,0.094874,0.07974,0.074623,0.05642,0.0811
2022-08-11 17:15:00,0.050292,0.101778,0.089231,0.099563,0.093853,0.082799,0.068649,0.068711,0.044881,0.067663
2022-08-11 17:20:00,0.038314,0.088947,0.077849,0.09012,0.080544,0.071205,0.058971,0.061378,0.035396,0.055666
2022-08-11 17:25:00,0.034883,0.076697,0.067693,0.079354,0.068912,0.063152,0.050766,0.05297,0.029393,0.046271
2022-08-11 17:30:00,0.038441,0.065105,0.058748,0.066757,0.059156,0.059031,0.043936,0.044615,0.026757,0.03935
2022-08-11 17:35:00,0.040587,0.053974,0.050651,0.054917,0.050355,0.05625,0.037963,0.038904,0.027247,0.033995
2022-08-11 17:40:00,0.038218,0.044008,0.042747,0.046285,0.041672,0.052061,0.03276,0.035771,0.027667,0.029534
2022-08-11 17:45:00,0.03322,0.03579,0.035592,0.040888,0.033723,0.047067,0.029538,0.034111,0.027734,0.027235
2022-08-11 17:50:00,0.028238,0.03026,0.031223,0.037679,0.028169,0.042312,0.027021,0.032296,0.027103,0.025264
2022-08-11 17:55:00,0.024442,0.028901,0.029954,0.036723,0.026862,0.037895,0.025718,0.029592,0.025429,0.024019
2022-08-11 18:00:00,0.021336,0.028406,0.029412,0.03577,0.026534,0.03377,0.025088,0.026215,0.023019,0.023191
2022-08-11 18:05:00,0.017199,0.027799,0.028748,0.034028,0.026199,0.029991,0.024238,0.021673,0.019963,0.021923
2022-08-11 18:10:00,0.011872,0.026846,0.027687,0.031155,0.025411,0.02613,0.022789,0.01601,0.016366,0.019974
2022-08-11 18:15:00,0.006208,0.025589,0.026182,0.027543,0.02419,0.022056,0.021016,0.009717,0.012447,0.017482
2022-08-11 18:20:00,0.00152,0.02367,0.023858,0.0239,0.022566,0.017856,0.018919,0.004199,0.008985,0.014549
2022-08-11 18:25:00,0.0,0.020876,0.02065,0.020468,0.020394,0.013884,0.016327,0.000559,0.005606,0.01108
2022-08-11 18:30:00,0.0,0.017404,0.016797,0.017076,0.017644,0.010299,0.013322,0.0,0.002652,0.007174
2022-08-11 18:35:00,0.0,0.013282,0.012706,0.013306,0.014124,0.006833,0.009908,0.0,0.0,0.003387
2022-08-11 18:40:00,0.0,0.008857,0.008523,0.009305,0.010145,0.003166,0.006068,0.0,0.0,0.000163
2022-08-11 18:45:00,0.0,0.004735,0.004461,0.005446,0.006095,0.0,0.002266,0.0,0.0,0.0
2022-08-11 18:50:00,0.0,0.001414,0.001144,0.002154,0.00259,0.0,0.0,0.0,0.0,0.0
2022-08-11 18:55:00,0.0,0.0,0.0,0.0,0.000143,0.0,0.0,0.0,0.0,0.0
2022-08-11 19:00:00,0.0,0.0,0.0,0.0,0.0,0.0,0.0,0.0,0.0,0.0
2022-08-11 19:05:00,0.0,0.0,0.0,0.0,0.0,0.0,0.0,0.0,0.0,0.0
2022-08-11 19:10:00,0.0,0.0,0.0,0.0,0.0,0.0,0.0,0.0,0.0,0.0
2022-08-11 19:15:00,0.0,0.0,0.0,0.0,0.0,0.0,0.0,0.0,0.0,0.0
2022-08-11 19:20:00,0.0,0.0,0.0,0.0,0.0,0.0,0.0,0.0,0.0,0.0
2022-08-11 19:25:00,0.0,0.0,0.0,0.0,0.0,0.0,0.0,0.0,0.0,0.0
2022-08-11 19:30:00,0.0,0.0,0.0,0.0,0.0,0.0,0.0,0.0,0.0,0.0
2022-08-11 19:35:00,0.0,0.0,0.0,0.0,0.0,0.0,0.0,0.0,0.0,0.0
2022-08-11 19:40:00,0.0,0.0,0.0,0.0,0.0,0.0,0.0,0.0,0.0,0.0
2022-08-11 19:45:00,0.0,0.0,0.0,0.0,0.0,0.0,0.0,0.0,0.0,0.0
2022-08-11 19:50:00,0.0,0.0,0.0,0.0,0.0,0.0,0.0,0.0,0.0,0.0
2022-08-11 19:55:00,0.0,0.0,0.0,0.0,0.0,0.0,0.0,0.0,0.0,0.0
2022-08-11 20:00:00,0.0,0.0,0.0,0.0,0.0,0.0,0.0,0.0,0.0,0.0
2022-08-11 20:05:00,0.0,0.0,0.0,0.0,0.0,0.0,0.0,0.0,0.0,0.0
2022-08-11 20:10:00,0.0,0.0,0.0,0.0,0.0,0.0,0.0,0.0,0.0,0.0
2022-08-11 20:15:00,0.0,0.0,0.0,0.0,0.0,0.0,0.0,0.0,0.0,0.0
2022-08-11 20:20:00,0.0,0.0,0.0,0.0,0.0,0.0,0.0,0.0,0.0,0.0
2022-08-11 20:25:00,0.0,0.0,0.0,0.0,0.0,0.0,0.0,0.0,0.0,0.0
2022-08-11 20:30:00,0.0,0.0,0.0,0.0,0.0,0.0,0.0,0.0,0.0,0.0
2022-08-11 20:35:00,0.0,0.0,0.0,0.0,0.0,0.0,0.0,0.0,0.0,0.0
2022-08-11 20:40:00,0.0,0.0,0.0,0.0,0.0,0.0,0.0,0.0,0.0,0.0
2022-08-11 20:45:00,0.0,0.0,0.0,0.0,0.0,0.0,0.0,0.0,0.0,0.0
2022-08-11 20:50:00,0.0,0.0,0.0,0.0,0.0,0.0,0.0,0.0,0.0,0.0
2022-08-11 20:55:00,0.0,0.0,0.0,0.0,0.0,0.0,0.0,0.0,0.0,0.0
2022-08-11 21:00:00,0.0,0.0,0.0,0.0,0.0,0.0,0.0,0.0,0.0,0.0
2022-08-11 21:05:00,0.0,0.0,0.0,0.0,0.0,0.0,0.0,0.0,0.0,0.0
2022-08-11 21:10:00,0.0,0.0,0.0,0.0,0.0,0.0,0.0,0.0,0.0,0.0
2022-08-11 21:15:00,0.0,0.0,0.0,0.0,0.0,0.0,0.0,0.0,0.0,0.0
2022-08-11 21:20:00,0.0,0.0,0.0,0.0,0.0,0.0,0.0,0.0,0.0,0.0
2022-08-11 21:25:00,0.0,0.0,0.0,0.0,0.0,0.0,0.0,0.0,0.0,0.0
2022-08-11 21:30:00,0.0,0.0,0.0,0.0,0.0,0.0,0.0,0.0,0.0,0.0
2022-08-11 21:35:00,0.0,0.0,0.0,0.0,0.0,0.0,0.0,0.0,0.0,0.0
2022-08-11 21:40:00,0.0,0.0,0.0,0.0,0.0,0.0,0.0,0.0,0.0,0.0
2022-08-11 21:45:00,0.0,0.0,0.0,0.0,0.0,0.0,0.0,0.0,0.0,0.0
2022-08-11 21:50:00,0.0,0.0,0.0,0.0,0.0,0.0,0.0,0.0,0.0,0.0
2022-08-11 21:55:00,0.0,0.0,0.0,0.0,0.0,0.0,0.0,0.0,0.0,0.0
2022-08-11 22:00:00,0.0,0.0,0.0,0.0,0.0,0.0,0.0,0.0,0.0,0.0
2022-08-11 22:05:00,0.0,0.0,0.0,0.0,0.0,0.0,0.0,0.0,0.0,0.0
2022-08-11 22:10:00,0.0,0.0,0.0,0.0,0.0,0.0,0.0,0.0,0.0,0.0
2022-08-11 22:15:00,0.0,0.0,0.0,0.0,0.0,0.0,0.0,0.0,0.0,0.0
2022-08-11 22:20:00,0.0,0.0,0.0,0.0,0.0,0.0,0.0,0.0,0.0,0.0
2022-08-11 22:25:00,0.0,0.0,0.0,0.0,0.0,0.0,0.0,0.0,0.0,0.0
2022-08-11 22:30:00,0.0,0.0,0.0,0.0,0.0,0.0,0.0,0.0,0.0,0.0
2022-08-11 22:35:00,0.0,0.0,0.0,0.0,0.0,0.0,0.0,0.0,0.0,0.0
2022-08-11 22:40:00,0.0,0.0,0.0,0.0,0.0,0.0,0.0,0.0,0.0,0.0
2022-08-11 22:45:00,0.0,0.0,0.0,0.0,0.0,0.0,0.0,0.0,0.0,0.0
2022-08-11 22:50:00,0.0,0.0,0.0,0.0,0.0,0.0,0.0,0.0,0.0,0.0
2022-08-11 22:55:00,0.0,0.0,0.0,0.0,0.0,0.0,0.0,0.0,0.0,0.0
2022-08-11 23:00:00,0.0,0.0,0.0,0.0,0.0,0.0,0.0,0.0,0.0,0.0
2022-08-11 23:05:00,0.0,0.0,0.0,0.0,0.0,0.0,0.0,0.0,0.0,0.0
2022-08-11 23:10:00,0.0,0.0,0.0,0.0,0.0,0.0,0.0,0.0,0.0,0.0
2022-08-11 23:15:00,0.0,0.0,0.0,0.0,0.0,0.0,0.0,0.0,0.0,0.0
2022-08-11 23:20:00,0.0,0.0,0.0,0.0,0.0,0.0,0.0,0.0,0.0,0.0
2022-08-11 23:25:00,0.0,0.0,0.0,0.0,0.0,0.0,0.0,0.0,0.0,0.0
2022-08-11 23:30:00,0.0,0.0,0.0,0.0,0.0,0.0,0.0,0.0,0.0,0.0
2022-08-11 23:35:00,0.0,0.0,0.0,0.0,0.0,0.0,0.0,0.0,0.0,0.0
2022-08-11 23:40:00,0.0,0.0,0.0,0.0,0.0,0.0,0.0,0.0,0.0,0.0
2022-08-11 23:45:00,0.0,0.0,0.0,0.0,0.0,0.0,0.0,0.0,0.0,0.0
2022-08-11 23:50:00,0.0,0.0,0.0,0.0,0.0,0.0,0.0,0.0,0.0,0.0
2022-08-11 23:55:00,0.0,0.0,0.0,0.0,0.0,0.0,0.0,0.0,0.0,0.0
2022-08-12 00:00:00,0.0,0.0,0.0,0.0,0.0,0.0,0.0,0.0,0.0,0.0
2022-08-12 00:05:00,0.0,0.0,0.0,0.0,0.0,0.0,0.0,0.0,0.0,0.0
2022-08-12 00:10:00,0.0,0.0,0.0,0.0,0.0,0.0,0.0,0.0,0.0,0.0
2022-08-12 00:15:00,0.0,0.0,0.0,0.0,0.0,0.0,0.0,0.0,0.0,0.0
2022-08-12 00:20:00,0.0,0.0,0.0,0.0,0.0,0.0,0.0,0.0,0.0,0.0
2022-08-12 00:25:00,0.0,0.0,0.0,0.0,0.0,0.0,0.0,0.0,0.0,0.0
2022-08-12 00:30:00,0.0,0.0,0.0,0.0,0.0,0.0,0.0,0.0,0.0,0.0
2022-08-12 00:35:00,0.0,0.0,0.0,0.0,0.0,0.0,0.0,0.0,0.0,0.0
2022-08-12 00:40:00,0.0,0.0,0.0,0.0,0.0,0.0,0.0,0.0,0.0,0.0
2022-08-12 00:45:00,0.0,0.0,0.0,0.0,0.0,0.0,0.0,0.0,0.0,0.0
2022-08-12 00:50:00,0.0,0.0,0.0,0.0,0.0,0.0,0.0,0.0,0.0,0.0
2022-08-12 00:55:00,0.0,0.0,0.0,0.0,0.0,0.0,0.0,0.0,0.0,0.0
2022-08-12 01:00:00,0.0,0.0,0.0,0.0,0.0,0.0,0.0,0.0,0.0,0.0
2022-08-12 01:05:00,0.0,0.0,0.0,0.0,0.0,0.0,0.0,0.0,0.0,0.0
2022-08-12 01:10:00,0.0,0.0,0.0,0.0,0.0,0.0,0.0,0.0,0.0,0.0
2022-08-12 01:15:00,0.0,0.0,0.0,0.0,0.0,0.0,0.0,0.0,0.0,0.0
2022-08-12 01:20:00,0.0,0.0,0.0,0.0,0.0,0.0,0.0,0.0,0.0,0.0
2022-08-12 01:25:00,0.0,0.0,0.0,0.0,0.0,0.0,0.0,0.0,0.0,0.0
2022-08-12 01:30:00,0.0,0.0,0.0,0.0,0.0,0.0,0.0,0.0,0.0,0.0
2022-08-12 01:35:00,0.0,0.0,0.0,0.0,0.0,0.0,0.0,0.0,0.0,0.0
2022-08-12 01:40:00,0.0,0.0,0.0,0.0,0.0,0.0,0.0,0.0,0.0,0.0
2022-08-12 01:45:00,0.0,0.0,0.0,0.0,0.0,0.0,0.0,0.0,0.0,0.0
2022-08-12 01:50:00,0.0,0.0,0.0,0.0,0.0,0.0,0.0,0.0,0.0,0.0
2022-08-12 01:55:00,0.0,0.0,0.0,0.0,0.0,0.0,0.0,0.0,0.0,0.0
2022-08-12 02:00:00,0.0,0.0,0.0,0.0,0.0,0.0,0.0,0.0,0.0,0.0
2022-08-12 02:05:00,0.0,0.0,0.0,0.0,0.0,0.0,0.0,0.0,0.0,0.0
2022-08-12 02:10:00,0.0,0.0,0.0,0.0,0.0,0.0,0.0,0.0,0.0,0.0
2022-08-12 02:15:00,0.0,0.0,0.0,0.0,0.0,0.0,0.0,0.0,0.0,0.0
2022-08-12 02:20:00,0.0,0.0,0.0,0.0,0.0,0.0,0.0,0.0,0.0,0.0
2022-08-12 02:25:00,0.0,0.0,0.0,0.0,0.0,0.0,0.0,0.0,0.0,0.0
2022-08-12 02:30:00,0.0,0.0,0.0,0.0,0.0,0.0,0.0,0.0,0.0,0.0
2022-08-12 02:35:00,0.0,0.0,0.0,0.0,0.0,0.0,0.0,0.0,0.0,0.0
2022-08-12 02:40:00,0.0,0.0,0.0,0.0,0.0,0.0,0.0,0.0,0.0,0.0
2022-08-12 02:45:00,0.0,0.0,0.0,0.0,0.0,0.0,0.0,0.0,0.0,0.0
2022-08-12 02:50:00,0.0,0.0,0.0,0.0,0.0,0.0,0.0,0.0,0.0,0.0
2022-08-12 02:55:00,0.0,0.0,0.0,0.0,0.0,0.0,0.0,0.0,0.0,0.0
2022-08-12 03:00:00,0.0,0.0,0.0,0.0,0.0,0.0,0.0,0.0,0.0,0.0
2022-08-12 03:05:00,0.0,0.0,0.0,0.0,0.0,0.0,0.0,0.0,0.0,0.0
2022-08-12 03:10:00,0.0,0.0,0.0,0.0,0.0,0.0,0.0,0.0,0.0,0.0
2022-08-12 03:15:00,0.0,0.0,0.0,0.0,0.0,0.0,0.0,0.0,0.0,0.0
2022-08-12 03:20:00,0.0,0.0,0.0,0.0,0.0,0.0,0.0,0.0,0.0,0.0
2022-08-12 03:25:00,0.0,0.0,0.0,0.0,0.0,0.0,0.0,0.0,0.0,0.0
2022-08-12 03:30:00,0.0,0.0,0.0,0.0,0.0,0.0,0.0,0.0,0.0,0.0
2022-08-12 03:35:00,0.0,0.0,0.0,0.0,0.0,0.0,0.0,0.0,0.0,0.0
2022-08-12 03:40:00,0.0,0.0,0.0,0.0,0.0,0.0,0.0,0.0,0.0,0.0
2022-08-12 03:45:00,0.0,0.0,0.0,0.0,0.0,0.0,0.0,0.0,0.0,0.0
2022-08-12 03:50:00,0.0,0.0,0.0,0.0,0.0,0.0,0.0,0.0,0.0,0.0
2022-08-12 03:55:00,0.000604,0.0,0.0,0.0,0.0,0.0,0.0,0.0,0.0,0.0
2022-08-12 04:00:00,0.004463,0.0,0.0,0.0,0.0,0.0,0.0,0.000246,0.0,0.0
2022-08-12 04:05:00,0.008175,0.0,0.0,0.0,0.0,0.0,0.002275,0.002917,0.0,0.0
2022-08-12 04:10:00,0.011196,0.0,0.0,0.0,0.0,0.0,0.004767,0.005607,0.0,0.0
2022-08-12 04:15:00,0.01385,0.0,0.0,0.0,0.0,0.0,0.007647,0.008459,0.001448,0.0
2022-08-12 04:20:00,0.01639,0.0,0.0,0.0,0.0,0.0,0.011065,0.011578,0.004123,0.0
2022-08-12 04:25:00,0.01864,0.000353,0.002024,0.000274,0.00057,0.002177,0.014906,0.014775,0.007987,0.002303
2022-08-12 04:30:00,0.020915,0.003897,0.005878,0.003779,0.00443,0.006369,0.018778,0.017924,0.012515,0.006564
2022-08-12 04:35:00,0.023771,0.007494,0.009754,0.007335,0.00823,0.010655,0.022311,0.020855,0.017234,0.010907
2022-08-12 04:40:00,0.027743,0.010722,0.013192,0.010539,0.011596,0.014798,0.025297,0.02334,0.021841,0.015102
2022-08-12 04:45:00,0.032064,0.013903,0.016464,0.013611,0.014993,0.018664,0.027817,0.025698,0.026338,0.01902
2022-08-12 04:50:00,0.035497,0.01792,0.020263,0.017138,0.018966,0.022721,0.029821,0.028415,0.030346,0.022252
2022-08-12 04:55:00,0.037212,0.023033,0.024969,0.021249,0.023817,0.02683,0.031175,0.03175,0.033681,0.024417
2022-08-12 05:00:00,0.037846,0.028835,0.030329,0.026007,0.029268,0.031149,0.032098,0.03524,0.03589,0.025892
2022-08-12 05:05:00,0.039453,0.034417,0.035626,0.031094,0.034634,0.033326,0.032954,0.037983,0.0374,0.026595
2022-08-12 05:10:00,0.043949,0.039191,0.040286,0.036301,0.039449,0.032847,0.033866,0.040639,0.037907,0.026899
2022-08-12 05:15:00,0.05036,0.043156,0.044398,0.041377,0.043814,0.030797,0.034617,0.045044,0.039704,0.027005
2022-08-12 05:20:00,0.058392,0.046316,0.048183,0.043798,0.04737,0.029529,0.037384,0.050917,0.044934,0.027724
2022-08-12 05:25:00,0.067743,0.049122,0.052278,0.043169,0.050027,0.03177,0.042463,0.058353,0.053137,0.031753
2022-08-12 05:30:00,0.078448,0.051914,0.056984,0.040955,0.052001,0.038736,0.049528,0.06745,0.063247,0.039182
2022-08-12 05:35:00,0.090789,0.055048,0.060574,0.042237,0.054954,0.046904,0.058473,0.078269,0.074092,0.047893
2022-08-12 05:40:00,0.104614,0.058681,0.062799,0.04869,0.058387,0.055681,0.069206,0.090541,0.085238,0.057067
2022-08-12 05:45:00,0.119664,0.063647,0.065895,0.058157,0.063248,0.065376,0.081747,0.104135,0.097373,0.067404
2022-08-12 05:50:00,0.135785,0.070803,0.071957,0.068334,0.070486,0.077119,0.096075,0.119251,0.111247,0.080036
2022-08-12 05:55:00,0.15247,0.079878,0.081492,0.078386,0.079866,0.090913,0.111653,0.135387,0.12671,0.094739
2022-08-12 06:00:00,0.169088,0.090576,0.093401,0.088929,0.0909,0.105677,0.127498,0.151702,0.14297,0.110287
2022-08-12 06:05:00,0.185671,0.103228,0.107158,0.100632,0.1037,0.120752,0.143227,0.168152,0.159434,0.126103
2022-08-12 06:10:00,0.202752,0.117486,0.122376,0.113612,0.118053,0.136208,0.159318,0.185154,0.176054,0.142375
2022-08-12 06:15:00,0.220527,0.132341,0.13818,0.12784,0.133102,0.152435,0.176251,0.202905,0.193389,0.159586
2022-08-12 06:20:00,0.23872,0.147383,0.154075,0.143044,0.148307,0.169484,0.19372,0.221003,0.211503,0.177706
2022-08-12 06:25:00,0.256989,0.16272,0.170158,0.158916,0.163723,0.186836,0.211407,0.238529,0.229716,0.196108
2022-08-12 06:30:00,0.275308,0.178625,0.186767,0.175477,0.179662,0.204118,0.229368,0.255177,0.247605,0.214331
2022-08-12 06:35:00,0.293846,0.195305,0.204233,0.192993,0.196332,0.221528,0.247691,0.271923,0.265602,0.232545
2022-08-12 06:40:00,0.31256,0.212598,0.222314,0.211162,0.213416,0.239336,0.266274,0.289671,0.284167,0.251228
2022-08-12 06:45:00,0.331289,0.230377,0.240775,0.229664,0.230752,0.257747,0.284897,0.308271,0.30345,0.270643
2022-08-12 06:50:00,0.349474,0.248701,0.259523,0.248162,0.248519,0.276729,0.30302,0.327242,0.322788,0.290187
2022-08-12 06:55:00,0.366038,0.267246,0.278251,0.266019,0.266623,0.295792,0.319778,0.345978,0.341096,0.308772
2022-08-12 07:00:00,0.381224,0.285833,0.296797,0.283155,0.28491,0.314799,0.33545,0.364321,0.358283,0.326325
2022-08-12 07:05:00,0.396227,0.304207,0.315203,0.300067,0.303154,0.33413,0.35145,0.382797,0.375528,0.343633
2022-08-12 07:10:00,0.412802,0.321886,0.332937,0.316798,0.320717,0.353881,0.368683,0.401361,0.393725,0.360632
2022-08-12 07:15:00,0.430167,0.33884,0.350002,0.333126,0.337285,0.373662,0.386731,0.419663,0.412744,0.377152
2022-08-12 07:20:00,0.447545,0.355607,0.366768,0.349667,0.353879,0.392654,0.404725,0.437159,0.43205,0.393936
2022-08-12 07:25:00,0.464231,0.372726,0.383877,0.366251,0.370554,0.409547,0.42218,0.452579,0.451261,0.411377
2022-08-12 07:30:00,0.480279,0.390366,0.401251,0.38323,0.38765,0.424977,0.439179,0.466137,0.470254,0.429212
2022-08-12 07:35:00,0.49638,0.408384,0.419137,0.400876,0.40531,0.440653,0.456066,0.479925,0.489006,0.44747
2022-08-12 07:40:00,0.512425,0.426449,0.437255,0.418719,0.423168,0.457381,0.472982,0.495129,0.507547,0.465861
2022-08-12 07:45:00,0.528147,0.444371,0.455251,0.43642,0.440924,0.474733,0.489936,0.511158,0.525796,0.484182
2022-08-12 07:50:00,0.543508,0.462017,0.47292,0.453943,0.458383,0.491463,0.506426,0.527193,0.542767,0.502082
2022-08-12 07:55:00,0.558023,0.479087,0.48974,0.470956,0.475049,0.506227,0.521909,0.542441,0.557334,0.5193
2022-08-12 08:00:00,0.571661,0.495693,0.505747,0.48737,0.491018,0.519426,0.536552,0.556834,0.570193,0.535925
2022-08-12 08:05:00,0.585297,0.512227,0.521653,0.50376,0.507181,0.532875,0.551206,0.571117,0.583343,0.552504
2022-08-12 08:10:00,0.599012,0.528753,0.537569,0.520139,0.523601,0.547519,0.565924,0.585648,0.597614,0.568992
2022-08-12 08:15:00,0.612538,0.544946,0.553154,0.536308,0.539887,0.562941,0.580405,0.600178,0.61245,0.584997
2022-08-12 08:20:00,0.62568,0.56005,0.567677,0.551954,0.555677,0.578348,0.594329,0.614018,0.627285,0.599717
2022-08-12 08:25:00,0.637869,0.572679,0.579955,0.566492,0.570195,0.59277,0.607141,0.626579,0.641213,0.611996
2022-08-12 08:30:00,0.649294,0.58328,0.590422,0.580058,0.583554,0.60626,0.618888,0.638126,0.654307,0.622525
2022-08-12 08:35:00,0.660481,0.593829,0.600878,0.593676,0.597018,0.619847,0.630468,0.649618,0.667377,0.633296
2022-08-12 08:40:00,0.671471,0.606421,0.613205,0.607351,0.610647,0.633654,0.641762,0.661151,0.680747,0.644956
2022-08-12 08:45:00,0.681893,0.619901,0.626277,0.620761,0.624006,0.647214,0.652452,0.672405,0.694076,0.656882
2022-08-12 08:50:00,0.691946,0.632934,0.639088,0.633694,0.637065,0.660077,0.662995,0.683241,0.706711,0.669183
2022-08-12 08:55:00,0.700808,0.644682,0.650635,0.645415,0.649297,0.671538,0.672983,0.693779,0.718339,0.681293
2022-08-12 09:00:00,0.708664,0.655563,0.661288,0.655997,0.660753,0.681859,0.682287,0.704075,0.729349,0.69331
2022-08-12 09:05:00,0.71744,0.667304,0.672726,0.666539,0.672006,0.692324,0.692144,0.713727,0.740253,0.704919
2022-08-12 09:10:00,0.727873,0.680641,0.685584,0.677365,0.683107,0.702715,0.704005,0.722711,0.750929,0.715986
2022-08-12 09:15:00,0.738932,0.694636,0.699086,0.688155,0.693935,0.712672,0.716406,0.731246,0.761033,0.726668
2022-08-12 09:20:00,0.748781,0.707649,0.71173,0.698349,0.703958,0.722072,0.72728,0.738988,0.770712,0.736819
2022-08-12 09:25:00,0.755705,0.718546,0.722253,0.707745,0.712625,0.730978,0.735304,0.745385,0.779264,0.746042
2022-08-12 09:30:00,0.760316,0.727807,0.731124,0.716512,0.720266,0.739464,0.741656,0.750883,0.784224,0.754505
2022-08-12 09:35:00,0.765315,0.736342,0.73924,0.725227,0.728751,0.748421,0.748722,0.757191,0.764114,0.762765
2022-08-12 09:40:00,0.772028,0.744422,0.747015,0.733597,0.738905,0.758299,0.757217,0.76499,0.704369,0.770828
2022-08-12 09:45:00,0.779627,0.752001,0.75462,0.741564,0.749763,0.768446,0.7662,0.773404,0.613592,0.778705
2022-08-12 09:50:00,0.78683,0.758847,0.762402,0.749537,0.759414,0.777252,0.774883,0.781428,0.527877,0.786493
2022-08-12 09:55:00,0.793078,0.764318,0.770884,0.757311,0.766707,0.783331,0.782779,0.788783,0.482598,0.793789
2022-08-12 10:00:00,0.79869,0.768812,0.779686,0.764772,0.772376,0.787605,0.78991,0.795632,0.468518,0.800417
2022-08-12 10:05:00,0.792003,0.774196,0.788318,0.772811,0.778402,0.792468,0.796547,0.801989,0.461065,0.807362
2022-08-12 10:10:00,0.771657,0.781204,0.796656,0.781228,0.785253,0.798752,0.802793,0.807847,0.450379,0.814711
2022-08-12 10:15:00,0.741775,0.788882,0.80478,0.788996,0.792848,0.805627,0.808649,0.813328,0.439103,0.821295
2022-08-12 10:20:00,0.727317,0.79624,0.811854,0.795508,0.799913,0.812143,0.813598,0.818068,0.433933,0.814751
2022-08-12 10:25:00,0.74224,0.802782,0.817099,0.799644,0.805436,0.817689,0.81727,0.821125,0.443499,0.790646
2022-08-12 10:30:00,0.77429,0.808572,0.821034,0.802423,0.80959,0.822409,0.820022,0.822817,0.466353,0.754448
2022-08-12 10:35:00,0.782859,0.813975,0.824972,0.805199,0.813681,0.826586,0.822638,0.824466,0.524115,0.737212
2022-08-12 10:40:00,0.752391,0.818947,0.829035,0.808894,0.818137,0.830331,0.825244,0.826543,0.623373,0.75568
2022-08-12 10:45:00,0.692771,0.823404,0.832771,0.813228,0.822508,0.83369,0.827536,0.828703,0.736931,0.794586
2022-08-12 10:50:00,0.661281,0.826856,0.835947,0.817014,0.826154,0.836414,0.828831,0.830806,0.809345,0.81441
2022-08-12 10:55:00,0.687788,0.828689,0.838241,0.819828,0.82889,0.838352,0.829613,0.832955,0.821298,0.797643
2022-08-12 11:00:00,0.745118,0.829388,0.839749,0.822192,0.830927,0.839737,0.830032,0.834375,0.794749,0.756113
2022-08-12 11:05:00,0.787817,0.830695,0.840821,0.824562,0.832315,0.841182,0.830906,0.837103,0.766728,0.718749
2022-08-12 11:10:00,0.787698,0.833378,0.841433,0.827705,0.8332,0.843348,0.832683,0.838637,0.759849,0.708219
2022-08-12 11:15:00,0.760026,0.836566,0.841717,0.831338,0.833662,0.845994,0.834794,0.838578,0.765608,0.717384
2022-08-12 11:20:00,0.746616,0.839423,0.842172,0.834341,0.834087,0.848175,0.836168,0.815635,0.761983,0.717965
2022-08-12 11:25:00,0.759855,0.841536,0.843158,0.835466,0.835002,0.84865,0.835792,0.762058,0.73723,0.705173
2022-08-12 11:30:00,0.790232,0.842993,0.84431,0.835161,0.836203,0.847596,0.834017,0.686077,0.698928,0.684761
2022-08-12 11:35:00,0.81559,0.84391,0.845113,0.834977,0.836953,0.846672,0.832416,0.626097,0.658049,0.655851
2022-08-12 11:40:00,0.825529,0.844253,0.845341,0.835156,0.837141,0.846006,0.831103,0.611838,0.628454,0.633322
2022-08-12 11:45:00,0.824023,0.844095,0.845179,0.835153,0.837043,0.845206,0.829638,0.628303,0.609148,0.614956
2022-08-12 11:50:00,0.82194,0.84339,0.844845,0.835185,0.837023,0.844432,0.828201,0.667422,0.612603,0.597061
2022-08-12 11:55:00,0.818117,0.841912,0.844171,0.835591,0.837383,0.844024,0.827095,0.714142,0.645799,0.584576
2022-08-12 12:00:00,0.813415,0.83966,0.842887,0.836021,0.837768,0.843441,0.825851,0.76017,0.693003,0.575359
2022-08-12 12:05:00,0.788268,0.836911,0.841327,0.835575,0.837272,0.841644,0.823497,0.776824,0.695081,0.566452
2022-08-12 12:10:00,0.738566,0.833822,0.838711,0.833689,0.835329,0.838109,0.819749,0.750501,0.635373,0.559125
2022-08-12 12:15:00,0.671332,0.830396,0.834845,0.83064,0.832216,0.833486,0.815202,0.694306,0.53425,0.552752
2022-08-12 12:20:00,0.619109,0.82661,0.830622,0.827215,0.828448,0.828719,0.810438,0.64879,0.481654,0.524134
2022-08-12 12:25:00,0.608361,0.82219,0.826773,0.824082,0.823995,0.823187,0.805736,0.633143,0.518116,0.47294
2022-08-12 12:30:00,0.623157,0.817096,0.822935,0.820916,0.818859,0.817218,0.801032,0.639343,0.60585,0.408578
2022-08-12 12:35:00,0.637437,0.812436,0.818876,0.816752,0.814271,0.8115,0.796115,0.647573,0.659274,0.38011
2022-08-12 12:40:00,0.634699,0.808055,0.814541,0.810935,0.810377,0.806039,0.790989,0.650074,0.645142,0.407947
2022-08-12 12:45:00,0.62075,0.803487,0.809852,0.804079,0.806415,0.800446,0.785853,0.646059,0.588587,0.469831
2022-08-12 12:50:00,0.601854,0.799146,0.804526,0.797732,0.801407,0.784235,0.781152,0.64408,0.547998,0.52826
2022-08-12 12:55:00,0.578286,0.795218,0.798323,0.792863,0.795133,0.757409,0.776879,0.637534,0.555364,0.560351
2022-08-12 13:00:00,0.551025,0.791045,0.791389,0.788704,0.788167,0.723851,0.772383,0.629176,0.592417,0.574065
2022-08-12 13:05:00,0.50627,0.785954,0.783966,0.783474,0.780852,0.66931,0.766693,0.620697,0.618457,0.554114
2022-08-12 13:10:00,0.442193,0.779527,0.776224,0.777026,0.773295,0.600195,0.759236,0.612411,0.62043,0.499847
2022-08-12 13:15:00,0.367604,0.772116,0.768213,0.769392,0.765607,0.523404,0.750767,0.602987,0.608036,0.426083
2022-08-12 13:20:00,0.35058,0.764735,0.760434,0.761795,0.758259,0.473728,0.742358,0.589282,0.61238,0.392503
2022-08-12 13:25:00,0.405628,0.757825,0.753285,0.754997,0.75145,0.478464,0.734388,0.568781,0.641886,0.426121
2022-08-12 13:30:00,0.497099,0.750707,0.746068,0.74848,0.744543,0.514302,0.726231,0.544402,0.681866,0.495868
2022-08-12 13:35:00,0.580463,0.742542,0.73767,0.741081,0.736705,0.517533,0.71707,0.545569,0.710749,0.552332
2022-08-12 13:40:00,0.61946,0.732761,0.727669,0.731698,0.727156,0.4684,0.706431,0.572479,0.717182,0.563735
2022-08-12 13:45:00,0.630254,0.722035,0.716665,0.720954,0.716497,0.388733,0.694874,0.611501,0.709251,0.544316
2022-08-12 13:50:00,0.622579,0.711345,0.705474,0.710074,0.705771,0.348108,0.683393,0.638926,0.68522,0.49593
2022-08-12 13:55:00,0.596606,0.701002,0.694758,0.699656,0.695505,0.379792,0.672682,0.64507,0.644979,0.418014
2022-08-12 14:00:00,0.560211,0.69066,0.684503,0.68937,0.685448,0.450417,0.662303,0.638163,0.59604,0.327804
2022-08-12 14:05:00,0.509452,0.680236,0.674191,0.679234,0.675264,0.499453,0.651589,0.626983,0.542928,0.30284
2022-08-12 14:10:00,0.451677,0.669587,0.663534,0.668976,0.664734,0.495498,0.640487,0.614755,0.499736,0.371829
2022-08-12 14:15:00,0.391468,0.658521,0.652424,0.658317,0.653753,0.459639,0.629172,0.601979,0.466695,0.486786
2022-08-12 14:20:00,0.37073,0.647035,0.640864,0.647165,0.642359,0.413152,0.617743,0.588637,0.445848,0.569689
2022-08-12 14:25:00,0.400322,0.63508,0.628578,0.635247,0.630385,0.37319,0.605106,0.574864,0.44851,0.584136
2022-08-12 14:30:00,0.454283,0.622622,0.615825,0.622582,0.617928,0.340678,0.591803,0.560214,0.462559,0.557817
2022-08-12 14:35:00,0.492544,0.60964,0.603533,0.609521,0.605034,0.347143,0.578237,0.546386,0.470519,0.507456
2022-08-12 14:40:00,0.500572,0.596261,0.592505,0.596361,0.59178,0.398834,0.564481,0.531491,0.465463,0.449242
2022-08-12 14:45:00,0.489648,0.582568,0.581941,0.583089,0.578187,0.46692,0.550465,0.515277,0.453306,0.389696
2022-08-12 14:50:00,0.45778,0.568659,0.569967,0.569354,0.564115,0.488423,0.535999,0.500779,0.441011,0.346604
2022-08-12 14:55:00,0.406611,0.554854,0.556516,0.554989,0.549521,0.442404,0.521043,0.484602,0.43277,0.335727
2022-08-12 15:00:00,0.347067,0.540917,0.541898,0.540145,0.534543,0.358463,0.505675,0.467813,0.425745,0.341966
2022-08-12 15:05:00,0.314529,0.526116,0.526506,0.524998,0.51948,0.291368,0.489919,0.452378,0.424611,0.328793
2022-08-12 15:10:00,0.322883,0.510394,0.510611,0.509487,0.504202,0.274897,0.473997,0.437603,0.426608,0.284557
2022-08-12 15:15:00,0.350307,0.494432,0.494494,0.493703,0.488832,0.289874,0.457993,0.422464,0.428399,0.224027
2022-08-12 15:20:00,0.367144,0.47892,0.47801,0.477636,0.474098,0.286509,0.441686,0.401387,0.425842,0.207173
2022-08-12 15:25:00,0.364017,0.464234,0.460961,0.461122,0.460277,0.253604,0.425194,0.373426,0.414769,0.249637
2022-08-12 15:30:00,0.349092,0.449628,0.443568,0.444496,0.446495,0.204573,0.408616,0.3434,0.39859,0.321682
2022-08-12 15:35:00,0.331595,0.434082,0.425855,0.428408,0.43144,0.188276,0.391538,0.322302,0.371106,0.36925
2022-08-12 15:40:00,0.313744,0.417317,0.408022,0.413204,0.414883,0.22073,0.373907,0.313844,0.3333,0.372624
2022-08-12 15:45:00,0.295539,0.399749,0.390415,0.398085,0.397452,0.276357,0.356061,0.310127,0.2935,0.350926
2022-08-12 15:50:00,0.278554,0.38174,0.373291,0.382148,0.379496,0.317277,0.33809,0.302533,0.269546,0.311673
2022-08-12 15:55:00,0.261286,0.363765,0.357288,0.365336,0.361272,0.32508,0.319959,0.287961,0.265536,0.265774
2022-08-12 16:00:00,0.244291,0.346188,0.34172,0.348133,0.343195,0.313167,0.302106,0.269843,0.267469,0.218138
2022-08-12 16:05:00,0.220117,0.328951,0.325392,0.330903,0.325696,0.296721,0.285125,0.251291,0.256279,0.182458
2022-08-12 16:10:00,0.191443,0.312185,0.307259,0.314143,0.309041,0.280142,0.268791,0.232823,0.229925,0.163894
2022-08-12 16:15:00,0.16367,0.295365,0.288564,0.297438,0.292496,0.263413,0.252284,0.214865,0.20032,0.155321
2022-08-12 16:20:00,0.145235,0.277744,0.269799,0.279911,0.27519,0.246712,0.235109,0.193865,0.182921,0.143259
2022-08-12 16:25:00,0.136469,0.259289,0.25108,0.261512,0.25701,0.229429,0.217467,0.172192,0.175906,0.124601
2022-08-12 16:30:00,0.131654,0.240669,0.232721,0.243032,0.238696,0.212188,0.199905,0.153567,0.169915,0.103849
2022-08-12 16:35:00,0.125502,0.222699,0.214945,0.225084,0.220908,0.195344,0.182595,0.140719,0.158902,0.096237
2022-08-12 16:40:00,0.117548,0.205323,0.197755,0.207736,0.203715,0.17863,0.16554,0.131302,0.143338,0.106718
2022-08-12 16:45:00,0.108901,0.187894,0.180738,0.190409,0.186571,0.161753,0.148966,0.121744,0.126246,0.122731
2022-08-12 16:50:00,0.10086,0.170296,0.163641,0.172848,0.169279,0.144911,0.133178,0.111043,0.1097,0.128883
2022-08-12 16:55:00,0.093235,0.153068,0.146953,0.155435,0.152279,0.12885,0.118339,0.098644,0.094839,0.121709
2022-08-12 17:00:00,0.085186,0.136597,0.131128,0.138611,0.135942,0.113923,0.104445,0.08426,0.08213,0.108601
2022-08-12 17:05:00,0.076507,0.120763,0.11579,0.122514,0.120284,0.099752,0.091001,0.070505,0.070895,0.09498
2022-08-12 17:10:00,0.067713,0.105875,0.10064,0.107425,0.105463,0.085993,0.077629,0.061037,0.060649,0.081554
2022-08-12 17:15:00,0.059706,0.092314,0.085793,0.093605,0.091775,0.07297,0.064562,0.056688,0.051761,0.068416
2022-08-12 17:20:00,0.053106,0.080004,0.071758,0.080943,0.079359,0.061073,0.052801,0.053317,0.044697,0.056594
2022-08-12 17:25:00,0.048567,0.068959,0.059474,0.069537,0.068372,0.0512,0.043338,0.046621,0.039888,0.047341
2022-08-12 17:30:00,0.045854,0.059278,0.049383,0.059555,0.058873,0.043467,0.036226,0.038362,0.037002,0.040655
2022-08-12 17:35:00,0.042877,0.050492,0.041184,0.050415,0.050151,0.038652,0.031338,0.032479,0.035235,0.035295
2022-08-12 17:40:00,0.038643,0.042009,0.034924,0.041401,0.041501,0.037615,0.029081,0.029488,0.031207,0.030801
2022-08-12 17:45:00,0.03409,0.03441,0.030778,0.033176,0.033606,0.040072,0.029098,0.028123,0.025834,0.028558
2022-08-12 17:50:00,0.029718,0.029156,0.029324,0.027363,0.028157,0.041523,0.028836,0.026898,0.021052,0.026398
2022-08-12 17:55:00,0.025616,0.028083,0.029446,0.02607,0.026996,0.039176,0.028186,0.025159,0.018008,0.02491
2022-08-12 18:00:00,0.021451,0.027837,0.02932,0.026091,0.026671,0.034481,0.027201,0.022905,0.016003,0.023593
2022-08-12 18:05:00,0.017179,0.027567,0.028757,0.025999,0.02634,0.029405,0.025762,0.01912,0.014041,0.021508
2022-08-12 18:10:00,0.013124,0.026821,0.027776,0.025311,0.025566,0.024595,0.023811,0.013646,0.011663,0.018084
2022-08-12 18:15:00,0.0095,0.025618,0.026353,0.024137,0.024366,0.020063,0.021537,0.007315,0.008849,0.013903
2022-08-12 18:20:00,0.006287,0.023661,0.024059,0.022538,0.022715,0.015783,0.018418,0.001963,0.006035,0.01004
2022-08-12 18:25:00,0.003456,0.020684,0.020845,0.020228,0.020337,0.011722,0.014961,0.0,0.003542,0.007246
2022-08-12 18:30:00,0.000925,0.016892,0.016958,0.017179,0.017233,0.007777,0.011126,0.0,0.001165,0.005257
2022-08-12 18:35:00,0.0,0.012554,0.012578,0.013432,0.013457,0.004101,0.007232,0.0,0.0,0.003258
2022-08-12 18:40:00,0.0,0.008056,0.008054,0.00939,0.009419,0.000945,0.003592,0.0,0.0,0.00066
2022-08-12 18:45:00,0.0,0.003913,0.003904,0.005496,0.00553,0.0,0.00043,0.0,0.0,0.0
2022-08-12 18:50:00,0.0,0.000575,0.000567,0.002184,0.002214,0.0,0.0,0.0,0.0,0.0
2022-08-12 18:55:00,0.0,0.0,0.0,0.0,0.0,0.0,0.0,0.0,0.0,0.0
2022-08-12 19:00:00,0.0,0.0,0.0,0.0,0.0,0.0,0.0,0.0,0.0,0.0
2022-08-12 19:05:00,0.0,0.0,0.0,0.0,0.0,0.0,0.0,0.0,0.0,0.0
2022-08-12 19:10:00,0.0,0.0,0.0,0.0,0.0,0.0,0.0,0.0,0.0,0.0
2022-08-12 19:15:00,0.0,0.0,0.0,0.0,0.0,0.0,0.0,0.0,0.0,0.0
2022-08-12 19:20:00,0.0,0.0,0.0,0.0,0.0,0.0,0.0,0.0,0.0,0.0
2022-08-12 19:25:00,0.0,0.0,0.0,0.0,0.0,0.0,0.0,0.0,0.0,0.0
2022-08-12 19:30:00,0.0,0.0,0.0,0.0,0.0,0.0,0.0,0.0,0.0,0.0
2022-08-12 19:35:00,0.0,0.0,0.0,0.0,0.0,0.0,0.0,0.0,0.0,0.0
2022-08-12 19:40:00,0.0,0.0,0.0,0.0,0.0,0.0,0.0,0.0,0.0,0.0
2022-08-12 19:45:00,0.0,0.0,0.0,0.0,0.0,0.0,0.0,0.0,0.0,0.0
2022-08-12 19:50:00,0.0,0.0,0.0,0.0,0.0,0.0,0.0,0.0,0.0,0.0
2022-08-12 19:55:00,0.0,0.0,0.0,0.0,0.0,0.0,0.0,0.0,0.0,0.0
2022-08-12 20:00:00,0.0,0.0,0.0,0.0,0.0,0.0,0.0,0.0,0.0,0.0
2022-08-12 20:05:00,0.0,0.0,0.0,0.0,0.0,0.0,0.0,0.0,0.0,0.0
2022-08-12 20:10:00,0.0,0.0,0.0,0.0,0.0,0.0,0.0,0.0,0.0,0.0
2022-08-12 20:15:00,0.0,0.0,0.0,0.0,0.0,0.0,0.0,0.0,0.0,0.0
2022-08-12 20:20:00,0.0,0.0,0.0,0.0,0.0,0.0,0.0,0.0,0.0,0.0
2022-08-12 20:25:00,0.0,0.0,0.0,0.0,0.0,0.0,0.0,0.0,0.0,0.0
2022-08-12 20:30:00,0.0,0.0,0.0,0.0,0.0,0.0,0.0,0.0,0.0,0.0
2022-08-12 20:35:00,0.0,0.0,0.0,0.0,0.0,0.0,0.0,0.0,0.0,0.0
2022-08-12 20:40:00,0.0,0.0,0.0,0.0,0.0,0.0,0.0,0.0,0.0,0.0
2022-08-12 20:45:00,0.0,0.0,0.0,0.0,0.0,0.0,0.0,0.0,0.0,0.0
2022-08-12 20:50:00,0.0,0.0,0.0,0.0,0.0,0.0,0.0,0.0,0.0,0.0
2022-08-12 20:55:00,0.0,0.0,0.0,0.0,0.0,0.0,0.0,0.0,0.0,0.0
2022-08-12 21:00:00,0.0,0.0,0.0,0.0,0.0,0.0,0.0,0.0,0.0,0.0
2022-08-12 21:05:00,0.0,0.0,0.0,0.0,0.0,0.0,0.0,0.0,0.0,0.0
2022-08-12 21:10:00,0.0,0.0,0.0,0.0,0.0,0.0,0.0,0.0,0.0,0.0
2022-08-12 21:15:00,0.0,0.0,0.0,0.0,0.0,0.0,0.0,0.0,0.0,0.0
2022-08-12 21:20:00,0.0,0.0,0.0,0.0,0.0,0.0,0.0,0.0,0.0,0.0
2022-08-12 21:25:00,0.0,0.0,0.0,0.0,0.0,0.0,0.0,0.0,0.0,0.0
2022-08-12 21:30:00,0.0,0.0,0.0,0.0,0.0,0.0,0.0,0.0,0.0,0.0
2022-08-12 21:35:00,0.0,0.0,0.0,0.0,0.0,0.0,0.0,0.0,0.0,0.0
2022-08-12 21:40:00,0.0,0.0,0.0,0.0,0.0,0.0,0.0,0.0,0.0,0.0
2022-08-12 21:45:00,0.0,0.0,0.0,0.0,0.0,0.0,0.0,0.0,0.0,0.0
2022-08-12 21:50:00,0.0,0.0,0.0,0.0,0.0,0.0,0.0,0.0,0.0,0.0
2022-08-12 21:55:00,0.0,0.0,0.0,0.0,0.0,0.0,0.0,0.0,0.0,0.0
2022-08-12 22:00:00,0.0,0.0,0.0,0.0,0.0,0.0,0.0,0.0,0.0,0.0
2022-08-12 22:05:00,0.0,0.0,0.0,0.0,0.0,0.0,0.0,0.0,0.0,0.0
2022-08-12 22:10:00,0.0,0.0,0.0,0.0,0.0,0.0,0.0,0.0,0.0,0.0
2022-08-12 22:15:00,0.0,0.0,0.0,0.0,0.0,0.0,0.0,0.0,0.0,0.0
2022-08-12 22:20:00,0.0,0.0,0.0,0.0,0.0,0.0,0.0,0.0,0.0,0.0
2022-08-12 22:25:00,0.0,0.0,0.0,0.0,0.0,0.0,0.0,0.0,0.0,0.0
2022-08-12 22:30:00,0.0,0.0,0.0,0.0,0.0,0.0,0.0,0.0,0.0,0.0
2022-08-12 22:35:00,0.0,0.0,0.0,0.0,0.0,0.0,0.0,0.0,0.0,0.0
2022-08-12 22:40:00,0.0,0.0,0.0,0.0,0.0,0.0,0.0,0.0,0.0,0.0
2022-08-12 22:45:00,0.0,0.0,0.0,0.0,0.0,0.0,0.0,0.0,0.0,0.0
2022-08-12 22:50:00,0.0,0.0,0.0,0.0,0.0,0.0,0.0,0.0,0.0,0.0
2022-08-12 22:55:00,0.0,0.0,0.0,0.0,0.0,0.0,0.0,0.0,0.0,0.0
2022-08-12 23:00:00,0.0,0.0,0.0,0.0,0.0,0.0,0.0,0.0,0.0,0.0
2022-08-12 23:05:00,0.0,0.0,0.0,0.0,0.0,0.0,0.0,0.0,0.0,0.0
2022-08-12 23:10:00,0.0,0.0,0.0,0.0,0.0,0.0,0.0,0.0,0.0,0.0
2022-08-12 23:15:00,0.0,0.0,0.0,0.0,0.0,0.0,0.0,0.0,0.0,0.0
2022-08-12 23:20:00,0.0,0.0,0.0,0.0,0.0,0.0,0.0,0.0,0.0,0.0
2022-08-12 23:25:00,0.0,0.0,0.0,0.0,0.0,0.0,0.0,0.0,0.0,0.0
2022-08-12 23:30:00,0.0,0.0,0.0,0.0,0.0,0.0,0.0,0.0,0.0,0.0
2022-08-12 23:35:00,0.0,0.0,0.0,0.0,0.0,0.0,0.0,0.0,0.0,0.0
2022-08-12 23:40:00,0.0,0.0,0.0,0.0,0.0,0.0,0.0,0.0,0.0,0.0
2022-08-12 23:45:00,0.0,0.0,0.0,0.0,0.0,0.0,0.0,0.0,0.0,0.0
2022-08-12 23:50:00,0.0,0.0,0.0,0.0,0.0,0.0,0.0,0.0,0.0,0.0
2022-08-12 23:55:00,0.0,0.0,0.0,0.0,0.0,0.0,0.0,0.0,0.0,0.0
2022-08-13 00:00:00,0.0,0.0,0.0,0.0,0.0,0.0,0.0,0.0,0.0,0.0
2022-08-13 00:05:00,0.0,0.0,0.0,0.0,0.0,0.0,0.0,0.0,0.0,0.0
2022-08-13 00:10:00,0.0,0.0,0.0,0.0,0.0,0.0,0.0,0.0,0.0,0.0
2022-08-13 00:15:00,0.0,0.0,0.0,0.0,0.0,0.0,0.0,0.0,0.0,0.0
2022-08-13 00:20:00,0.0,0.0,0.0,0.0,0.0,0.0,0.0,0.0,0.0,0.0
2022-08-13 00:25:00,0.0,0.0,0.0,0.0,0.0,0.0,0.0,0.0,0.0,0.0
2022-08-13 00:30:00,0.0,0.0,0.0,0.0,0.0,0.0,0.0,0.0,0.0,0.0
2022-08-13 00:35:00,0.0,0.0,0.0,0.0,0.0,0.0,0.0,0.0,0.0,0.0
2022-08-13 00:40:00,0.0,0.0,0.0,0.0,0.0,0.0,0.0,0.0,0.0,0.0
2022-08-13 00:45:00,0.0,0.0,0.0,0.0,0.0,0.0,0.0,0.0,0.0,0.0
2022-08-13 00:50:00,0.0,0.0,0.0,0.0,0.0,0.0,0.0,0.0,0.0,0.0
2022-08-13 00:55:00,0.0,0.0,0.0,0.0,0.0,0.0,0.0,0.0,0.0,0.0
2022-08-13 01:00:00,0.0,0.0,0.0,0.0,0.0,0.0,0.0,0.0,0.0,0.0
2022-08-13 01:05:00,0.0,0.0,0.0,0.0,0.0,0.0,0.0,0.0,0.0,0.0
2022-08-13 01:10:00,0.0,0.0,0.0,0.0,0.0,0.0,0.0,0.0,0.0,0.0
2022-08-13 01:15:00,0.0,0.0,0.0,0.0,0.0,0.0,0.0,0.0,0.0,0.0
2022-08-13 01:20:00,0.0,0.0,0.0,0.0,0.0,0.0,0.0,0.0,0.0,0.0
2022-08-13 01:25:00,0.0,0.0,0.0,0.0,0.0,0.0,0.0,0.0,0.0,0.0
2022-08-13 01:30:00,0.0,0.0,0.0,0.0,0.0,0.0,0.0,0.0,0.0,0.0
2022-08-13 01:35:00,0.0,0.0,0.0,0.0,0.0,0.0,0.0,0.0,0.0,0.0
2022-08-13 01:40:00,0.0,0.0,0.0,0.0,0.0,0.0,0.0,0.0,0.0,0.0
2022-08-13 01:45:00,0.0,0.0,0.0,0.0,0.0,0.0,0.0,0.0,0.0,0.0
2022-08-13 01:50:00,0.0,0.0,0.0,0.0,0.0,0.0,0.0,0.0,0.0,0.0
2022-08-13 01:55:00,0.0,0.0,0.0,0.0,0.0,0.0,0.0,0.0,0.0,0.0
2022-08-13 02:00:00,0.0,0.0,0.0,0.0,0.0,0.0,0.0,0.0,0.0,0.0
2022-08-13 02:05:00,0.0,0.0,0.0,0.0,0.0,0.0,0.0,0.0,0.0,0.0
2022-08-13 02:10:00,0.0,0.0,0.0,0.0,0.0,0.0,0.0,0.0,0.0,0.0
2022-08-13 02:15:00,0.0,0.0,0.0,0.0,0.0,0.0,0.0,0.0,0.0,0.0
2022-08-13 02:20:00,0.0,0.0,0.0,0.0,0.0,0.0,0.0,0.0,0.0,0.0
2022-08-13 02:25:00,0.0,0.0,0.0,0.0,0.0,0.0,0.0,0.0,0.0,0.0
2022-08-13 02:30:00,0.0,0.0,0.0,0.0,0.0,0.0,0.0,0.0,0.0,0.0
2022-08-13 02:35:00,0.0,0.0,0.0,0.0,0.0,0.0,0.0,0.0,0.0,0.0
2022-08-13 02:40:00,0.0,0.0,0.0,0.0,0.0,0.0,0.0,0.0,0.0,0.0
2022-08-13 02:45:00,0.0,0.0,0.0,0.0,0.0,0.0,0.0,0.0,0.0,0.0
2022-08-13 02:50:00,0.0,0.0,0.0,0.0,0.0,0.0,0.0,0.0,0.0,0.0
2022-08-13 02:55:00,0.0,0.0,0.0,0.0,0.0,0.0,0.0,0.0,0.0,0.0
2022-08-13 03:00:00,0.0,0.0,0.0,0.0,0.0,0.0,0.0,0.0,0.0,0.0
2022-08-13 03:05:00,0.0,0.0,0.0,0.0,0.0,0.0,0.0,0.0,0.0,0.0
2022-08-13 03:10:00,0.0,0.0,0.0,0.0,0.0,0.0,0.0,0.0,0.0,0.0
2022-08-13 03:15:00,0.0,0.0,0.0,0.0,0.0,0.0,0.0,0.0,0.0,0.0
2022-08-13 03:20:00,0.0,0.0,0.0,0.0,0.0,0.0,0.0,0.0,0.0,0.0
2022-08-13 03:25:00,0.0,0.0,0.0,0.0,0.0,0.0,0.0,0.0,0.0,0.0
2022-08-13 03:30:00,0.0,0.0,0.0,0.0,0.0,0.0,0.0,0.0,0.0,0.0
2022-08-13 03:35:00,0.0,0.0,0.0,0.0,0.0,0.0,0.0,0.0,0.0,0.0
2022-08-13 03:40:00,0.0,0.0,0.0,0.0,0.0,0.0,0.0,0.0,0.0,0.0
2022-08-13 03:45:00,0.0,0.0,0.0,0.0,0.0,0.0,0.0,0.0,0.0,0.0
2022-08-13 03:50:00,0.0,0.0,0.0,0.0,0.0,0.0,0.0,0.0,0.0,0.0
2022-08-13 03:55:00,0.0,0.0,0.0,0.0,0.0,0.0,0.0,0.0,0.0,0.0
2022-08-13 04:00:00,0.0,0.0,0.0,0.0,0.0,0.0,0.0,0.0,0.0,0.0
2022-08-13 04:05:00,0.000397,0.0,0.0,0.0,0.0,0.0,0.000494,0.0,0.0,0.0
2022-08-13 04:10:00,0.002782,0.0,0.0,0.0,0.0,0.0,0.002826,0.001117,0.0,0.0
2022-08-13 04:15:00,0.005477,0.0,0.0,0.0,0.0,0.0,0.005239,0.003117,0.0,0.0
2022-08-13 04:20:00,0.009292,0.0,0.0,0.0,0.0,0.0,0.007728,0.006299,0.0,0.0
2022-08-13 04:25:00,0.014529,0.000311,0.000594,0.000233,0.00032,0.001592,0.010588,0.011155,0.0,0.001403
2022-08-13 04:30:00,0.020694,0.003709,0.004458,0.00359,0.003896,0.00619,0.013663,0.016909,0.000526,0.005582
2022-08-13 04:35:00,0.026448,0.007195,0.008162,0.007034,0.007425,0.010752,0.016694,0.022456,0.004881,0.009351
2022-08-13 04:40:00,0.03124,0.010601,0.011102,0.010399,0.010637,0.015015,0.019637,0.027268,0.012088,0.012018
2022-08-13 04:45:00,0.035416,0.013859,0.01364,0.013619,0.013658,0.018974,0.022848,0.031506,0.021064,0.01394
2022-08-13 04:50:00,0.038506,0.017531,0.01729,0.01728,0.017222,0.023116,0.027258,0.035894,0.029742,0.016246
2022-08-13 04:55:00,0.040707,0.021563,0.022621,0.021355,0.021288,0.027259,0.033419,0.041192,0.036916,0.019641
2022-08-13 05:00:00,0.041906,0.026033,0.028967,0.025921,0.025998,0.031466,0.040479,0.04712,0.042715,0.023641
2022-08-13 05:05:00,0.043421,0.030934,0.033729,0.030679,0.030965,0.033916,0.046777,0.05258,0.045943,0.026421
2022-08-13 05:10:00,0.044331,0.036384,0.035549,0.035774,0.036116,0.03413,0.05124,0.057469,0.045952,0.027932
2022-08-13 05:15:00,0.044999,0.041681,0.035482,0.040856,0.04095,0.033077,0.054566,0.062543,0.045123,0.028712
2022-08-13 05:20:00,0.050632,0.044602,0.034348,0.043837,0.043575,0.032366,0.055392,0.068581,0.046824,0.029629
2022-08-13 05:25:00,0.061781,0.044013,0.033954,0.043906,0.042986,0.034951,0.056208,0.075251,0.051464,0.03381
2022-08-13 05:30:00,0.076446,0.041666,0.03544,0.041913,0.04091,0.041626,0.058379,0.08248,0.058602,0.041186
2022-08-13 05:35:00,0.091911,0.043312,0.040601,0.042646,0.042801,0.049757,0.063767,0.089293,0.067905,0.04981
2022-08-13 05:40:00,0.102475,0.050028,0.049074,0.0466,0.049424,0.058276,0.072625,0.096299,0.07903,0.058912
2022-08-13 05:45:00,0.109016,0.059796,0.059785,0.053197,0.059099,0.067745,0.083599,0.105843,0.091945,0.069051
2022-08-13 05:50:00,0.106885,0.070261,0.071199,0.061658,0.069638,0.079148,0.09599,0.119099,0.106893,0.081383
2022-08-13 05:55:00,0.095078,0.080507,0.082605,0.071619,0.080131,0.09251,0.109389,0.134501,0.123383,0.095693
2022-08-13 06:00:00,0.076835,0.091182,0.094636,0.083,0.091126,0.106844,0.123674,0.150177,0.140482,0.110848
2022-08-13 06:05:00,0.064854,0.103161,0.10813,0.095924,0.103297,0.12152,0.138939,0.165829,0.157788,0.126362
2022-08-13 06:10:00,0.066285,0.116553,0.123022,0.110282,0.11665,0.136602,0.154973,0.181921,0.175442,0.142278
2022-08-13 06:15:00,0.077315,0.131226,0.138508,0.125982,0.131046,0.152451,0.171622,0.198645,0.1939,0.158977
2022-08-13 06:20:00,0.084257,0.146871,0.154111,0.142772,0.146478,0.168997,0.188852,0.21582,0.211438,0.176709
2022-08-13 06:25:00,0.082759,0.163173,0.169858,0.16,0.162627,0.185825,0.205813,0.23262,0.225043,0.194753
2022-08-13 06:30:00,0.075966,0.180127,0.186099,0.176995,0.17942,0.202669,0.222036,0.248683,0.233382,0.212568
2022-08-13 06:35:00,0.076461,0.197951,0.203274,0.194221,0.197132,0.219639,0.238181,0.264861,0.234838,0.230514
2022-08-13 06:40:00,0.090145,0.216262,0.221135,0.211784,0.21548,0.237035,0.254936,0.282035,0.232865,0.249015
2022-08-13 06:45:00,0.111922,0.234739,0.239437,0.230074,0.234142,0.255121,0.272189,0.300013,0.228959,0.268257
2022-08-13 06:50:00,0.129977,0.253292,0.258062,0.248741,0.252727,0.273782,0.289857,0.318126,0.228653,0.287631
2022-08-13 06:55:00,0.137355,0.271277,0.276663,0.26663,0.270379,0.292617,0.307625,0.335862,0.239998,0.306118
2022-08-13 07:00:00,0.137479,0.288459,0.295102,0.28348,0.286994,0.311603,0.325275,0.353236,0.260344,0.323512
2022-08-13 07:05:00,0.136311,0.305382,0.313552,0.3,0.303798,0.330887,0.343001,0.370655,0.285353,0.340622
2022-08-13 07:10:00,0.136551,0.32221,0.33136,0.317844,0.321731,0.350284,0.360986,0.388013,0.310046,0.3578
2022-08-13 07:15:00,0.139146,0.338702,0.348199,0.336568,0.340439,0.369464,0.378961,0.405059,0.335133,0.374928
2022-08-13 07:20:00,0.141945,0.355432,0.364928,0.355497,0.359466,0.387847,0.395795,0.421333,0.360373,0.392041
2022-08-13 07:25:00,0.148642,0.372213,0.381795,0.373965,0.377848,0.404423,0.410488,0.435803,0.384034,0.409425
2022-08-13 07:30:00,0.156403,0.389399,0.399003,0.391983,0.395692,0.419607,0.423864,0.448741,0.407176,0.427199
2022-08-13 07:35:00,0.159603,0.407256,0.416747,0.410061,0.413771,0.434948,0.437648,0.462075,0.433024,0.445363
2022-08-13 07:40:00,0.154736,0.425307,0.434637,0.428249,0.432058,0.45103,0.452726,0.476809,0.463682,0.463349
2022-08-13 07:45:00,0.144867,0.443205,0.452349,0.446237,0.450106,0.467584,0.468574,0.492215,0.497238,0.48092
2022-08-13 07:50:00,0.140023,0.460845,0.469658,0.463401,0.467186,0.484527,0.484315,0.507422,0.527415,0.498274
2022-08-13 07:55:00,0.144981,0.47774,0.486144,0.478737,0.482025,0.501157,0.499114,0.521766,0.548613,0.515177
2022-08-13 08:00:00,0.155707,0.49385,0.501925,0.492495,0.494884,0.517044,0.513038,0.534959,0.563154,0.531592
2022-08-13 08:05:00,0.161581,0.510102,0.517736,0.506613,0.508196,0.532267,0.526932,0.544493,0.576346,0.548011
2022-08-13 08:10:00,0.157315,0.526509,0.533655,0.521632,0.522424,0.54626,0.541003,0.547906,0.590873,0.564656
2022-08-13 08:15:00,0.146661,0.542691,0.54936,0.537495,0.537405,0.559188,0.554945,0.545008,0.606008,0.5811
2022-08-13 08:20:00,0.142479,0.558483,0.564504,0.553317,0.552557,0.571846,0.568154,0.541907,0.620989,0.596258
2022-08-13 08:25:00,0.148924,0.573208,0.578757,0.56803,0.567442,0.584607,0.580227,0.538107,0.635551,0.608718
2022-08-13 08:30:00,0.162161,0.586897,0.592247,0.581695,0.581944,0.597484,0.591804,0.53564,0.649774,0.618707
2022-08-13 08:35:00,0.177579,0.600605,0.605852,0.59503,0.596102,0.610668,0.604524,0.544173,0.663741,0.612029
2022-08-13 08:40:00,0.190774,0.614368,0.619513,0.608835,0.610056,0.624156,0.619041,0.57047,0.677355,0.582905
2022-08-13 08:45:00,0.202785,0.627861,0.632871,0.622445,0.623733,0.637523,0.633994,0.60526,0.690506,0.534305
2022-08-13 08:50:00,0.223333,0.640872,0.645638,0.635581,0.63678,0.650147,0.647379,0.610899,0.703078,0.481026
2022-08-13 08:55:00,0.253251,0.652664,0.657073,0.647401,0.648467,0.661509,0.657812,0.567158,0.714546,0.441166
2022-08-13 09:00:00,0.288785,0.663308,0.667349,0.658107,0.65898,0.671858,0.666136,0.483915,0.72486,0.413987
2022-08-13 09:05:00,0.31354,0.673908,0.677528,0.668811,0.669582,0.68232,0.674525,0.395084,0.734991,0.386312
2022-08-13 09:10:00,0.319347,0.684792,0.68796,0.679739,0.68019,0.693089,0.682867,0.329129,0.744663,0.361756
2022-08-13 09:15:00,0.311218,0.695638,0.698321,0.69052,0.690439,0.703839,0.690987,0.283693,0.752983,0.342846
2022-08-13 09:20:00,0.29104,0.705881,0.708098,0.700659,0.700187,0.713912,0.69865,0.25183,0.73948,0.349909
2022-08-13 09:25:00,0.260433,0.715318,0.717076,0.709427,0.708865,0.722365,0.704929,0.23484,0.697355,0.399094
2022-08-13 09:30:00,0.223401,0.724128,0.725605,0.717173,0.716485,0.729548,0.710786,0.226861,0.633129,0.474193
2022-08-13 09:35:00,0.180369,0.732673,0.734598,0.725984,0.725037,0.737706,0.717796,0.209784,0.600418,0.547467
2022-08-13 09:40:00,0.137104,0.740788,0.744667,0.736562,0.73526,0.747381,0.726257,0.177471,0.633091,0.603
2022-08-13 09:45:00,0.096225,0.748482,0.755167,0.747637,0.746111,0.757452,0.735077,0.137256,0.706055,0.642097
2022-08-13 09:50:00,0.075832,0.756171,0.764446,0.757527,0.755917,0.766463,0.743328,0.115191,0.740565,0.640576
2022-08-13 09:55:00,0.088142,0.763795,0.770821,0.765107,0.763418,0.773514,0.750757,0.127177,0.711223,0.584561
2022-08-13 10:00:00,0.120451,0.771243,0.775119,0.770966,0.769134,0.779194,0.757607,0.159953,0.635619,0.492645
2022-08-13 10:05:00,0.153115,0.779312,0.77994,0.776847,0.774743,0.784846,0.76425,0.188562,0.594378,0.432342
2022-08-13 10:10:00,0.173779,0.787795,0.786254,0.783871,0.781447,0.791392,0.770636,0.200564,0.63525,0.448374
2022-08-13 10:15:00,0.185458,0.795761,0.793279,0.791376,0.788895,0.797784,0.776391,0.201292,0.723605,0.516164
2022-08-13 10:20:00,0.189468,0.802069,0.799883,0.798667,0.795851,0.784884,0.781021,0.199321,0.784442,0.577447
2022-08-13 10:25:00,0.183963,0.805463,0.805693,0.804103,0.80118,0.74615,0.783987,0.198933,0.787774,0.610686
2022-08-13 10:30:00,0.172117,0.806677,0.810965,0.808193,0.805156,0.689024,0.785858,0.200691,0.752793,0.62443
2022-08-13 10:35:00,0.165793,0.808322,0.81567,0.812486,0.809283,0.645359,0.78809,0.214328,0.696166,0.638253
2022-08-13 10:40:00,0.166644,0.811379,0.819665,0.817306,0.813672,0.64322,0.790259,0.243468,0.638681,0.659874
2022-08-13 10:45:00,0.17257,0.815066,0.823016,0.822066,0.817794,0.667247,0.792325,0.280311,0.582745,0.685159
2022-08-13 10:50:00,0.179087,0.818441,0.825803,0.825877,0.821344,0.693005,0.793552,0.306345,0.546922,0.7075
2022-08-13 10:55:00,0.183412,0.821076,0.827392,0.828382,0.823986,0.703249,0.794216,0.308841,0.546271,0.719281
2022-08-13 11:00:00,0.18747,0.823191,0.827961,0.830032,0.825886,0.704289,0.794146,0.296537,0.567915,0.725686
2022-08-13 11:05:00,0.189657,0.825158,0.829139,0.831391,0.827889,0.701331,0.794422,0.284412,0.590558,0.741531
2022-08-13 11:10:00,0.194312,0.827888,0.83174,0.832415,0.830914,0.699693,0.795889,0.279842,0.60199,0.772473
2022-08-13 11:15:00,0.200262,0.831183,0.834842,0.832947,0.834391,0.69891,0.798046,0.280876,0.604477,0.810205
2022-08-13 11:20:00,0.204919,0.834168,0.837006,0.833203,0.836504,0.675858,0.784946,0.283525,0.605908,0.839883
2022-08-13 11:25:00,0.208167,0.836346,0.836984,0.833256,0.835779,0.629323,0.761385,0.287148,0.604789,0.853615
2022-08-13 11:30:00,0.209374,0.837979,0.835275,0.833019,0.833172,0.569103,0.732352,0.290971,0.60023,0.8568
2022-08-13 11:35:00,0.204873,0.839192,0.83326,0.832909,0.830999,0.518081,0.722086,0.295786,0.5715,0.856858
2022-08-13 11:40:00,0.192919,0.839711,0.83194,0.832941,0.829977,0.505033,0.738752,0.299911,0.510541,0.856259
2022-08-13 11:45:00,0.176149,0.839698,0.831341,0.832889,0.829579,0.519517,0.766477,0.303728,0.430101,0.85528
2022-08-13 11:50:00,0.164332,0.839482,0.830954,0.832921,0.829488,0.54178,0.767871,0.318736,0.359608,0.853934
2022-08-13 11:55:00,0.161313,0.838941,0.830733,0.833339,0.829695,0.573375,0.737228,0.34427,0.321572,0.851978
2022-08-13 12:00:00,0.164417,0.8378,0.830321,0.833788,0.829731,0.607329,0.686456,0.374601,0.306925,0.84927
2022-08-13 12:05:00,0.170582,0.836374,0.829168,0.833355,0.828867,0.641361,0.624859,0.39674,0.316022,0.83646
2022-08-13 12:10:00,0.177272,0.833879,0.826387,0.831468,0.826236,0.67013,0.567606,0.398274,0.347291,0.81228
2022-08-13 12:15:00,0.184047,0.830167,0.822386,0.82841,0.822349,0.693626,0.513486,0.387476,0.390545,0.779188
2022-08-13 12:20:00,0.189695,0.826203,0.81809,0.824896,0.818358,0.708601,0.467419,0.375573,0.41921,0.762109
2022-08-13 12:25:00,0.193424,0.822629,0.81356,0.821401,0.814812,0.709549,0.43477,0.368585,0.418637,0.768113
2022-08-13 12:30:00,0.196307,0.818861,0.808403,0.817829,0.811225,0.702689,0.412415,0.363607,0.397732,0.787804
2022-08-13 12:35:00,0.195852,0.814245,0.803673,0.814281,0.807664,0.706161,0.378872,0.351437,0.365495,0.788734
2022-08-13 12:40:00,0.192899,0.808328,0.799215,0.810597,0.80397,0.725796,0.342174,0.326958,0.326768,0.75921
2022-08-13 12:45:00,0.189135,0.801587,0.794569,0.806428,0.799794,0.752142,0.305378,0.297648,0.28565,0.709035
2022-08-13 12:50:00,0.200671,0.795264,0.790161,0.801235,0.794788,0.774279,0.283904,0.294547,0.283037,0.652698
2022-08-13 12:55:00,0.232172,0.790246,0.786177,0.794237,0.788641,0.781312,0.284465,0.331507,0.328272,0.607736
2022-08-13 13:00:00,0.276683,0.785928,0.781951,0.785959,0.781747,0.779195,0.297897,0.389541,0.405107,0.573672
2022-08-13 13:05:00,0.320342,0.780845,0.776766,0.777861,0.774467,0.773508,0.321222,0.426549,0.497584,0.549329
2022-08-13 13:10:00,0.355219,0.774229,0.770066,0.770193,0.766915,0.765836,0.348118,0.416344,0.587515,0.542434
2022-08-13 13:15:00,0.382586,0.766693,0.762134,0.762581,0.759063,0.75701,0.374527,0.376771,0.665214,0.548677
2022-08-13 13:20:00,0.405307,0.759287,0.754237,0.755315,0.751319,0.748126,0.39939,0.335017,0.716636,0.573336
2022-08-13 13:25:00,0.421115,0.752257,0.747091,0.748598,0.743442,0.739156,0.414177,0.304978,0.731675,0.618997
2022-08-13 13:30:00,0.431523,0.74494,0.740029,0.741787,0.735115,0.729609,0.422566,0.283749,0.72506,0.671029
2022-08-13 13:35:00,0.423289,0.736451,0.73187,0.734044,0.72712,0.719393,0.426465,0.266396,0.715464,0.70693
2022-08-13 13:40:00,0.394176,0.726579,0.721891,0.724545,0.719644,0.708185,0.423636,0.252484,0.70614,0.717477
2022-08-13 13:45:00,0.353996,0.715873,0.710687,0.713814,0.711986,0.696383,0.419092,0.241413,0.696067,0.71266
2022-08-13 13:50:00,0.318876,0.705119,0.69937,0.702902,0.703631,0.684662,0.414732,0.242305,0.687779,0.703104
2022-08-13 13:55:00,0.303392,0.694665,0.68866,0.692452,0.694671,0.67341,0.415962,0.257487,0.676748,0.69223
2022-08-13 14:00:00,0.301893,0.68459,0.678241,0.68223,0.685169,0.662344,0.421035,0.280664,0.664272,0.68073
2022-08-13 14:05:00,0.327765,0.674426,0.666861,0.67205,0.674449,0.651168,0.431388,0.296911,0.653036,0.668758
2022-08-13 14:10:00,0.379258,0.663919,0.653709,0.661653,0.661892,0.639786,0.447917,0.297343,0.642319,0.656379
2022-08-13 14:15:00,0.439463,0.652958,0.639464,0.650854,0.648047,0.628314,0.462591,0.28777,0.631302,0.643547
2022-08-13 14:20:00,0.47253,0.641547,0.62541,0.639706,0.634082,0.617168,0.48148,0.280482,0.611083,0.630299
2022-08-13 14:25:00,0.463898,0.629407,0.612075,0.627915,0.620724,0.606614,0.490618,0.279516,0.579784,0.616194
2022-08-13 14:30:00,0.431097,0.616599,0.599265,0.615425,0.607782,0.596055,0.489963,0.283251,0.542454,0.601475
2022-08-13 14:35:00,0.407453,0.603361,0.587164,0.602512,0.594764,0.584634,0.441462,0.293475,0.514914,0.587838
2022-08-13 14:40:00,0.405026,0.589915,0.576216,0.589298,0.581531,0.571782,0.343459,0.308694,0.504063,0.575722
2022-08-13 14:45:00,0.412415,0.576212,0.565659,0.575709,0.568154,0.557619,0.224115,0.325076,0.501326,0.563809
2022-08-13 14:50:00,0.405752,0.562065,0.553503,0.561675,0.55391,0.542606,0.136,0.329754,0.490363,0.550706
2022-08-13 14:55:00,0.374303,0.547218,0.539659,0.547135,0.539185,0.526951,0.102124,0.317432,0.464343,0.5362
2022-08-13 15:00:00,0.329699,0.531943,0.524561,0.532322,0.524099,0.511136,0.099504,0.295905,0.430136,0.520982
2022-08-13 15:05:00,0.286325,0.516427,0.508882,0.517094,0.508712,0.495753,0.106905,0.279362,0.401701,0.505622
2022-08-13 15:10:00,0.253182,0.500737,0.493047,0.501385,0.493196,0.481342,0.117795,0.274298,0.383095,0.490867
2022-08-13 15:15:00,0.226905,0.485118,0.477144,0.485608,0.477819,0.467208,0.129733,0.275629,0.370783,0.476388
2022-08-13 15:20:00,0.205778,0.470106,0.460944,0.470408,0.463077,0.452063,0.142879,0.28599,0.366867,0.460712
2022-08-13 15:25:00,0.188335,0.455739,0.444108,0.456044,0.449221,0.435452,0.153473,0.300915,0.367606,0.443414
2022-08-13 15:30:00,0.174323,0.441265,0.42692,0.441655,0.435586,0.41822,0.162544,0.314836,0.368289,0.425022
2022-08-13 15:35:00,0.165731,0.425898,0.409542,0.426395,0.420729,0.401462,0.176206,0.303132,0.355479,0.407126
2022-08-13 15:40:00,0.165058,0.409176,0.39207,0.40977,0.404253,0.385676,0.190826,0.262997,0.327243,0.390434
2022-08-13 15:45:00,0.168818,0.391943,0.374807,0.392446,0.387067,0.370053,0.205414,0.209966,0.292783,0.373966
2022-08-13 15:50:00,0.170761,0.374998,0.358226,0.37469,0.370296,0.353535,0.219475,0.167881,0.260808,0.356438
2022-08-13 15:55:00,0.169009,0.35879,0.342732,0.35672,0.354398,0.335881,0.229962,0.148749,0.235792,0.337597
2022-08-13 16:00:00,0.164614,0.342637,0.327729,0.338895,0.338588,0.317532,0.234558,0.143176,0.215537,0.318221
2022-08-13 16:05:00,0.158641,0.325548,0.312374,0.321613,0.321782,0.298858,0.224943,0.139864,0.199798,0.299129
2022-08-13 16:10:00,0.151437,0.307455,0.296532,0.305118,0.304076,0.280143,0.201485,0.135402,0.188967,0.280757
2022-08-13 16:15:00,0.143392,0.289034,0.280079,0.288761,0.285798,0.26171,0.173271,0.130362,0.180747,0.262732
2022-08-13 16:20:00,0.133608,0.270509,0.262775,0.27167,0.267322,0.243435,0.151852,0.130522,0.173463,0.244362
2022-08-13 16:25:00,0.121889,0.251931,0.244721,0.254009,0.24895,0.225218,0.136781,0.135282,0.166578,0.225585
2022-08-13 16:30:00,0.109561,0.233693,0.226538,0.23649,0.231088,0.207422,0.125235,0.139633,0.15851,0.206929
2022-08-13 16:35:00,0.097882,0.216156,0.208515,0.219306,0.213889,0.190458,0.117423,0.137286,0.149295,0.188575
2022-08-13 16:40:00,0.087697,0.199297,0.190999,0.202478,0.197265,0.174077,0.11139,0.12794,0.137839,0.170634
2022-08-13 16:45:00,0.078443,0.182586,0.174225,0.185671,0.180782,0.157825,0.106481,0.115923,0.126226,0.153393
2022-08-13 16:50:00,0.070903,0.166031,0.158065,0.168687,0.164233,0.141734,0.103627,0.103194,0.115574,0.137047
2022-08-13 16:55:00,0.06522,0.149438,0.142633,0.151865,0.148078,0.126467,0.100696,0.091643,0.105724,0.121264
2022-08-13 17:00:00,0.060516,0.13383,0.12818,0.135731,0.132789,0.112398,0.097247,0.082982,0.096246,0.10573
2022-08-13 17:05:00,0.055354,0.118845,0.114134,0.120522,0.118048,0.099139,0.092568,0.076929,0.08548,0.090739
2022-08-13 17:10:00,0.048997,0.104021,0.100258,0.106369,0.103593,0.086088,0.08611,0.071043,0.071947,0.077408
2022-08-13 17:15:00,0.042173,0.089341,0.0868,0.09345,0.089504,0.073324,0.078626,0.064246,0.056479,0.066102
2022-08-13 17:20:00,0.036095,0.075532,0.07428,0.081774,0.076208,0.061779,0.06949,0.057323,0.043422,0.055906
2022-08-13 17:25:00,0.031277,0.063519,0.063544,0.071279,0.064585,0.052423,0.059629,0.051333,0.036988,0.045907
2022-08-13 17:30:00,0.027375,0.053488,0.054942,0.062004,0.055011,0.045159,0.050268,0.046625,0.036149,0.036608
2022-08-13 17:35:00,0.023848,0.045218,0.04808,0.053657,0.047136,0.039187,0.042625,0.042525,0.037026,0.029564
2022-08-13 17:40:00,0.020811,0.038714,0.042684,0.045653,0.040938,0.033776,0.03779,0.038357,0.034729,0.026291
2022-08-13 17:45:00,0.018137,0.034124,0.038723,0.038423,0.036561,0.02994,0.034707,0.034211,0.030382,0.026857
2022-08-13 17:50:00,0.015256,0.031726,0.036733,0.033212,0.033989,0.027252,0.032551,0.02986,0.026012,0.027283
2022-08-13 17:55:00,0.012079,0.031657,0.035639,0.031676,0.033453,0.025466,0.031032,0.025212,0.022443,0.026898
2022-08-13 18:00:00,0.008773,0.031125,0.034092,0.03085,0.032666,0.024157,0.029574,0.020285,0.019258,0.025735
2022-08-13 18:05:00,0.005523,0.029731,0.031728,0.029929,0.031451,0.02258,0.026555,0.015343,0.015395,0.023516
2022-08-13 18:10:00,0.002609,0.027132,0.028341,0.028591,0.029598,0.020408,0.021401,0.010758,0.010687,0.019793
2022-08-13 18:15:00,0.0,0.023588,0.024332,0.026721,0.027149,0.017744,0.015228,0.006483,0.00569,0.01515
2022-08-13 18:20:00,0.0,0.0198,0.020036,0.023888,0.024232,0.014616,0.010051,0.002907,0.001423,0.010747
2022-08-13 18:25:00,0.0,0.016131,0.01587,0.020171,0.020992,0.010982,0.006274,0.000544,0.0,0.00725
2022-08-13 18:30:00,0.0,0.01249,0.011998,0.015819,0.017387,0.007173,0.003683,0.0,0.0,0.004453
2022-08-13 18:35:00,0.0,0.008799,0.00796,0.011321,0.013405,0.003234,0.001494,0.0,0.0,0.001862
2022-08-13 18:40:00,0.0,0.005213,0.00434,0.007096,0.009017,6e-05,0.0,0.0,0.0,0.0
2022-08-13 18:45:00,0.0,0.001872,0.000993,0.003312,0.004377,0.0,0.0,0.0,0.0,0.0
2022-08-13 18:50:00,0.0,0.0,0.0,0.000202,0.000407,0.0,0.0,0.0,0.0,0.0
2022-08-13 18:55:00,0.0,0.0,0.0,0.0,0.0,0.0,0.0,0.0,0.0,0.0
2022-08-13 19:00:00,0.0,0.0,0.0,0.0,0.0,0.0,0.0,0.0,0.0,0.0
2022-08-13 19:05:00,0.0,0.0,0.0,0.0,0.0,0.0,0.0,0.0,0.0,0.0
2022-08-13 19:10:00,0.0,0.0,0.0,0.0,0.0,0.0,0.0,0.0,0.0,0.0
2022-08-13 19:15:00,0.0,0.0,0.0,0.0,0.0,0.0,0.0,0.0,0.0,0.0
2022-08-13 19:20:00,0.0,0.0,0.0,0.0,0.0,0.0,0.0,0.0,0.0,0.0
2022-08-13 19:25:00,0.0,0.0,0.0,0.0,0.0,0.0,0.0,0.0,0.0,0.0
2022-08-13 19:30:00,0.0,0.0,0.0,0.0,0.0,0.0,0.0,0.0,0.0,0.0
2022-08-13 19:35:00,0.0,0.0,0.0,0.0,0.0,0.0,0.0,0.0,0.0,0.0
2022-08-13 19:40:00,0.0,0.0,0.0,0.0,0.0,0.0,0.0,0.0,0.0,0.0
2022-08-13 19:45:00,0.0,0.0,0.0,0.0,0.0,0.0,0.0,0.0,0.0,0.0
2022-08-13 19:50:00,0.0,0.0,0.0,0.0,0.0,0.0,0.0,0.0,0.0,0.0
2022-08-13 19:55:00,0.0,0.0,0.0,0.0,0.0,0.0,0.0,0.0,0.0,0.0
2022-08-13 20:00:00,0.0,0.0,0.0,0.0,0.0,0.0,0.0,0.0,0.0,0.0
2022-08-13 20:05:00,0.0,0.0,0.0,0.0,0.0,0.0,0.0,0.0,0.0,0.0
2022-08-13 20:10:00,0.0,0.0,0.0,0.0,0.0,0.0,0.0,0.0,0.0,0.0
2022-08-13 20:15:00,0.0,0.0,0.0,0.0,0.0,0.0,0.0,0.0,0.0,0.0
2022-08-13 20:20:00,0.0,0.0,0.0,0.0,0.0,0.0,0.0,0.0,0.0,0.0
2022-08-13 20:25:00,0.0,0.0,0.0,0.0,0.0,0.0,0.0,0.0,0.0,0.0
2022-08-13 20:30:00,0.0,0.0,0.0,0.0,0.0,0.0,0.0,0.0,0.0,0.0
2022-08-13 20:35:00,0.0,0.0,0.0,0.0,0.0,0.0,0.0,0.0,0.0,0.0
2022-08-13 20:40:00,0.0,0.0,0.0,0.0,0.0,0.0,0.0,0.0,0.0,0.0
2022-08-13 20:45:00,0.0,0.0,0.0,0.0,0.0,0.0,0.0,0.0,0.0,0.0
2022-08-13 20:50:00,0.0,0.0,0.0,0.0,0.0,0.0,0.0,0.0,0.0,0.0
2022-08-13 20:55:00,0.0,0.0,0.0,0.0,0.0,0.0,0.0,0.0,0.0,0.0
2022-08-13 21:00:00,0.0,0.0,0.0,0.0,0.0,0.0,0.0,0.0,0.0,0.0
2022-08-13 21:05:00,0.0,0.0,0.0,0.0,0.0,0.0,0.0,0.0,0.0,0.0
2022-08-13 21:10:00,0.0,0.0,0.0,0.0,0.0,0.0,0.0,0.0,0.0,0.0
2022-08-13 21:15:00,0.0,0.0,0.0,0.0,0.0,0.0,0.0,0.0,0.0,0.0
2022-08-13 21:20:00,0.0,0.0,0.0,0.0,0.0,0.0,0.0,0.0,0.0,0.0
2022-08-13 21:25:00,0.0,0.0,0.0,0.0,0.0,0.0,0.0,0.0,0.0,0.0
2022-08-13 21:30:00,0.0,0.0,0.0,0.0,0.0,0.0,0.0,0.0,0.0,0.0
2022-08-13 21:35:00,0.0,0.0,0.0,0.0,0.0,0.0,0.0,0.0,0.0,0.0
2022-08-13 21:40:00,0.0,0.0,0.0,0.0,0.0,0.0,0.0,0.0,0.0,0.0
2022-08-13 21:45:00,0.0,0.0,0.0,0.0,0.0,0.0,0.0,0.0,0.0,0.0
2022-08-13 21:50:00,0.0,0.0,0.0,0.0,0.0,0.0,0.0,0.0,0.0,0.0
2022-08-13 21:55:00,0.0,0.0,0.0,0.0,0.0,0.0,0.0,0.0,0.0,0.0
2022-08-13 22:00:00,0.0,0.0,0.0,0.0,0.0,0.0,0.0,0.0,0.0,0.0
2022-08-13 22:05:00,0.0,0.0,0.0,0.0,0.0,0.0,0.0,0.0,0.0,0.0
2022-08-13 22:10:00,0.0,0.0,0.0,0.0,0.0,0.0,0.0,0.0,0.0,0.0
2022-08-13 22:15:00,0.0,0.0,0.0,0.0,0.0,0.0,0.0,0.0,0.0,0.0
2022-08-13 22:20:00,0.0,0.0,0.0,0.0,0.0,0.0,0.0,0.0,0.0,0.0
2022-08-13 22:25:00,0.0,0.0,0.0,0.0,0.0,0.0,0.0,0.0,0.0,0.0
2022-08-13 22:30:00,0.0,0.0,0.0,0.0,0.0,0.0,0.0,0.0,0.0,0.0
2022-08-13 22:35:00,0.0,0.0,0.0,0.0,0.0,0.0,0.0,0.0,0.0,0.0
2022-08-13 22:40:00,0.0,0.0,0.0,0.0,0.0,0.0,0.0,0.0,0.0,0.0
2022-08-13 22:45:00,0.0,0.0,0.0,0.0,0.0,0.0,0.0,0.0,0.0,0.0
2022-08-13 22:50:00,0.0,0.0,0.0,0.0,0.0,0.0,0.0,0.0,0.0,0.0
2022-08-13 22:55:00,0.0,0.0,0.0,0.0,0.0,0.0,0.0,0.0,0.0,0.0
2022-08-13 23:00:00,0.0,0.0,0.0,0.0,0.0,0.0,0.0,0.0,0.0,0.0
2022-08-13 23:05:00,0.0,0.0,0.0,0.0,0.0,0.0,0.0,0.0,0.0,0.0
2022-08-13 23:10:00,0.0,0.0,0.0,0.0,0.0,0.0,0.0,0.0,0.0,0.0
2022-08-13 23:15:00,0.0,0.0,0.0,0.0,0.0,0.0,0.0,0.0,0.0,0.0
2022-08-13 23:20:00,0.0,0.0,0.0,0.0,0.0,0.0,0.0,0.0,0.0,0.0
2022-08-13 23:25:00,0.0,0.0,0.0,0.0,0.0,0.0,0.0,0.0,0.0,0.0
2022-08-13 23:30:00,0.0,0.0,0.0,0.0,0.0,0.0,0.0,0.0,0.0,0.0
2022-08-13 23:35:00,0.0,0.0,0.0,0.0,0.0,0.0,0.0,0.0,0.0,0.0
2022-08-13 23:40:00,0.0,0.0,0.0,0.0,0.0,0.0,0.0,0.0,0.0,0.0
2022-08-13 23:45:00,0.0,0.0,0.0,0.0,0.0,0.0,0.0,0.0,0.0,0.0
2022-08-13 23:50:00,0.0,0.0,0.0,0.0,0.0,0.0,0.0,0.0,0.0,0.0
2022-08-13 23:55:00,0.0,0.0,0.0,0.0,0.0,0.0,0.0,0.0,0.0,0.0
2022-08-14 00:00:00,0.0,0.0,0.0,0.0,0.0,0.0,0.0,0.0,0.0,0.0
2022-08-14 00:05:00,0.0,0.0,0.0,0.0,0.0,0.0,0.0,0.0,0.0,0.0
2022-08-14 00:10:00,0.0,0.0,0.0,0.0,0.0,0.0,0.0,0.0,0.0,0.0
2022-08-14 00:15:00,0.0,0.0,0.0,0.0,0.0,0.0,0.0,0.0,0.0,0.0
2022-08-14 00:20:00,0.0,0.0,0.0,0.0,0.0,0.0,0.0,0.0,0.0,0.0
2022-08-14 00:25:00,0.0,0.0,0.0,0.0,0.0,0.0,0.0,0.0,0.0,0.0
2022-08-14 00:30:00,0.0,0.0,0.0,0.0,0.0,0.0,0.0,0.0,0.0,0.0
2022-08-14 00:35:00,0.0,0.0,0.0,0.0,0.0,0.0,0.0,0.0,0.0,0.0
2022-08-14 00:40:00,0.0,0.0,0.0,0.0,0.0,0.0,0.0,0.0,0.0,0.0
2022-08-14 00:45:00,0.0,0.0,0.0,0.0,0.0,0.0,0.0,0.0,0.0,0.0
2022-08-14 00:50:00,0.0,0.0,0.0,0.0,0.0,0.0,0.0,0.0,0.0,0.0
2022-08-14 00:55:00,0.0,0.0,0.0,0.0,0.0,0.0,0.0,0.0,0.0,0.0
2022-08-14 01:00:00,0.0,0.0,0.0,0.0,0.0,0.0,0.0,0.0,0.0,0.0
2022-08-14 01:05:00,0.0,0.0,0.0,0.0,0.0,0.0,0.0,0.0,0.0,0.0
2022-08-14 01:10:00,0.0,0.0,0.0,0.0,0.0,0.0,0.0,0.0,0.0,0.0
2022-08-14 01:15:00,0.0,0.0,0.0,0.0,0.0,0.0,0.0,0.0,0.0,0.0
2022-08-14 01:20:00,0.0,0.0,0.0,0.0,0.0,0.0,0.0,0.0,0.0,0.0
2022-08-14 01:25:00,0.0,0.0,0.0,0.0,0.0,0.0,0.0,0.0,0.0,0.0
2022-08-14 01:30:00,0.0,0.0,0.0,0.0,0.0,0.0,0.0,0.0,0.0,0.0
2022-08-14 01:35:00,0.0,0.0,0.0,0.0,0.0,0.0,0.0,0.0,0.0,0.0
2022-08-14 01:40:00,0.0,0.0,0.0,0.0,0.0,0.0,0.0,0.0,0.0,0.0
2022-08-14 01:45:00,0.0,0.0,0.0,0.0,0.0,0.0,0.0,0.0,0.0,0.0
2022-08-14 01:50:00,0.0,0.0,0.0,0.0,0.0,0.0,0.0,0.0,0.0,0.0
2022-08-14 01:55:00,0.0,0.0,0.0,0.0,0.0,0.0,0.0,0.0,0.0,0.0
2022-08-14 02:00:00,0.0,0.0,0.0,0.0,0.0,0.0,0.0,0.0,0.0,0.0
2022-08-14 02:05:00,0.0,0.0,0.0,0.0,0.0,0.0,0.0,0.0,0.0,0.0
2022-08-14 02:10:00,0.0,0.0,0.0,0.0,0.0,0.0,0.0,0.0,0.0,0.0
2022-08-14 02:15:00,0.0,0.0,0.0,0.0,0.0,0.0,0.0,0.0,0.0,0.0
2022-08-14 02:20:00,0.0,0.0,0.0,0.0,0.0,0.0,0.0,0.0,0.0,0.0
2022-08-14 02:25:00,0.0,0.0,0.0,0.0,0.0,0.0,0.0,0.0,0.0,0.0
2022-08-14 02:30:00,0.0,0.0,0.0,0.0,0.0,0.0,0.0,0.0,0.0,0.0
2022-08-14 02:35:00,0.0,0.0,0.0,0.0,0.0,0.0,0.0,0.0,0.0,0.0
2022-08-14 02:40:00,0.0,0.0,0.0,0.0,0.0,0.0,0.0,0.0,0.0,0.0
2022-08-14 02:45:00,0.0,0.0,0.0,0.0,0.0,0.0,0.0,0.0,0.0,0.0
2022-08-14 02:50:00,0.0,0.0,0.0,0.0,0.0,0.0,0.0,0.0,0.0,0.0
2022-08-14 02:55:00,0.0,0.0,0.0,0.0,0.0,0.0,0.0,0.0,0.0,0.0
2022-08-14 03:00:00,0.0,0.0,0.0,0.0,0.0,0.0,0.0,0.0,0.0,0.0
2022-08-14 03:05:00,0.0,0.0,0.0,0.0,0.0,0.0,0.0,0.0,0.0,0.0
2022-08-14 03:10:00,0.0,0.0,0.0,0.0,0.0,0.0,0.0,0.0,0.0,0.0
2022-08-14 03:15:00,0.0,0.0,0.0,0.0,0.0,0.0,0.0,0.0,0.0,0.0
2022-08-14 03:20:00,0.0,0.0,0.0,0.0,0.0,0.0,0.0,0.0,0.0,0.0
2022-08-14 03:25:00,0.0,0.0,0.0,0.0,0.0,0.0,0.0,0.0,0.0,0.0
2022-08-14 03:30:00,0.0,0.0,0.0,0.0,0.0,0.0,0.0,0.0,0.0,0.0
2022-08-14 03:35:00,0.0,0.0,0.0,0.0,0.0,0.0,0.0,0.0,0.0,0.0
2022-08-14 03:40:00,0.0,0.0,0.0,0.0,0.0,0.0,0.0,0.0,0.0,0.0
2022-08-14 03:45:00,0.0,0.0,0.0,0.0,0.0,0.0,0.0,0.0,0.0,0.0
2022-08-14 03:50:00,0.0,0.0,0.0,0.0,0.0,0.0,0.0,0.0,0.0,0.0
2022-08-14 03:55:00,0.0,0.0,0.0,0.0,0.0,0.0,0.0,0.0,0.0,0.0
2022-08-14 04:00:00,0.0,0.0,0.0,0.0,0.0,0.0,0.0,0.0,0.0,0.0
2022-08-14 04:05:00,0.0,0.0,0.0,0.0,0.0,0.0,0.0,0.0,0.0,0.0
2022-08-14 04:10:00,0.0,0.0,0.0,0.0,0.0,0.0,0.0,0.0,0.0,0.0
2022-08-14 04:15:00,0.002126,0.0,0.0,0.0,0.0,0.0,0.000404,0.0,0.0,0.0
2022-08-14 04:20:00,0.00581,0.0,0.0,0.0,0.0,0.0,0.002794,0.00247,0.001706,0.0
2022-08-14 04:25:00,0.010115,0.0,0.000263,0.0,0.0,0.000643,0.006104,0.006986,0.006183,0.000475
2022-08-14 04:30:00,0.014835,0.00277,0.003605,0.001893,0.002678,0.004543,0.009807,0.012622,0.011564,0.004152
2022-08-14 04:35:00,0.018081,0.00625,0.007048,0.005346,0.005896,0.008293,0.014271,0.017878,0.016982,0.008095
2022-08-14 04:40:00,0.019795,0.009731,0.010477,0.009018,0.008822,0.011339,0.018772,0.02217,0.021934,0.011916
2022-08-14 04:45:00,0.020503,0.013309,0.013986,0.012927,0.011814,0.014205,0.023572,0.025917,0.026507,0.015653
2022-08-14 04:50:00,0.021567,0.017328,0.017939,0.016891,0.015354,0.017951,0.02845,0.029632,0.030845,0.019271
2022-08-14 04:55:00,0.024011,0.021474,0.022569,0.02076,0.019586,0.023024,0.033175,0.033669,0.034878,0.022443
2022-08-14 05:00:00,0.027229,0.025626,0.027604,0.024807,0.024315,0.028852,0.037659,0.038008,0.038352,0.025269
2022-08-14 05:05:00,0.031108,0.030376,0.03285,0.029252,0.02954,0.034556,0.041396,0.042846,0.03919,0.029506
2022-08-14 05:10:00,0.035508,0.035375,0.037932,0.034231,0.035037,0.039551,0.045117,0.048704,0.037338,0.035152
2022-08-14 05:15:00,0.040601,0.040778,0.042625,0.039653,0.040531,0.044081,0.048706,0.055494,0.035344,0.041709
2022-08-14 05:20:00,0.04904,0.046042,0.046874,0.045067,0.045709,0.048396,0.053287,0.062891,0.037638,0.048586
2022-08-14 05:25:00,0.061564,0.050693,0.050757,0.050107,0.050622,0.053391,0.060133,0.070797,0.045075,0.056006
2022-08-14 05:30:00,0.077477,0.05471,0.054918,0.054625,0.055275,0.059705,0.068075,0.079036,0.055555,0.064094
2022-08-14 05:35:00,0.093575,0.059948,0.058932,0.059372,0.057819,0.064597,0.07478,0.08755,0.066738,0.072186
2022-08-14 05:40:00,0.106987,0.066437,0.063401,0.0645,0.059161,0.068554,0.081578,0.096335,0.078597,0.080016
2022-08-14 05:45:00,0.117896,0.073893,0.069014,0.070314,0.061485,0.073395,0.089098,0.105561,0.091483,0.088003
2022-08-14 05:50:00,0.128679,0.081758,0.076609,0.077338,0.067026,0.081091,0.099787,0.115688,0.106151,0.09505
2022-08-14 05:55:00,0.139425,0.089986,0.085775,0.085262,0.075826,0.091578,0.110632,0.126273,0.122277,0.102749
2022-08-14 06:00:00,0.150578,0.098468,0.096128,0.093929,0.0867,0.103923,0.120476,0.136818,0.139029,0.112804
2022-08-14 06:05:00,0.161145,0.107053,0.107761,0.102411,0.098914,0.118032,0.130265,0.147495,0.15601,0.125413
2022-08-14 06:10:00,0.169977,0.116628,0.120591,0.111631,0.112252,0.133498,0.140603,0.158128,0.173435,0.14015
2022-08-14 06:15:00,0.176703,0.127748,0.134481,0.123593,0.126728,0.149384,0.152037,0.168719,0.191811,0.156182
2022-08-14 06:20:00,0.181497,0.140273,0.149243,0.138863,0.142367,0.165213,0.162894,0.179202,0.210793,0.17327
2022-08-14 06:25:00,0.185661,0.15467,0.164624,0.155404,0.158527,0.181238,0.171183,0.189129,0.229504,0.190885
2022-08-14 06:30:00,0.18941,0.171369,0.180614,0.171565,0.174527,0.197849,0.176992,0.198357,0.247668,0.208281
2022-08-14 06:35:00,0.190851,0.189876,0.197297,0.187474,0.190533,0.215369,0.187921,0.208885,0.265866,0.225761
2022-08-14 06:40:00,0.191348,0.208493,0.21463,0.204089,0.207163,0.233477,0.207509,0.223517,0.284537,0.243874
2022-08-14 06:45:00,0.192118,0.22673,0.232504,0.221532,0.224545,0.251858,0.234454,0.241344,0.303771,0.262871
2022-08-14 06:50:00,0.203373,0.244753,0.250259,0.239176,0.241953,0.270262,0.257201,0.261546,0.323066,0.281995
2022-08-14 06:55:00,0.232366,0.261912,0.267021,0.256022,0.258465,0.28773,0.269566,0.282259,0.341416,0.300183
2022-08-14 07:00:00,0.273699,0.278073,0.282694,0.271895,0.274034,0.304151,0.27459,0.303479,0.358687,0.31734
2022-08-14 07:05:00,0.313458,0.294412,0.298128,0.287889,0.289793,0.320305,0.283265,0.319928,0.376116,0.334503
2022-08-14 07:10:00,0.338103,0.311839,0.313634,0.304959,0.306665,0.337697,0.304269,0.327844,0.394622,0.352323
2022-08-14 07:15:00,0.351655,0.330091,0.328992,0.32283,0.324376,0.355548,0.332677,0.328982,0.41384,0.370796
2022-08-14 07:20:00,0.364197,0.348629,0.344471,0.340842,0.342379,0.373167,0.360472,0.338105,0.432576,0.389798
2022-08-14 07:25:00,0.380516,0.366746,0.360522,0.358439,0.360297,0.389285,0.381257,0.364521,0.449308,0.408728
2022-08-14 07:30:00,0.399873,0.384298,0.376998,0.375642,0.378103,0.403902,0.396612,0.403404,0.464249,0.427263
2022-08-14 07:35:00,0.413827,0.401919,0.393842,0.393103,0.395746,0.418708,0.413203,0.440345,0.479559,0.445861
2022-08-14 07:40:00,0.418809,0.419639,0.410928,0.410717,0.413227,0.434799,0.428969,0.465179,0.496365,0.464534
2022-08-14 07:45:00,0.417486,0.437158,0.428068,0.428093,0.430466,0.451743,0.44475,0.480703,0.514022,0.482897
2022-08-14 07:50:00,0.420846,0.453717,0.444788,0.444576,0.446647,0.468715,0.460033,0.49365,0.530823,0.499931
2022-08-14 07:55:00,0.438583,0.468275,0.460649,0.459287,0.460567,0.484984,0.474998,0.507012,0.545411,0.514689
2022-08-14 08:00:00,0.466607,0.481139,0.475791,0.472546,0.472776,0.500433,0.489628,0.520787,0.558216,0.527912
2022-08-14 08:05:00,0.497216,0.494478,0.490888,0.485766,0.485417,0.515235,0.504175,0.534901,0.571282,0.54159
2022-08-14 08:10:00,0.52612,0.508661,0.506246,0.499996,0.499582,0.528587,0.518542,0.549226,0.585584,0.556568
2022-08-14 08:15:00,0.55304,0.52349,0.521617,0.514898,0.514473,0.540592,0.532595,0.563412,0.600582,0.572338
2022-08-14 08:20:00,0.576256,0.538214,0.536442,0.52978,0.529254,0.552507,0.545976,0.576946,0.615446,0.587976
2022-08-14 08:25:00,0.593095,0.552246,0.550319,0.543958,0.543303,0.56501,0.558178,0.589347,0.629314,0.602503
2022-08-14 08:30:00,0.604557,0.565711,0.563362,0.557398,0.556554,0.577843,0.569488,0.600727,0.642176,0.616031
2022-08-14 08:35:00,0.606271,0.57931,0.576462,0.570841,0.569603,0.591119,0.580758,0.611952,0.655075,0.629643
2022-08-14 08:40:00,0.596198,0.593077,0.589705,0.584422,0.582639,0.604481,0.592199,0.62311,0.668348,0.64352
2022-08-14 08:45:00,0.576796,0.606488,0.602559,0.597686,0.595443,0.617299,0.603537,0.633992,0.681404,0.657202
2022-08-14 08:50:00,0.547496,0.619185,0.614813,0.610363,0.607584,0.629622,0.614315,0.64437,0.693779,0.670237
2022-08-14 08:55:00,0.512884,0.630632,0.626046,0.621942,0.618603,0.640555,0.623798,0.653468,0.704398,0.682083
2022-08-14 09:00:00,0.476463,0.640935,0.636519,0.632416,0.628759,0.650629,0.632054,0.661535,0.713913,0.692809
2022-08-14 09:05:00,0.463062,0.651166,0.646864,0.642809,0.638871,0.661351,0.625003,0.670268,0.723769,0.703644
2022-08-14 09:10:00,0.488204,0.661593,0.657101,0.653265,0.649027,0.673652,0.605641,0.680542,0.733977,0.71474
2022-08-14 09:15:00,0.537382,0.671963,0.666971,0.663513,0.658886,0.686916,0.576408,0.691557,0.743922,0.725543
2022-08-14 09:20:00,0.578103,0.681881,0.67615,0.67304,0.668144,0.699276,0.573625,0.701471,0.753019,0.73553
2022-08-14 09:25:00,0.59412,0.691211,0.68397,0.681422,0.676269,0.708853,0.597258,0.708796,0.760519,0.743842
2022-08-14 09:30:00,0.593627,0.70004,0.690918,0.688921,0.683597,0.716109,0.631422,0.714247,0.76689,0.750752
2022-08-14 09:35:00,0.59187,0.709267,0.698734,0.69711,0.69161,0.723169,0.634413,0.720164,0.774038,0.757844
2022-08-14 09:40:00,0.596322,0.719486,0.708145,0.706724,0.700915,0.730401,0.589283,0.727586,0.782857,0.765389
2022-08-14 09:45:00,0.604899,0.730151,0.718056,0.716967,0.710579,0.73738,0.514595,0.735658,0.792166,0.77276
2022-08-14 09:50:00,0.613858,0.739593,0.726619,0.726489,0.719331,0.743927,0.471477,0.742581,0.800277,0.779456
2022-08-14 09:55:00,0.62263,0.74608,0.732486,0.734106,0.72613,0.74962,0.481352,0.746683,0.806371,0.785288
2022-08-14 10:00:00,0.632621,0.75024,0.73648,0.740116,0.731465,0.754678,0.524694,0.748323,0.811296,0.790733
2022-08-14 10:05:00,0.651595,0.754843,0.741205,0.745917,0.736889,0.759978,0.581582,0.750986,0.816299,0.796587
2022-08-14 10:10:00,0.684283,0.761336,0.74756,0.752577,0.743355,0.766211,0.638976,0.754641,0.821937,0.80323
2022-08-14 10:15:00,0.722945,0.768857,0.754458,0.759804,0.750432,0.772887,0.691338,0.757694,0.827739,0.810144
2022-08-14 10:20:00,0.75413,0.775876,0.760923,0.766435,0.756921,0.779023,0.715033,0.762683,0.832978,0.816264
2022-08-14 10:25:00,0.768804,0.781127,0.766536,0.771479,0.761836,0.783636,0.704344,0.765849,0.836773,0.820834
2022-08-14 10:30:00,0.772936,0.785017,0.771464,0.77531,0.765237,0.787063,0.673735,0.767328,0.839335,0.824269
2022-08-14 10:35:00,0.775025,0.788998,0.775799,0.779151,0.769271,0.790651,0.614991,0.771572,0.841916,0.82778
2022-08-14 10:40:00,0.778336,0.793082,0.779731,0.783231,0.773237,0.794475,0.547475,0.7753,0.844618,0.831556
2022-08-14 10:45:00,0.782301,0.796752,0.782629,0.787152,0.776735,0.798042,0.478809,0.778185,0.847009,0.835124
2022-08-14 10:50:00,0.785648,0.799893,0.786153,0.790554,0.780119,0.800852,0.407004,0.78205,0.848785,0.837845
2022-08-14 10:55:00,0.787429,0.802428,0.787481,0.793056,0.782191,0.802079,0.365531,0.782017,0.849614,0.838928
2022-08-14 11:00:00,0.787859,0.804633,0.786797,0.794826,0.782873,0.801966,0.344646,0.778315,0.849641,0.838736
2022-08-14 11:05:00,0.788309,0.806823,0.78889,0.796734,0.785548,0.802557,0.329955,0.766843,0.849835,0.839139
2022-08-14 11:10:00,0.788985,0.80968,0.791338,0.799714,0.788377,0.804567,0.334359,0.741436,0.850864,0.840958
2022-08-14 11:15:00,0.789388,0.812815,0.794128,0.803299,0.789819,0.807133,0.34842,0.706105,0.852377,0.843409
2022-08-14 11:20:00,0.789197,0.814711,0.796756,0.806273,0.794049,0.809113,0.366388,0.673301,0.853774,0.845454
2022-08-14 11:25:00,0.787939,0.813954,0.798178,0.807391,0.795045,0.809409,0.387593,0.65024,0.854679,0.846355
2022-08-14 11:30:00,0.785655,0.811508,0.798195,0.807104,0.792881,0.80835,0.409365,0.635046,0.854802,0.846343
2022-08-14 11:35:00,0.772072,0.800567,0.775055,0.806924,0.782243,0.807422,0.421281,0.625682,0.854293,0.845997
2022-08-14 11:40:00,0.746211,0.780874,0.723695,0.807089,0.756565,0.806769,0.423353,0.622135,0.852848,0.845362
2022-08-14 11:45:00,0.712141,0.75357,0.650678,0.806153,0.719969,0.805915,0.419109,0.622133,0.850499,0.844392
2022-08-14 11:50:00,0.69393,0.722816,0.55854,0.806069,0.688057,0.804928,0.402126,0.626982,0.847902,0.843202
2022-08-14 11:55:00,0.703712,0.690952,0.469712,0.804301,0.669263,0.803955,0.377964,0.635377,0.845515,0.841397
2022-08-14 12:00:00,0.729001,0.660479,0.386347,0.801434,0.660497,0.802865,0.352719,0.64502,0.842959,0.838707
2022-08-14 12:05:00,0.751898,0.642876,0.327763,0.798668,0.671859,0.800975,0.340942,0.649015,0.839361,0.835437
2022-08-14 12:10:00,0.760031,0.646685,0.307747,0.795114,0.700508,0.797716,0.35332,0.642534,0.834249,0.831088
2022-08-14 12:15:00,0.758904,0.664467,0.313432,0.790938,0.738119,0.79354,0.378336,0.629625,0.828501,0.825923
2022-08-14 12:20:00,0.743995,0.676294,0.331045,0.786917,0.767707,0.788904,0.416691,0.61911,0.823129,0.820825
2022-08-14 12:25:00,0.71596,0.678662,0.35019,0.782556,0.779039,0.783626,0.459015,0.615001,0.818315,0.815898
2022-08-14 12:30:00,0.6807,0.674862,0.368688,0.777562,0.777325,0.77788,0.500245,0.61438,0.8136,0.810919
2022-08-14 12:35:00,0.658696,0.66762,0.404907,0.77306,0.758067,0.772506,0.530345,0.615835,0.808897,0.805926
2022-08-14 12:40:00,0.66448,0.66274,0.451327,0.768832,0.717545,0.767466,0.542081,0.614874,0.803376,0.800651
2022-08-14 12:45:00,0.685543,0.657579,0.504062,0.764552,0.662629,0.762282,0.542317,0.612299,0.796725,0.794975
2022-08-14 12:50:00,0.702607,0.644259,0.566074,0.759558,0.633787,0.757109,0.523874,0.613277,0.789934,0.789307
2022-08-14 12:55:00,0.707336,0.619281,0.626948,0.753703,0.648719,0.752204,0.48993,0.616439,0.783618,0.784058
2022-08-14 13:00:00,0.70381,0.588487,0.681621,0.747216,0.689013,0.747293,0.45008,0.620379,0.77715,0.778619
2022-08-14 13:05:00,0.696982,0.554334,0.704702,0.728976,0.708589,0.7416,0.460436,0.612769,0.769503,0.77202
2022-08-14 13:10:00,0.688166,0.528129,0.689066,0.698402,0.693295,0.734382,0.516611,0.590383,0.760197,0.763724
2022-08-14 13:15:00,0.678292,0.508438,0.648583,0.659263,0.655442,0.726145,0.583949,0.560145,0.749893,0.754422
2022-08-14 13:20:00,0.668555,0.492951,0.596648,0.638188,0.599361,0.717888,0.63602,0.531433,0.739682,0.744864
2022-08-14 13:25:00,0.659502,0.48804,0.547139,0.644258,0.538254,0.709939,0.641513,0.515328,0.72978,0.735199
2022-08-14 13:30:00,0.650727,0.488897,0.501546,0.664619,0.476033,0.702,0.623245,0.507078,0.71992,0.725342
2022-08-14 13:35:00,0.641537,0.501246,0.479868,0.670413,0.430406,0.693801,0.584458,0.497965,0.710061,0.715901
2022-08-14 13:40:00,0.631913,0.522182,0.491518,0.64805,0.41777,0.68524,0.52875,0.485657,0.699972,0.706697
2022-08-14 13:45:00,0.621938,0.545708,0.521298,0.608528,0.424595,0.67563,0.464204,0.471997,0.689456,0.697169
2022-08-14 13:50:00,0.611667,0.551997,0.535526,0.568233,0.415646,0.666846,0.392224,0.477014,0.678362,0.687057
2022-08-14 13:55:00,0.6009,0.533235,0.519362,0.540716,0.377071,0.656878,0.32706,0.501578,0.666608,0.676201
2022-08-14 14:00:00,0.58983,0.499662,0.483601,0.522589,0.321921,0.645489,0.269172,0.533181,0.654512,0.664844
2022-08-14 14:05:00,0.578426,0.490014,0.433638,0.504821,0.298952,0.620572,0.24157,0.556777,0.642779,0.644348
2022-08-14 14:10:00,0.566858,0.514422,0.376726,0.487132,0.326416,0.578824,0.247845,0.559635,0.632097,0.614852
2022-08-14 14:15:00,0.554986,0.553875,0.318935,0.469775,0.383984,0.527805,0.27232,0.547596,0.621593,0.580679
2022-08-14 14:20:00,0.542409,0.564624,0.278247,0.459812,0.411823,0.477197,0.282473,0.531001,0.609813,0.545149
2022-08-14 14:25:00,0.529046,0.529402,0.270014,0.459715,0.3922,0.441499,0.274361,0.503776,0.596214,0.516557
2022-08-14 14:30:00,0.515233,0.466227,0.283799,0.4642,0.344111,0.417011,0.259016,0.471525,0.581604,0.493037
2022-08-14 14:35:00,0.500985,0.416256,0.305297,0.479048,0.299983,0.407926,0.250606,0.44191,0.567229,0.468748
2022-08-14 14:40:00,0.486385,0.400383,0.332519,0.496934,0.284031,0.417356,0.260305,0.41658,0.553774,0.445925
2022-08-14 14:45:00,0.471651,0.407553,0.359435,0.513665,0.286274,0.433802,0.278655,0.394823,0.540594,0.424425
2022-08-14 14:50:00,0.449074,0.426237,0.367825,0.495617,0.291628,0.427059,0.310545,0.357749,0.526546,0.397435
2022-08-14 14:55:00,0.41895,0.449419,0.351821,0.435116,0.295283,0.386977,0.345829,0.305365,0.511216,0.370094
2022-08-14 15:00:00,0.385854,0.471093,0.32277,0.349694,0.297818,0.330425,0.375267,0.245448,0.494978,0.3428
2022-08-14 15:05:00,0.363101,0.482716,0.318227,0.304542,0.318001,0.289817,0.389637,0.203562,0.477741,0.341457
2022-08-14 15:10:00,0.356012,0.478704,0.347867,0.323465,0.354922,0.287306,0.378281,0.192674,0.459832,0.367389
2022-08-14 15:15:00,0.356278,0.465122,0.391704,0.375508,0.395663,0.305729,0.356821,0.200455,0.441701,0.402419
2022-08-14 15:20:00,0.352815,0.434134,0.422083,0.414055,0.414098,0.324401,0.340573,0.214982,0.423281,0.415421
2022-08-14 15:25:00,0.341622,0.387141,0.425316,0.417555,0.401755,0.332036,0.334437,0.226299,0.404377,0.394137
2022-08-14 15:30:00,0.326078,0.331681,0.412921,0.400209,0.372842,0.331173,0.331148,0.233669,0.385196,0.353434
2022-08-14 15:35:00,0.309956,0.286625,0.396754,0.371819,0.332859,0.316279,0.315768,0.232772,0.366089,0.315499
2022-08-14 15:40:00,0.29469,0.261111,0.379792,0.337014,0.290747,0.287354,0.289395,0.220465,0.346814,0.285089
2022-08-14 15:45:00,0.279743,0.248958,0.361942,0.300927,0.249056,0.252073,0.25849,0.20202,0.327642,0.261699
2022-08-14 15:50:00,0.264161,0.233024,0.335793,0.270455,0.218078,0.226613,0.228542,0.186585,0.309249,0.242698
2022-08-14 15:55:00,0.247946,0.212036,0.300623,0.251387,0.203264,0.217063,0.202023,0.176187,0.291851,0.229884
2022-08-14 16:00:00,0.231802,0.187885,0.26205,0.239502,0.198258,0.216099,0.178607,0.169013,0.274984,0.22035
2022-08-14 16:05:00,0.215582,0.175525,0.222433,0.23098,0.200594,0.215914,0.156706,0.162665,0.257947,0.19665
2022-08-14 16:10:00,0.1993,0.177662,0.185141,0.226027,0.205695,0.211555,0.138343,0.156123,0.240588,0.158091
2022-08-14 16:15:00,0.183375,0.187488,0.15065,0.222005,0.211124,0.203959,0.123058,0.149312,0.222894,0.112895
2022-08-14 16:20:00,0.168154,0.192916,0.130237,0.21077,0.213397,0.190003,0.113196,0.14629,0.20495,0.09176
2022-08-14 16:25:00,0.153574,0.189028,0.128883,0.192074,0.20944,0.169429,0.110391,0.144396,0.187036,0.106453
2022-08-14 16:30:00,0.139686,0.179508,0.137819,0.17056,0.200759,0.146506,0.110873,0.141115,0.169615,0.138393
2022-08-14 16:35:00,0.126473,0.160881,0.14173,0.153364,0.184588,0.128504,0.109576,0.134613,0.152753,0.160229
2022-08-14 16:40:00,0.113585,0.134614,0.13351,0.143345,0.161841,0.116633,0.104952,0.124345,0.136616,0.160924
2022-08-14 16:45:00,0.100914,0.105435,0.118428,0.13694,0.137747,0.108508,0.098447,0.112661,0.121298,0.148483
2022-08-14 16:50:00,0.088819,0.084821,0.106784,0.128822,0.113255,0.098246,0.091782,0.101581,0.106571,0.127591
2022-08-14 16:55:00,0.07799,0.078972,0.101299,0.118249,0.089388,0.08536,0.085489,0.091245,0.094546,0.101863
2022-08-14 17:00:00,0.06879,0.081728,0.099379,0.106914,0.066109,0.071567,0.079439,0.081837,0.086915,0.078175
2022-08-14 17:05:00,0.060934,0.083536,0.095648,0.099103,0.048881,0.060222,0.074203,0.073087,0.081092,0.063883
2022-08-14 17:10:00,0.054206,0.080111,0.088256,0.093964,0.043045,0.054768,0.069943,0.064506,0.07167,0.060312
2022-08-14 17:15:00,0.048691,0.073498,0.07894,0.087978,0.044678,0.053034,0.066173,0.05619,0.057911,0.061388
2022-08-14 17:20:00,0.044388,0.068424,0.070441,0.076897,0.048102,0.05323,0.062195,0.048896,0.045206,0.062317
2022-08-14 17:25:00,0.041487,0.066056,0.064169,0.063432,0.050839,0.054088,0.057689,0.043429,0.038293,0.060318
2022-08-14 17:30:00,0.039483,0.064793,0.059148,0.051815,0.052763,0.054776,0.05304,0.040153,0.036571,0.056371
2022-08-14 17:35:00,0.036883,0.062489,0.05493,0.043886,0.051998,0.052309,0.048465,0.037436,0.036576,0.050935
2022-08-14 17:40:00,0.033466,0.05799,0.05093,0.038441,0.047702,0.046135,0.044164,0.033941,0.033885,0.044628
2022-08-14 17:45:00,0.029529,0.052472,0.046762,0.033874,0.041631,0.03817,0.040113,0.02992,0.02951,0.038593
2022-08-14 17:50:00,0.025303,0.04755,0.042702,0.030767,0.036858,0.031374,0.035434,0.025435,0.025127,0.033307
2022-08-14 17:55:00,0.020983,0.043464,0.038522,0.029144,0.034896,0.027571,0.031193,0.020809,0.021584,0.02886
2022-08-14 18:00:00,0.016529,0.03925,0.033887,0.028492,0.03446,0.025834,0.027144,0.016179,0.018546,0.024856
2022-08-14 18:05:00,0.012056,0.034475,0.02921,0.027396,0.032835,0.023254,0.022412,0.011546,0.014758,0.019655
2022-08-14 18:10:00,0.007862,0.028844,0.02494,0.024949,0.028562,0.018782,0.018028,0.007308,0.009652,0.013246
2022-08-14 18:15:00,0.004101,0.022783,0.021238,0.021536,0.022608,0.013124,0.013799,0.00368,0.003972,0.006087
2022-08-14 18:20:00,0.001023,0.016356,0.016638,0.017518,0.016099,0.007492,0.00888,0.000981,0.0,0.0
2022-08-14 18:25:00,0.0,0.010239,0.010918,0.013217,0.010352,0.002878,0.004364,0.0,0.0,0.0
2022-08-14 18:30:00,0.0,0.004466,0.004626,0.008801,0.005277,0.0,0.000175,0.0,0.0,0.0
2022-08-14 18:35:00,0.0,0.0,0.0,0.004558,0.001245,0.0,0.0,0.0,0.0,0.0
2022-08-14 18:40:00,0.0,0.0,0.0,0.000819,0.0,0.0,0.0,0.0,0.0,0.0
2022-08-14 18:45:00,0.0,0.0,0.0,0.0,0.0,0.0,0.0,0.0,0.0,0.0
2022-08-14 18:50:00,0.0,0.0,0.0,0.0,0.0,0.0,0.0,0.0,0.0,0.0
2022-08-14 18:55:00,0.0,0.0,0.0,0.0,0.0,0.0,0.0,0.0,0.0,0.0
2022-08-14 19:00:00,0.0,0.0,0.0,0.0,0.0,0.0,0.0,0.0,0.0,0.0
2022-08-14 19:05:00,0.0,0.0,0.0,0.0,0.0,0.0,0.0,0.0,0.0,0.0
2022-08-14 19:10:00,0.0,0.0,0.0,0.0,0.0,0.0,0.0,0.0,0.0,0.0
2022-08-14 19:15:00,0.0,0.0,0.0,0.0,0.0,0.0,0.0,0.0,0.0,0.0
2022-08-14 19:20:00,0.0,0.0,0.0,0.0,0.0,0.0,0.0,0.0,0.0,0.0
2022-08-14 19:25:00,0.0,0.0,0.0,0.0,0.0,0.0,0.0,0.0,0.0,0.0
2022-08-14 19:30:00,0.0,0.0,0.0,0.0,0.0,0.0,0.0,0.0,0.0,0.0
2022-08-14 19:35:00,0.0,0.0,0.0,0.0,0.0,0.0,0.0,0.0,0.0,0.0
2022-08-14 19:40:00,0.0,0.0,0.0,0.0,0.0,0.0,0.0,0.0,0.0,0.0
2022-08-14 19:45:00,0.0,0.0,0.0,0.0,0.0,0.0,0.0,0.0,0.0,0.0
2022-08-14 19:50:00,0.0,0.0,0.0,0.0,0.0,0.0,0.0,0.0,0.0,0.0
2022-08-14 19:55:00,0.0,0.0,0.0,0.0,0.0,0.0,0.0,0.0,0.0,0.0
2022-08-14 20:00:00,0.0,0.0,0.0,0.0,0.0,0.0,0.0,0.0,0.0,0.0
2022-08-14 20:05:00,0.0,0.0,0.0,0.0,0.0,0.0,0.0,0.0,0.0,0.0
2022-08-14 20:10:00,0.0,0.0,0.0,0.0,0.0,0.0,0.0,0.0,0.0,0.0
2022-08-14 20:15:00,0.0,0.0,0.0,0.0,0.0,0.0,0.0,0.0,0.0,0.0
2022-08-14 20:20:00,0.0,0.0,0.0,0.0,0.0,0.0,0.0,0.0,0.0,0.0
2022-08-14 20:25:00,0.0,0.0,0.0,0.0,0.0,0.0,0.0,0.0,0.0,0.0
2022-08-14 20:30:00,0.0,0.0,0.0,0.0,0.0,0.0,0.0,0.0,0.0,0.0
2022-08-14 20:35:00,0.0,0.0,0.0,0.0,0.0,0.0,0.0,0.0,0.0,0.0
2022-08-14 20:40:00,0.0,0.0,0.0,0.0,0.0,0.0,0.0,0.0,0.0,0.0
2022-08-14 20:45:00,0.0,0.0,0.0,0.0,0.0,0.0,0.0,0.0,0.0,0.0
2022-08-14 20:50:00,0.0,0.0,0.0,0.0,0.0,0.0,0.0,0.0,0.0,0.0
2022-08-14 20:55:00,0.0,0.0,0.0,0.0,0.0,0.0,0.0,0.0,0.0,0.0
2022-08-14 21:00:00,0.0,0.0,0.0,0.0,0.0,0.0,0.0,0.0,0.0,0.0
2022-08-14 21:05:00,0.0,0.0,0.0,0.0,0.0,0.0,0.0,0.0,0.0,0.0
2022-08-14 21:10:00,0.0,0.0,0.0,0.0,0.0,0.0,0.0,0.0,0.0,0.0
2022-08-14 21:15:00,0.0,0.0,0.0,0.0,0.0,0.0,0.0,0.0,0.0,0.0
2022-08-14 21:20:00,0.0,0.0,0.0,0.0,0.0,0.0,0.0,0.0,0.0,0.0
2022-08-14 21:25:00,0.0,0.0,0.0,0.0,0.0,0.0,0.0,0.0,0.0,0.0
2022-08-14 21:30:00,0.0,0.0,0.0,0.0,0.0,0.0,0.0,0.0,0.0,0.0
2022-08-14 21:35:00,0.0,0.0,0.0,0.0,0.0,0.0,0.0,0.0,0.0,0.0
2022-08-14 21:40:00,0.0,0.0,0.0,0.0,0.0,0.0,0.0,0.0,0.0,0.0
2022-08-14 21:45:00,0.0,0.0,0.0,0.0,0.0,0.0,0.0,0.0,0.0,0.0
2022-08-14 21:50:00,0.0,0.0,0.0,0.0,0.0,0.0,0.0,0.0,0.0,0.0
2022-08-14 21:55:00,0.0,0.0,0.0,0.0,0.0,0.0,0.0,0.0,0.0,0.0
2022-08-14 22:00:00,0.0,0.0,0.0,0.0,0.0,0.0,0.0,0.0,0.0,0.0
2022-08-14 22:05:00,0.0,0.0,0.0,0.0,0.0,0.0,0.0,0.0,0.0,0.0
2022-08-14 22:10:00,0.0,0.0,0.0,0.0,0.0,0.0,0.0,0.0,0.0,0.0
2022-08-14 22:15:00,0.0,0.0,0.0,0.0,0.0,0.0,0.0,0.0,0.0,0.0
2022-08-14 22:20:00,0.0,0.0,0.0,0.0,0.0,0.0,0.0,0.0,0.0,0.0
2022-08-14 22:25:00,0.0,0.0,0.0,0.0,0.0,0.0,0.0,0.0,0.0,0.0
2022-08-14 22:30:00,0.0,0.0,0.0,0.0,0.0,0.0,0.0,0.0,0.0,0.0
2022-08-14 22:35:00,0.0,0.0,0.0,0.0,0.0,0.0,0.0,0.0,0.0,0.0
2022-08-14 22:40:00,0.0,0.0,0.0,0.0,0.0,0.0,0.0,0.0,0.0,0.0
2022-08-14 22:45:00,0.0,0.0,0.0,0.0,0.0,0.0,0.0,0.0,0.0,0.0
2022-08-14 22:50:00,0.0,0.0,0.0,0.0,0.0,0.0,0.0,0.0,0.0,0.0
2022-08-14 22:55:00,0.0,0.0,0.0,0.0,0.0,0.0,0.0,0.0,0.0,0.0
2022-08-14 23:00:00,0.0,0.0,0.0,0.0,0.0,0.0,0.0,0.0,0.0,0.0
2022-08-14 23:05:00,0.0,0.0,0.0,0.0,0.0,0.0,0.0,0.0,0.0,0.0
2022-08-14 23:10:00,0.0,0.0,0.0,0.0,0.0,0.0,0.0,0.0,0.0,0.0
2022-08-14 23:15:00,0.0,0.0,0.0,0.0,0.0,0.0,0.0,0.0,0.0,0.0
2022-08-14 23:20:00,0.0,0.0,0.0,0.0,0.0,0.0,0.0,0.0,0.0,0.0
2022-08-14 23:25:00,0.0,0.0,0.0,0.0,0.0,0.0,0.0,0.0,0.0,0.0
2022-08-14 23:30:00,0.0,0.0,0.0,0.0,0.0,0.0,0.0,0.0,0.0,0.0
2022-08-14 23:35:00,0.0,0.0,0.0,0.0,0.0,0.0,0.0,0.0,0.0,0.0
2022-08-14 23:40:00,0.0,0.0,0.0,0.0,0.0,0.0,0.0,0.0,0.0,0.0
2022-08-14 23:45:00,0.0,0.0,0.0,0.0,0.0,0.0,0.0,0.0,0.0,0.0
2022-08-14 23:50:00,0.0,0.0,0.0,0.0,0.0,0.0,0.0,0.0,0.0,0.0
2022-08-14 23:55:00,0.0,0.0,0.0,0.0,0.0,0.0,0.0,0.0,0.0,0.0
2022-08-15 00:00:00,0.0,0.0,0.0,0.0,0.0,0.0,0.0,0.0,0.0,0.0
